No,year,month,day,hour,PM2.5,PM10,SO2,NO2,CO,O3,TEMP,PRES,DEWP,RAIN,wd,WSPM,station
1,2013,3,1,0,76.98685661204493,107.58286290317979,19.851134773565047,,1628.171261499168,64.04747505315504,8.411249147111523,1009.0148080117392,-0.13314751222750054,0.0,NNW,2.3080763977989287,Aotizhongxin
2,2013,3,1,1,84.19837076043582,116.80507140650073,13.982820828098966,58.53622486311596,1805.0424917885734,45.250595198778896,8.34009619545313,1010.4271641579396,-0.6703737932128315,0.0,NNW,2.706978722257232,Aotizhongxin
3,2013,3,1,2,94.02455355976296,143.83720394784532,,47.49637272924086,1981.7308307203134,45.781749553232814,4.212901292254333,1008.6367271318281,-5.975488389521994,0.0,NNW,1.5149567093953324,Aotizhongxin
4,2013,3,1,3,106.3298764209915,138.09503571467795,,71.93131637245983,2063.0325088449645,37.73209796539316,8.417162935078267,1010.3570525877265,-3.639893845559121,0.0,NNW,2.4285852874614116,Aotizhongxin
5,2013,3,1,4,110.16082160003488,146.59995784858285,20.08671158162505,50.66564704970447,2268.9010633412677,42.702946175870515,6.176044212352796,1009.0200366627022,-4.564222486154055,0.0,NNW,1.5211775667651226,Aotizhongxin
6,2013,3,1,5,,167.47282994705265,13.918703387391137,59.32033586356044,2299.2983135134573,41.3548910828642,4.060628148104904,1006.7039668084362,-2.290826953022861,0.0,NNW,0.48502285733415107,Aotizhongxin
7,2013,3,1,6,119.56036292073456,161.42915873718977,13.391259940382845,68.8320209927359,2324.7198341379462,43.910786773973975,6.66113501700619,1004.9051838991679,-1.3511933344626406,0.0,NNW,2.365891705748066,Aotizhongxin
8,2013,3,1,7,121.60787662601825,179.25635804974144,19.1679313106434,57.48998624816051,2321.7499959764777,39.33384262741778,12.131498746325228,1009.2466642605948,5.384807120706332,0.0,NNW,3.6595064107357613,Aotizhongxin
9,2013,3,1,8,116.73296640713954,180.42051280008243,20.07084520917203,64.4310607611235,2263.57123866805,40.065902605077994,14.276653263418385,1007.5345674278802,5.402882869555842,0.0,NNW,1.0432829143606983,Aotizhongxin
10,2013,3,1,9,114.13564790354667,155.771956795549,15.159940422719568,61.07074425415731,2130.9908113724678,60.86256847472233,15.027140222340753,1005.2277129627323,6.879636731952113,0.0,NNW,2.1435038682974277,Aotizhongxin
11,2013,3,1,10,106.06877369670039,155.3099064411336,14.233919768570974,53.503405840618235,2134.6635591229547,32.25640929802823,17.813067005611984,1006.4352392020602,12.23280325705031,0.0,NNW,3.047804119682284,Aotizhongxin
12,2013,3,1,11,96.970426035495,124.2216736362944,17.978513114991006,56.835585210774894,1953.5985925821358,70.48562247372936,18.253084589411042,1011.5811716346334,12.582168497897168,0.0,NNW,1.9184113396791957,Aotizhongxin
13,2013,3,1,12,90.17370376868351,133.790518256835,16.688563441371393,43.173113658738885,1743.974640198265,57.101780911316034,24.053231922218487,1009.448387614469,17.466190121106898,0.0,NNW,0.8585327244027958,Aotizhongxin
14,2013,3,1,13,74.75601143697669,106.65265587163503,13.292681593323614,41.675947648460024,1483.3505526377005,72.17939199124606,22.178603407682687,1017.0133902127199,14.482230088618316,0.0,NNW,2.0359665571841172,Aotizhongxin
15,2013,3,1,14,60.62091146000019,89.59965886560241,14.840605163558227,44.17177501990323,1275.1118922831317,69.24340319406399,25.926369929575806,1012.6258594312814,18.703324070899665,0.0,NNW,3.192287985223188,Aotizhongxin
16,2013,3,1,15,152.1585579074399,206.5662603500619,7.941859206906824,37.18335405647578,1972.329036093599,70.65225323414741,27.028063552997708,1015.5348124552182,19.584021000965794,0.0,NNW,1.5947724057293111,Aotizhongxin
17,2013,3,1,16,143.33967474816544,,9.602068229816895,33.9676302508249,1888.1985814466457,86.49640702255324,24.731491594219946,1016.6483509512428,16.48110140373877,0.0,NNW,2.1857942840385016,Aotizhongxin
18,2013,3,1,17,141.59965140340765,203.27203261226572,15.11400368590568,16.488046656484393,1717.9070437317966,94.56942874337113,25.111671087027688,1015.3708736529717,16.50511637286709,0.0,NNW,1.157177863829229,Aotizhongxin
19,2013,3,1,18,136.94532988999487,171.08943032119825,10.204966389819452,29.198340604010575,1639.6833369887927,89.73007954967404,24.842527373904016,1012.5203459388441,18.526079291855705,0.0,NNW,1.9204216209696923,Aotizhongxin
20,2013,3,1,19,132.3183402959816,182.07217149194892,10.549308412315655,18.653493146462594,1749.5584305319892,78.72698779039789,20.401953198816106,1017.2114193266779,10.458511875471903,0.0,NNW,2.309353231555147,Aotizhongxin
21,2013,3,1,20,141.17794804680676,207.06094592972914,17.587712738981025,17.428172086087017,1693.6564934814562,117.76413572276766,17.32523772637729,1014.8236470387177,11.556275142250252,0.0,NNW,2.1006822429496967,Aotizhongxin
22,2013,3,1,21,145.04240152279732,204.9783394906466,7.26643959652095,30.284213605989297,1827.0699592951273,89.66340623832622,14.899720713672727,1015.7686107611656,6.486556503551005,0.0,NNW,1.6548020958027712,Aotizhongxin
23,2013,3,1,22,151.52571777714545,231.61943133590174,14.889291099926329,27.765638506787276,1999.8628475916207,81.83342304207254,11.29732769496666,1014.2553378955225,1.3262474379201354,0.0,NNW,2.3543941648929523,Aotizhongxin
24,2013,3,1,23,153.06215367921595,224.53810667672008,18.69786361391169,46.14856084866938,2042.9479380024673,62.940833820141,8.851624310894694,1013.8206777216562,0.0333670243497759,0.0,NNW,2.5355980456440013,Aotizhongxin
25,2013,3,2,0,158.6491941341909,215.5698879046115,14.025426220504361,51.51628367756259,2324.8010062138574,53.74834211710961,8.592542333873078,1015.1237402413121,-0.7190694967638322,0.0,NNW,2.588479196253459,Aotizhongxin
26,2013,3,2,1,166.857455846106,233.87357198306276,18.87298758607714,34.955371010598874,2481.2325283351115,50.73113311400759,6.093821228931686,1009.6135387490332,-2.769690299224089,0.0,NNW,1.765657091936785,Aotizhongxin
27,2013,3,2,2,169.48891018334115,236.81076723123323,14.553941508367286,48.37357968338488,2527.1716201059635,58.31406544392483,5.832095502386216,1008.562310691315,-3.0588347756445313,0.0,NNW,1.5031927572888988,Aotizhongxin
28,2013,3,2,3,177.20490569232027,232.26510033578708,16.475336719230683,47.46384224838696,2764.4626639720686,32.41628709957803,2.765095775221143,1005.1328714885594,-6.185446381841691,1.2401720266314737,NNW,3.570495209318761,Aotizhongxin
29,2013,3,2,4,179.5699096105818,241.99388428997096,20.485026267065095,58.61947386294565,2855.434059818621,27.667326590845867,5.201813499328607,1007.2795050788792,-3.2601221028811453,0.0,NNW,2.110099328959352,Aotizhongxin
30,2013,3,2,5,181.40014728654756,248.352597131368,22.22532915077711,67.95992188473195,2831.912976393505,41.24732967638347,7.884922737291309,1007.9901108471046,-0.21223726080029942,0.0,NNW,1.7940101499182415,Aotizhongxin
31,2013,3,2,6,180.01554604895793,231.6595594399817,23.362809537218737,63.06169521457289,2817.5909595132634,38.1919644464212,6.250545772670497,1006.0330102448579,-0.6036647745580512,0.0,NNW,0.8183343714796545,Aotizhongxin
32,2013,3,2,7,186.40243357566573,261.4383416884485,24.53851489226382,59.60044260044428,2990.569900508077,28.148718963864333,10.024789621201826,1008.0032318693657,1.6573606732211765,0.0,NNW,1.2540155384645308,Aotizhongxin
33,2013,3,2,8,183.35143200157512,254.20128635567474,19.12778734325665,72.72192029019389,2849.2797086305845,27.437329121236782,9.629895582627176,1007.3148559300994,2.1189267925685678,0.0,NNW,1.4861454321042329,Aotizhongxin
34,2013,3,2,9,174.35302960781476,227.3653024378249,22.1163691714505,40.70327824296064,2690.48318198558,56.70130040402063,13.04180696659024,1005.8599336181293,5.053103934663047,0.0,NNW,2.3515308136954243,Aotizhongxin
35,2013,3,2,10,171.4300058206311,244.04413680165683,16.473085469652553,,2639.6173438970295,51.07004425299562,18.79968178254228,1010.1239701423663,11.61055293828172,0.0,NNW,1.7150181935262319,Aotizhongxin
36,2013,3,2,11,159.31120257382264,230.1944110502613,19.000369160277412,45.822074556806534,2393.113770381741,39.89416523515665,19.536073560030577,1010.2942405073574,11.606086569514368,0.0,NNW,2.012157837078928,Aotizhongxin
37,2013,3,2,12,152.38208560076603,215.60526462972132,15.622466393556545,44.375127919097686,2193.7756555101687,47.06374463917706,24.80417711017329,1012.2455156428188,15.833944447197833,0.0,NNW,0.8534000830182513,Aotizhongxin
38,2013,3,2,13,136.7788337521713,188.2496855009501,15.042938495733168,35.60471239618872,1994.7110400007398,62.85535640305832,24.308918703480856,1012.1601954590917,14.931619224519977,0.0,NNW,3.1235430712927084,Aotizhongxin
39,2013,3,2,14,124.23066090965321,179.83734679103304,13.770523622066115,47.343104844312954,1845.7780016432127,79.82841806997634,25.455151760224666,1013.1891949540183,17.77049615798099,0.0,NNW,1.4100079987086698,Aotizhongxin
40,2013,3,2,15,118.80490241753328,,6.650351064673828,21.01003640182698,1567.9872285481867,83.62775755074648,23.38527692515765,1015.8503555210388,17.29534466000861,0.0,NNW,2.188098024965664,Aotizhongxin
41,2013,3,2,16,116.99121005957818,166.8617297806063,7.297507404495487,27.773382882086715,1575.117981990889,92.96742046462313,24.081600197624002,1015.868927194838,15.7379132571094,0.0,NNW,1.5755519698914633,Aotizhongxin
42,2013,3,2,17,114.67967050919917,152.30541620853123,10.477995188007228,29.900992689098608,1600.2199034870464,69.24464758261874,22.561299764772972,1020.2781856297839,13.510004284030668,0.0,NNW,1.7454943093972692,Aotizhongxin
43,2013,3,2,18,113.19485216831826,161.2388006907574,4.938162761076494,12.11197785691866,1479.9653972918704,87.23846689779657,20.472905202539597,1018.5974610243223,12.088649189632243,0.0,NNW,1.3647634547119207,Aotizhongxin
44,2013,3,2,19,113.01266259728907,170.17253414445946,12.664004178153924,18.322298110649403,1595.036398284256,98.40724898044031,20.9958396891442,1017.9196376503808,12.153747922790467,0.0,NNW,2.237042598046186,Aotizhongxin
45,2013,3,2,20,110.09558731095824,148.1675316492242,13.284540879942233,26.494063656325395,1605.0917279418811,94.97865239937195,18.884964249678227,1015.9751654159194,9.884493471010355,0.0,NNW,1.2157262270780889,Aotizhongxin
46,2013,3,2,21,111.98376915531614,177.7566702087669,12.445977752700633,23.764544098794047,1609.7509849934625,81.26676934379054,15.598405791251174,1011.4834870089798,5.433013919000797,0.0,NNW,2.2514037712183743,Aotizhongxin
47,2013,3,2,22,116.3544175070734,157.6398751700489,9.136597961726231,28.475265830246794,1702.408374812137,95.98018508653877,11.169708759135812,1012.8848101447646,2.803096329742979,0.0,NNW,1.9049396038887625,Aotizhongxin
48,2013,3,2,23,127.81833505887343,179.26973921582416,17.846321591092938,37.02471779333807,1904.6511187224971,72.56332729172165,10.496095052646197,1011.9995083203439,2.849760783411278,0.0,NNW,2.504015855623445,Aotizhongxin
49,2013,3,3,0,136.9573795702229,185.0154754382487,21.111631919155073,50.196650653169385,2228.889761161855,70.42746632841343,5.05991458593604,1011.4500312274201,-4.562941649861038,0.0,NNW,2.5829451669978196,Aotizhongxin
50,2013,3,3,1,137.6697903018476,194.97041478178923,16.735325707850524,47.434638687025256,2298.607162802451,53.97400306019205,8.324259865217673,1010.6391857757075,-0.9932497601841077,0.0,NNW,1.7459357513158473,Aotizhongxin
51,2013,3,3,2,146.20155482635116,187.25995983053886,19.03160613535371,63.62740955578357,2375.8819872011463,39.69024707155713,3.393516473653162,1010.812149930971,-6.0285765180791575,0.0,NNW,2.2928251217936424,Aotizhongxin
52,2013,3,3,3,150.87442914028233,205.76378280822803,19.14074987032087,51.16007336245611,2459.430468015857,33.57023846254885,3.3193115263423048,1009.0107572162074,-6.760705424226998,0.0,NNW,1.6413742491715586,Aotizhongxin
53,2013,3,3,4,152.93429981699524,203.18680774030764,20.92123458591859,52.305129991901154,2575.7366118288,40.16551705333324,5.513680141464606,1009.9882793640176,-3.9197080139942946,0.0,NNW,3.052862205690193,Aotizhongxin
54,2013,3,3,5,158.3780176474976,223.08260818541953,19.470952861566154,79.72927977155044,2665.5858180264463,33.736834274271224,6.645985302518683,1006.5465669215162,-1.6507993407202557,0.0,NNW,1.7128158449627844,Aotizhongxin
55,2013,3,3,6,163.52424094880934,238.87841108342212,19.89630728046859,59.73633497867591,2646.025990710007,17.314143300865187,7.819809290456847,1007.5143258883403,-2.193277418610411,0.0,NNW,1.8385783420182107,Aotizhongxin
56,2013,3,3,7,166.22713621394618,,22.546781932937435,53.831220469204084,2720.1894836879596,25.593918493515883,8.334808088526556,1007.8580593241122,0.12849438732930155,0.0,NNW,1.624952481619011,Aotizhongxin
57,2013,3,3,8,159.87325344591673,200.1059612156945,26.366999504611517,48.38407654151413,2691.5164053216963,35.1653291648481,14.11183153937973,1008.1613255497949,5.056631350689108,0.0,NNW,1.4135389683935784,Aotizhongxin
58,2013,3,3,9,153.86884526457516,235.83707989968403,14.335320202727521,67.74296325420246,2423.8256405303964,49.595124229707906,12.471076198396124,1011.0282465899476,3.0776031101656818,0.0,NNW,3.6269583141818122,Aotizhongxin
59,2013,3,3,10,148.98069555459298,211.52577318263886,17.1885625467911,52.269563882719524,2433.1747626936067,47.33926113837926,15.363286965352538,1011.1075486454944,7.929100189912237,0.0,NNW,2.389129281825375,Aotizhongxin
60,2013,3,3,11,145.64744741615803,196.1414349776912,12.75271376981636,48.14670302151923,2337.4470958730117,52.808881767431835,19.839525842068277,1008.0670983354846,10.879337434097422,0.0,NNW,2.0544697344026726,Aotizhongxin
61,2013,3,3,12,135.96617911170125,,19.77607469572825,43.72638630730688,2059.7015656388917,50.13087372996684,20.174716839098895,1011.7713378018814,11.46969603999742,0.0,NNW,1.6190232523938655,Aotizhongxin
62,2013,3,3,13,127.45897185197036,180.20445881778542,11.9426908665277,47.92716217530783,2000.8529446843077,66.702136928184,25.494191952258273,1013.266147861053,19.4412021672586,0.0,NNW,2.8904894082156742,Aotizhongxin
63,2013,3,3,14,115.79820330902189,155.448997463115,8.17039761864262,33.56376132819264,1691.8687733497582,85.69101027445987,22.89193630977131,1018.80308212739,13.511852859158353,0.0,NNW,1.5634874879901894,Aotizhongxin
64,2013,3,3,15,104.80017337710278,148.69940940136465,13.379027090612984,49.61029460693007,1577.6128076352236,79.23342065724924,27.33554072831547,1014.8759515434418,21.684352549704016,0.0,NNW,2.0966233526240217,Aotizhongxin
65,2013,3,3,16,103.28271798874283,138.52108230803688,15.902806325307141,28.749576516745062,1464.5129481629858,66.57749927979235,26.21194151154804,1014.3651592122499,17.69025481796905,0.0,NNW,3.762361241366256,Aotizhongxin
66,2013,3,3,17,105.71066542788722,143.95131167214188,12.161164474236948,34.1757616098852,1443.9651750493404,71.63291771418139,25.512837641105765,1017.7062799903987,15.808635691797818,0.0,NNW,1.2341976525219214,Aotizhongxin
67,2013,3,3,18,104.40039973023795,139.2977682647823,10.614393631845752,31.441918863235255,1404.3382443540013,90.88788877223153,24.90172678629534,1017.9939714392475,16.070804274702315,0.0,NNW,2.4316595635593363,Aotizhongxin
68,2013,3,3,19,109.43675653313399,138.88474624899104,11.39779363688264,25.38990491215433,1524.0524957925454,81.90499090500052,20.12184188614365,1016.682083403986,12.225004246077205,0.0,NNW,2.23083614312397,Aotizhongxin
69,2013,3,3,20,113.88031330846341,160.8908033340026,14.914394969554472,22.98372403614752,1607.0726178405043,80.90483279357582,16.068728557295273,1015.8896050129804,9.950484347056342,0.0,NNW,2.4225274096777722,Aotizhongxin
70,2013,3,3,21,116.06739296797966,168.34734452033487,8.841868284024812,33.51357580480148,1642.4753212903588,71.55032777951612,14.845488186347039,1017.433341818057,8.04372539919196,0.0,NNW,1.7720771220121763,Aotizhongxin
71,2013,3,3,22,123.72617882560971,178.3654863166173,12.164458687741059,39.080789849658174,1721.8110199212638,77.53412212199913,11.561811140861348,1012.7928036914803,3.65767141561491,0.0,NNW,1.5261953996109074,Aotizhongxin
72,2013,3,3,23,137.11375373839797,200.1585077601095,12.347834328958792,35.24293071293735,2013.5409201978946,63.46129899510955,8.936213091229419,1012.6121885397755,2.8261470634631047,0.0,NNW,2.181194366902002,Aotizhongxin
73,2013,3,4,0,144.7350209350338,205.87243140919597,11.496404078124868,46.330710927605246,2178.980885450805,58.133867782713956,8.155212343344774,1010.9557002757732,-2.666343228456455,0.0,NNW,1.635176567812192,Aotizhongxin
74,2013,3,4,1,158.75816691136544,216.93417869374258,15.308969447262196,60.06602072812718,2362.75720276261,45.01728995580572,5.872189640843993,1012.8936939697286,-1.7536480640662262,0.0,NNW,0.2,Aotizhongxin
75,2013,3,4,2,155.51461514193085,226.11709984301504,20.823163287947345,71.55958191255743,2537.4784854944874,56.7169129814277,4.212427210633822,1010.0709884065727,-3.322663199427776,0.0,NNW,1.3404272097673782,Aotizhongxin
76,2013,3,4,3,165.01542859502817,217.44642463462006,20.235340351110914,65.97709018652633,2524.7696779898115,40.111002554172096,4.631896411119112,1006.3344778994247,-2.884889887512412,0.0,NNW,1.746666400697721,Aotizhongxin
77,2013,3,4,4,170.13117554591759,229.1769319391598,21.26305851924679,77.22258556673103,2596.5953803684374,44.428168236586636,6.164209433414874,1005.7408601945523,-4.251017315568189,0.0,NNW,1.137720676955893,Aotizhongxin
78,2013,3,4,5,171.932158819193,231.06302163263774,20.269055966405297,59.28352283612972,2725.285856084288,23.915938702433117,7.774371772044659,1010.917201115779,-1.7509968304730514,0.0,NNW,2.1207894531936153,Aotizhongxin
79,2013,3,4,6,173.32142713666298,253.45055858272124,21.569971348185767,70.61505801647435,2822.0926437978765,52.338831383786086,5.52454631834804,1009.166435496214,-2.725165314888549,0.0,NNW,1.3939230585107185,Aotizhongxin
80,2013,3,4,7,164.34892626693144,239.51638191510477,17.427858104401025,75.02667259443155,2648.3695087793867,48.62559472790552,9.545198370507187,1008.8534714316016,3.2173856279494037,0.0,NNW,1.9652488820656937,Aotizhongxin
81,2013,3,4,8,160.4732260404425,229.53556882706945,18.401597361140507,55.14984141191281,2581.147423911012,19.251388208799764,12.199794740762735,1007.6943668630245,7.072691484339228,0.0,NNW,3.734298149154752,Aotizhongxin
82,2013,3,4,9,157.13411764855277,230.70706336009184,19.11154661683877,55.25741472737088,2587.466720471949,34.30295571969916,13.226219966658553,1011.481412574308,4.229567089283419,0.0,NNW,2.981602058902518,Aotizhongxin
83,2013,3,4,10,156.8324903919224,210.77265872457144,18.33254757664567,68.903238094682,2477.787319275267,52.276343910098845,17.408631851464158,1007.2931904280434,7.443861663507514,0.0,NNW,2.4731935524024875,Aotizhongxin
84,2013,3,4,11,147.52398087190343,210.0195244192746,17.254658790278224,42.3755900557549,2302.572510497656,40.33223731094694,20.22199341431004,1012.2118397988963,13.445635568947724,0.0,NNW,3.447383121045493,Aotizhongxin
85,2013,3,4,12,136.52543510725505,189.8838648663254,14.584994153950866,34.270959738754314,2131.2749268313164,58.684059178366745,22.84931962978696,1011.1134529869489,18.770874646738285,0.0,NNW,1.9419312627257508,Aotizhongxin
86,2013,3,4,13,126.75383557984128,185.92419085062693,12.573634571096406,52.04747168706567,1889.2434189340777,70.73679398733098,23.77599107629189,1012.7963085862021,17.43640202624367,0.0,NNW,1.950073745503183,Aotizhongxin
87,2013,3,4,14,123.1800154037252,171.29977923969332,21.973313849132897,44.574105799843515,1766.4909195268924,70.65274088020516,23.33783414789435,1015.9515785296647,14.21488506190331,0.0,NNW,1.155522986910352,Aotizhongxin
88,2013,3,4,15,118.28181640676753,161.74511408537373,14.18482791286446,34.31482632813921,1703.900782407593,83.06605656503464,28.01804504135777,1015.2484188885697,24.309753981183587,0.0,NNW,3.0225241362685886,Aotizhongxin
89,2013,3,4,16,111.39521691376264,161.3623888648776,11.909315408935674,27.31380588714461,1477.507234757266,74.71733604859214,25.902948420323078,1015.4607272999997,18.933147851026447,0.0,NNW,3.5655940792564493,Aotizhongxin
90,2013,3,4,17,110.45127397107716,163.39347523142035,9.470745373935477,22.173287429378778,1390.1038689330628,61.70633023554549,24.489333654819188,1015.8393138352695,15.302813834431648,0.5256888608469388,NNW,2.725927721558536,Aotizhongxin
91,2013,3,4,18,109.81735895714138,147.0608505915299,8.64634351916837,27.25559099047241,1456.8746629757384,94.82115312165061,23.57831469738188,1013.0273085089777,18.479767946888447,0.0,NNW,3.1387088741189046,Aotizhongxin
92,2013,3,4,19,114.71416413060088,159.98907306931747,9.77796908737379,38.31993913343103,1577.8866469824643,93.90629219325201,20.366913757715714,1018.3560363699967,11.061926040617454,0.0,NNW,0.2,Aotizhongxin
93,2013,3,4,20,114.90296443023036,150.27974386590597,11.548359511837857,29.588020933447837,1585.5915388774076,106.68700151749428,19.517641779308143,1014.3168668733247,10.586009001315228,0.0,NNW,3.871757078864742,Aotizhongxin
94,2013,3,4,21,118.35987452177602,140.723214155557,5.823159461878018,48.19353851424477,1706.9008589057398,55.60580435032054,15.085307925428648,1019.2523527172514,8.175239158940334,0.0,NNW,1.9165254429791785,Aotizhongxin
95,2013,3,4,22,123.0046453448438,174.2110997969186,7.791831213875947,27.81646411487815,1683.222447237592,80.00832109346817,12.414430739386068,1013.92477490037,4.377072762552186,0.0,NNW,3.8847745127509015,Aotizhongxin
96,2013,3,4,23,124.38601419923968,180.22947344148187,11.79525760767052,39.66617306332341,1907.3353359690834,46.78365474672918,10.95284271818681,1015.9129748204045,3.0083534161939602,0.0,NNW,3.3853203472343045,Aotizhongxin
97,2013,3,5,0,,189.28976141567034,15.621418310335706,42.015530658688675,2099.3737585167078,77.56493281675318,10.29346850757091,1008.3819379346346,2.3515057600351064,0.0,NNW,2.617940328869783,Aotizhongxin
98,2013,3,5,1,142.14385910236882,179.50578556577267,15.57627578405705,41.49524855675175,2173.1386197294246,58.40819220939708,8.607818885089573,1012.1688708168846,2.2795387738948145,0.0,NNW,1.7255717559885633,Aotizhongxin
99,2013,3,5,2,149.39974157586303,205.6511439054435,21.934363678298453,53.77533013592276,2438.3008121342314,37.98071152323747,6.230013134499311,1011.4771114650237,-5.256572825068123,0.0,NNW,2.1265913015032427,Aotizhongxin
100,2013,3,5,3,154.6745964779589,194.36095746863163,14.088343544945431,62.480770037014466,2514.6635394730006,50.12455521635067,5.774917787865199,1011.0715933627961,-1.7983113833050957,0.0,NNW,0.47198035056495646,Aotizhongxin
101,2013,3,5,4,153.78067218769394,228.98995213931335,17.07609061011208,66.51434951530501,2730.2223740956274,32.818914828219675,6.384805353754047,1004.6137954355046,-2.0504997118667303,0.0,NNW,2.7446395286322445,Aotizhongxin
102,2013,3,5,5,155.0951035717714,206.27259917929908,24.389904354418643,81.68213395733781,2518.2693556449617,38.856015338285985,7.81817733216051,1005.7649335943808,-1.3105667166354138,0.0,NNW,0.2,Aotizhongxin
103,2013,3,5,6,154.7464707169923,229.19909509838814,20.39335797402544,68.71573975778848,2706.4274841196757,37.05960716209084,9.877030097254387,1008.1530199055121,0.744325470354386,0.0,NNW,1.7610489008938697,Aotizhongxin
104,2013,3,5,7,150.51513642877785,220.17988743713042,22.484156879848815,73.5196109552183,2570.7835171195466,53.29353570424624,9.645123873994226,1007.4672548262429,-2.3105406298346036,0.0,NNW,3.234589923051165,Aotizhongxin
105,2013,3,5,8,146.87298090697493,196.61626974440426,25.483867848730583,62.84926204608058,2440.536423047573,56.498624006254154,14.38890148373088,1008.2565922662054,5.191274328329088,0.0,NNW,2.5765799027613037,Aotizhongxin
106,2013,3,5,9,143.72162565629634,189.8824264061374,16.45412065222727,72.56658042735171,2406.26796054674,36.34967673760125,15.514492671106959,1007.7438928824486,9.450186758515965,0.0,NNW,0.7760681910868215,Aotizhongxin
107,2013,3,5,10,145.05316582554204,206.57813431962222,17.202056986623905,74.18759428470456,2374.2992886712095,58.08105617996036,18.56458788477513,1012.6015972301113,11.812670201816438,0.0,NNW,0.927755602139968,Aotizhongxin
108,2013,3,5,11,138.51604842994502,185.4792274300923,15.476814522719991,54.42506194985802,2263.529338958821,57.07792542813995,22.072923982300992,1015.922835671047,13.785851338709254,0.0,NNW,1.5220514863025798,Aotizhongxin
109,2013,3,5,12,131.78167863976046,185.5191965172467,9.136220986550173,37.05872787638735,2140.3516435246925,45.87317932993088,23.191661187001493,1012.2079598480182,13.07477760424051,0.0,NNW,2.0627006268829184,Aotizhongxin
110,2013,3,5,13,123.71932362362016,168.37877716499904,12.774714363219488,35.433178915732235,1957.32162538317,59.508192323841214,25.034247382573646,1014.2009377165231,18.26705204096234,0.8184951624479473,NNW,2.7012406596089207,Aotizhongxin
111,2013,3,5,14,108.80881011549963,134.52075001704313,15.143186562141999,37.2554744256413,1622.2013798887722,95.86146099599624,24.07513046296705,1014.6124874912456,18.039903080457677,0.0,NNW,2.483310485995339,Aotizhongxin
112,2013,3,5,15,102.48955117810632,121.18069145810426,13.086234719503986,34.50984865827422,1593.5819315635376,81.25621354071022,27.24746731562452,1018.1036407040276,20.798759321821016,0.0,NNW,1.152996632237238,Aotizhongxin
113,2013,3,5,16,97.96291333993369,139.41492116085314,12.527122489241837,33.2668929993862,1456.8573930617379,91.64843088978618,25.70278832950487,1017.9883595874359,16.249699997025314,0.0,NNW,2.494986349948166,Aotizhongxin
114,2013,3,5,17,104.81886911473595,141.13083929732406,9.04384392663616,29.36306492405896,1419.4504713558108,82.02770253355679,23.849352614605134,1014.6968679901717,14.552034593311104,0.0,NNW,2.58026961158168,Aotizhongxin
115,2013,3,5,18,103.0272000442835,138.70718189285557,8.031708291983076,25.05587933004751,1413.622070680394,79.60058085280659,23.72267939220513,1015.7745959790107,18.20654628047145,0.0,NNW,2.3908161359802937,Aotizhongxin
116,2013,3,5,19,105.2556146249459,154.31649886586212,13.978137884250518,20.591895944601603,1420.1824535117037,84.42079073357145,23.88174574664075,1014.8110355454336,14.067839184395309,0.0,NNW,3.982547718124688,Aotizhongxin
117,2013,3,5,20,108.11378022126382,163.0937150760938,9.177921542004798,30.888598014425064,1520.354697353158,78.9895945421488,15.834803698292307,1021.7197716833132,8.552123746565663,0.0,NNW,2.581055167410591,Aotizhongxin
118,2013,3,5,21,108.20662674872243,148.7638302345933,12.346712210446904,45.6977632361143,1546.3274074004546,62.745140219347704,13.794401065615078,1016.806157473097,3.1277968450052867,0.0,NNW,2.774258372752973,Aotizhongxin
119,2013,3,5,22,118.99112144237893,163.18158295023187,,43.159428843422035,1700.5292678781593,62.46674542545969,16.43976751222862,1013.3086275477805,7.989294461167747,0.0,NNW,3.5006866858190113,Aotizhongxin
120,2013,3,5,23,129.23428222005037,185.92942543920935,18.091055823258746,44.101250695039155,1954.302596108533,73.54932127168536,10.640042263456564,1011.9429911442629,3.517767864558098,0.0,NNW,2.680093682439586,Aotizhongxin
121,2013,3,6,0,140.16298136129822,182.65881820882174,17.91423707301708,53.236535390582006,2152.7403783033674,56.193093108975894,8.215236706081877,1013.6104625459338,0.1702877703687075,0.0,NNW,1.5591554569419,Aotizhongxin
122,2013,3,6,1,144.2900028951949,204.23753460074983,12.40831936351124,,2248.467791197987,53.78657269271606,6.166667349662365,1012.5157450738056,-1.0474626687549735,0.0,NNW,2.9941622970089097,Aotizhongxin
123,2013,3,6,2,157.13660878586364,225.51011201843062,13.93734049967488,50.93387883133344,,49.849230504972105,7.153395738566477,1011.0962154261688,-2.685911874914141,0.0,NNW,1.6788846321436584,Aotizhongxin
124,2013,3,6,3,157.74240797029097,227.64167324258364,20.27226336014014,53.159854788803095,2531.760446912191,45.452830958523506,8.91687096321543,1007.6133513767678,-0.3131319835280528,0.0,NNW,1.2139133246918643,Aotizhongxin
125,2013,3,6,4,164.85739502342878,,19.13711407678469,61.31821509353327,2650.1305944449286,49.815155518542745,4.342958926009299,1008.2815602699061,-2.9343135062423977,0.0,NNW,1.2824179299728677,Aotizhongxin
126,2013,3,6,5,176.61623020180758,239.6491695844412,18.46411377958405,60.94246935210872,2832.3246212473728,24.864896192087976,6.194430871371614,1007.3922010638214,-0.7602369155498234,3.0613109114805077,NNW,2.9850791570077986,Aotizhongxin
127,2013,3,6,6,173.67631011261278,234.3642016294232,23.046883651983414,74.66619792521712,2782.7892016537353,40.70252723543624,7.4028414952827255,1005.1274792551231,-0.26743922512298063,0.0,NNW,2.4961966181818287,Aotizhongxin
128,2013,3,6,7,170.38889398287375,239.54332112011537,20.39200727771207,60.51592918432385,2753.7213688299244,43.40213227796977,11.099297465228917,1005.3173831828026,4.519884077716386,0.0,NNW,2.848668846854575,Aotizhongxin
129,2013,3,6,8,167.79048676808543,239.7141272729994,19.487499179590525,55.898734345889444,2562.712132127506,48.20788269540409,14.245399705450655,1008.4938030701641,3.7595877975937406,0.0,NNW,2.5000726669072555,Aotizhongxin
130,2013,3,6,9,161.0090254736839,240.37973973761726,20.875019828197885,74.68275305437601,2571.750285500989,28.193154476187587,17.431399177999676,1008.8573682561546,8.732102252479386,0.0,NNW,2.1510778342852275,Aotizhongxin
131,2013,3,6,10,148.59316831382293,,16.374673015169307,51.38899815134925,,50.04819218346998,18.738267874955625,1010.6067034216844,13.4722935347949,0.0,NNW,2.254409194134011,Aotizhongxin
132,2013,3,6,11,141.63199156612268,193.3090632094796,20.99965218193027,51.40460856005323,2175.5360220200464,70.69028333642214,23.778999186865427,1012.2879508518748,17.704202430356005,0.0,NNW,2.4728627812050727,Aotizhongxin
133,2013,3,6,12,129.61820535814263,192.96220769018714,12.635857130300977,48.61058259794729,1970.1795159273659,59.00879480843377,21.208938337054356,1014.9987652449951,14.159395584565672,0.0,NNW,1.5180080496425639,Aotizhongxin
134,2013,3,6,13,123.74800372760771,176.21297460395382,15.676691973513659,30.73007414658306,1834.327254103162,71.30542314720593,22.40844320919533,1011.7422864532805,14.175392749162075,0.0,NNW,0.9677598585757923,Aotizhongxin
135,2013,3,6,14,112.83487814374814,170.6453445131271,16.801498515979535,44.88387015602456,1675.2363321683724,80.30395594585185,26.863274702864995,1015.7604723974507,20.415498145389947,0.0,NNW,1.6119079492130868,Aotizhongxin
136,2013,3,6,15,112.82141232822187,160.83725728960897,7.332579626250965,35.954816699558876,1595.403955373882,67.42297108568107,25.184248479394505,1017.0339315389901,17.827960758886913,0.0,NNW,2.435298680319672,Aotizhongxin
137,2013,3,6,16,104.92084048094019,135.31801048618354,9.63986745352046,40.146564019357484,1526.1703225466024,,22.59534777776776,1015.7058661938713,12.319187230856915,0.0,NNW,1.481730174500554,Aotizhongxin
138,2013,3,6,17,100.63558174097858,127.55853088959194,13.596993047211333,20.247707976473833,1429.833714118936,89.14315362691575,23.186159580388214,1017.0733554985839,16.67980325097241,0.0,NNW,3.7036933174939293,Aotizhongxin
139,2013,3,6,18,102.86742539912932,128.49927306819177,13.471733643193076,25.79300633980928,1327.8856817521353,90.19502814193426,22.454555793011387,1016.4268828866078,13.155490671528037,0.0,NNW,2.3530105733546307,Aotizhongxin
140,2013,3,6,19,98.96619334472145,145.17318903019475,9.65588406738994,25.996329514172192,1409.5239481194847,67.52787187712136,19.030627643138967,1021.0468098981597,12.170160018166232,0.0,NNW,2.0955899919283136,Aotizhongxin
141,2013,3,6,20,102.87304575827685,155.90823229245765,8.465859700047229,29.790599879111404,1492.4869668816107,89.5960830767441,16.066199420383327,1016.5398323998044,5.642240237266879,0.0,NNW,1.5149301473397705,Aotizhongxin
142,2013,3,6,21,112.8691754533433,176.51046704854443,14.332273561059548,19.220946387651757,1603.6823653394795,82.74177294345506,14.688556295211187,1016.4385441233555,9.0870852933615,0.0,NNW,2.73258960960729,Aotizhongxin
143,2013,3,6,22,112.6524459506948,166.1444776542051,16.05064730774481,35.88669102953777,1698.175268760223,88.74191327722065,10.815009418432226,1013.9720314061656,2.402664850229047,0.0,NNW,1.0304462189785193,Aotizhongxin
144,2013,3,6,23,120.62641003174838,180.50535981979758,10.211914728950209,28.411907806559604,1870.999168482831,63.35782398451951,10.952696558470352,1012.334826093011,1.2886920601385867,0.0,NNW,2.252617150265691,Aotizhongxin
145,2013,3,7,0,129.43051256181772,175.40255426000795,11.38825905310086,47.86667256957537,2073.674080376321,50.12341670401558,5.013224917795255,1009.3959946765966,-4.019532931810906,0.0,NNW,1.6515762560582692,Aotizhongxin
146,2013,3,7,1,140.3223754020026,184.88716739536505,16.9698652714634,33.14718790590226,2147.362621883892,46.70713392469365,6.475383354103746,1012.9056420239381,-2.0298902918668116,0.0,NNW,2.096743714199751,Aotizhongxin
147,2013,3,7,2,142.61000120541462,208.154795011756,,40.18730532567531,2328.6641577113346,42.45021764992701,6.120006569271771,1011.0368749947932,-1.8886480053691332,0.0,NNW,2.3890185539272513,Aotizhongxin
148,2013,3,7,3,143.54137818867395,205.13473698653752,17.638326650242572,65.69052535525094,2506.590542886897,31.133865289022573,4.864188140377435,1007.8622732051876,-1.1585934051130666,0.0,NNW,1.083470141613948,Aotizhongxin
149,2013,3,7,4,150.39670312907828,211.6298281241185,21.36800847886924,57.94580043413051,2620.4168519612995,51.25096514304897,6.9805760827156265,1005.8691331749499,-0.914209992568262,0.0,NNW,0.6632543898776995,Aotizhongxin
150,2013,3,7,5,154.5816544971499,220.28803110233977,17.699219310933195,56.415651936723435,2665.570412881616,49.12883297208996,4.283904110849411,1007.5301879213949,-6.97247108573437,0.0,NNW,1.2546777719301359,Aotizhongxin
151,2013,3,7,6,156.60585110986136,222.48004637838795,13.655919202778794,75.16676496860438,2679.6880430766746,33.04208298859945,6.877297936070352,1006.004606387406,-2.9673098321830147,0.0,NNW,2.703393393645802,Aotizhongxin
152,2013,3,7,7,156.96941873652133,232.59535482966547,18.55792591444755,66.93952626440868,2724.8574178279023,,9.504948030623666,1006.7262857312904,5.641250219247817,0.0,NNW,2.298506713179826,Aotizhongxin
153,2013,3,7,8,151.25230717506847,224.7030858932654,19.5198234584615,,2652.3210189946562,20.19454577219591,13.480896403088753,1005.142753091872,5.683979596583142,0.0,NNW,1.6776789387583062,Aotizhongxin
154,2013,3,7,9,147.41376328577576,211.8214721234895,17.70801402624337,57.812199045164306,2455.6988193584825,49.28194302337236,15.32776137906918,1008.8986052553633,8.753946550084908,0.0,NNW,3.5745176802547345,Aotizhongxin
155,2013,3,7,10,142.37284974337405,207.78001836635292,14.024190209021544,76.43702955120003,2290.511175782576,64.03440108825843,20.803239425138834,1009.9740064039775,12.340720215898076,0.0,NNW,3.028078691091599,Aotizhongxin
156,2013,3,7,11,132.28001542434419,190.3326471183296,10.847148297876153,45.34027001757206,2148.2531255545373,47.15757669984141,18.791321154539162,1012.8953505429668,9.284404183228869,0.0,NNW,2.8347695879558104,Aotizhongxin
157,2013,3,7,12,131.9785421158476,180.15826164184043,13.457733586896307,58.9559643948791,2210.663112615384,58.83215474223602,19.978584463994498,1011.6985168627348,11.256661130421792,0.0,NNW,1.42063568738764,Aotizhongxin
158,2013,3,7,13,126.10930244641912,184.11867017411814,16.398872089436626,39.332690777150276,1826.878984394085,70.81339074072032,26.343887512243978,1012.6269702711049,18.53637663833158,0.0,NNW,2.825878096133812,Aotizhongxin
159,2013,3,7,14,114.10865981068416,145.8071730463652,,21.763916840698037,1689.3423215090024,89.74418360609906,22.51297038699211,1011.3864782677656,13.822615881151508,0.0,NNW,2.2725665232767267,Aotizhongxin
160,2013,3,7,15,110.52167080962306,165.26925465643112,15.02760624648263,34.72065434225392,1530.6960963777342,79.67543174801462,26.02459406709857,1017.737455802658,20.902295716893214,0.0,NNW,1.4221880839480305,Aotizhongxin
161,2013,3,7,16,101.85538545077704,130.6523102334275,8.222144375632148,30.19759241595254,1474.6711152363102,83.60493425487614,23.191253199857726,1018.1157732520361,14.266874008517789,0.0,NNW,1.9167194542822392,Aotizhongxin
162,2013,3,7,17,102.00671119060794,145.66742853479843,6.7092518976635676,17.270908960304794,1369.5488075644928,85.94133066882473,20.55627651157286,1016.887106014259,10.97402309619747,0.0,NNW,1.1692522629551811,Aotizhongxin
163,2013,3,7,18,105.61886829530961,139.41487602917186,11.489903844939686,17.62224578292228,1439.513395220796,70.74967493096327,21.508892121145628,1014.3415378909392,14.722096260699105,0.0,NNW,1.4292123169813005,Aotizhongxin
164,2013,3,7,19,103.35836423323072,150.23559975726727,12.075670903348433,25.483902329538694,1342.9918253492804,69.68023911892806,21.34924994371574,1014.400575069269,14.74725369948316,0.0,NNW,1.084659407031162,Aotizhongxin
165,2013,3,7,20,110.2088814253469,153.95318173620657,11.8703817966793,30.47747444629508,1566.1419231432324,73.57068340346224,15.755533818315598,1015.2359151613937,7.800499500623326,0.0,NNW,2.7652433038813946,Aotizhongxin
166,2013,3,7,21,116.62756381102963,147.33102975380814,5.422276271353972,11.092558113233839,1711.2950608370168,87.80657527003741,15.864142092217248,1017.4659853236661,6.960926658406157,0.0,NNW,1.9432593432900038,Aotizhongxin
167,2013,3,7,22,126.12900788660399,180.78760735143035,9.899346245349598,43.42497162019042,1789.834881989659,69.14642929454008,13.55610489075447,1015.0806752704833,2.705116669494946,0.0,NNW,1.2467209293211723,Aotizhongxin
168,2013,3,7,23,140.95160846414416,191.55304408147472,13.616838403629457,35.86763530742975,2017.3287493183593,61.17443563954012,8.092464787721047,1010.3073808477491,1.9235470713872123,0.0,NNW,2.4138994634270237,Aotizhongxin
169,2013,3,8,0,147.7346273532083,215.6399455026253,16.46165458389128,34.346020124814586,2173.7066572891013,54.528253958562324,7.587290255065969,1012.8084238292005,0.8901316199485343,0.0,NNW,2.001202653123668,Aotizhongxin
170,2013,3,8,1,152.48425404885398,213.49121255573965,18.59601731332006,57.704913313665855,2332.4471841930913,52.15295508771021,8.705358195646358,1009.0276116161457,0.04552571602271471,0.0,NNW,2.8404043850133776,Aotizhongxin
171,2013,3,8,2,156.16162497727626,222.58048482206712,17.93276056684612,54.81105616465235,2447.3845204698882,64.5210793410164,6.316630667054932,1008.4555755469758,-1.5940106153004778,0.0,NNW,2.106669367143996,Aotizhongxin
172,2013,3,8,3,159.11158727301094,213.1805326320632,19.527885325547444,68.87146183798899,2594.141258280241,40.810356613365094,4.60776130313597,1010.4079421191107,-3.732254470646448,0.0,NNW,0.8502498470411555,Aotizhongxin
173,2013,3,8,4,163.57073911329127,223.10571244433413,19.584723394005504,65.82412617952681,2716.628031092653,30.486390851640454,5.963684958990196,1009.2008811486395,0.40678032091970584,0.0,NNW,1.6026050698672027,Aotizhongxin
174,2013,3,8,5,167.9323596876967,230.5189172017645,21.88648725410079,64.306400502197,2689.1256468925917,36.10431063358962,5.311850999449943,1009.3565706342055,-4.245026454981397,0.0,NNW,1.0742440912363076,Aotizhongxin
175,2013,3,8,6,170.06134809634474,246.65291213730816,20.938596954472732,63.77816044015875,2745.0243601320435,52.55083605761537,9.599475705712061,1006.9537329618315,0.6693834646821817,0.0,NNW,2.450406323677428,Aotizhongxin
176,2013,3,8,7,172.3478558811609,258.06076911168014,20.026842111587204,68.18021861023047,2810.234150011152,30.823607153417136,11.66989009690321,1008.936419984287,2.594800738307242,0.0,NNW,2.867568669441261,Aotizhongxin
177,2013,3,8,8,169.40285077353363,229.1122735655183,18.525020621510052,59.012258005214136,2630.5495152990934,26.53931482107958,12.593168421603874,1006.4976004535516,5.058410351267285,0.0,NNW,0.7648149548169609,Aotizhongxin
178,2013,3,8,9,170.44942840422615,249.3976812124934,18.77940818106018,52.32155491375896,2547.9020756161494,37.31241777303214,15.34605923468654,1007.9493342248567,7.43025341523245,0.0,NNW,1.9004031570335214,Aotizhongxin
179,2013,3,8,10,163.1775976356779,206.751862512692,18.953774136517826,59.87927298123715,2516.736578730347,48.78763736348433,16.0899951385167,1008.8474135511905,8.390097383710923,0.0,NNW,2.9222007128706116,Aotizhongxin
180,2013,3,8,11,166.82284565511202,221.6100899062339,17.09652139220679,49.02047817049498,2462.927703835429,60.41193338069037,17.971945359398255,1010.7536348109364,8.651034671086506,0.0,NNW,0.7527177805298688,Aotizhongxin
181,2013,3,8,12,161.56094369309642,216.5975366084672,16.14247925503576,45.26854118455205,2256.372540147092,70.06883578682246,21.50616069595318,1009.4270178273758,15.733505941568772,0.0,NNW,1.651987340744114,Aotizhongxin
182,2013,3,8,13,150.36774211435565,196.98975206569068,17.734070358540954,48.538657787186445,2070.4817661678144,56.013303387939736,23.529151473307618,1012.8440854192659,14.848083812475762,4.581120854999363,NNW,1.9998162410324534,Aotizhongxin
183,2013,3,8,14,138.84874347518684,178.55235696738578,13.295491768239764,34.08898713811408,1872.7803317144499,62.9915466554093,26.253199508972664,1017.4033146030375,20.03458443306745,0.0,NNW,2.8539548677694127,Aotizhongxin
184,2013,3,8,15,134.56542970056316,192.52159070216638,9.517470532647792,30.97813578060338,1750.3344631626646,74.44504693578878,26.383641625927467,1013.3504775823098,23.092312621849484,0.0,NNW,2.4357513858331092,Aotizhongxin
185,2013,3,8,16,128.90401988132302,178.3249508565736,13.320693339060314,22.882295832703775,1719.4967885670387,88.49556534157992,24.93650759542932,1013.6714844550921,15.626503514707752,0.0,NNW,2.5992278383018164,Aotizhongxin
186,2013,3,8,17,128.76300918255248,184.06226683162456,6.071775855547907,29.127402946073442,1584.7088185949106,71.54806668070415,25.446062514403568,1014.3322524761209,17.959639864210512,0.0,NNW,2.4819679846899954,Aotizhongxin
187,2013,3,8,18,129.6337344695187,188.39195511854132,6.755759857782138,27.798623301440703,1623.7937326844822,78.92673089582303,20.65583854364387,1022.3237188881493,12.45843308625999,0.0,NNW,1.7014948050540952,Aotizhongxin
188,2013,3,8,19,,185.16667157403214,11.177912662714865,32.88768452854309,1611.2800133503833,78.22070836310722,21.616005330917556,1017.7593330931861,16.662327663301802,0.0,NNW,3.314725710198381,Aotizhongxin
189,2013,3,8,20,129.97448183308444,188.54190632782195,12.219062984437544,23.04646122825622,1620.6212443558393,91.06812364825467,16.40254737950101,1015.7895962502395,7.981566488273359,0.0,NNW,1.4632726333431942,Aotizhongxin
190,2013,3,8,21,128.6826516122777,179.46038939476608,7.729312423555277,27.19532861954756,1790.1274091609412,,16.859541795096366,1015.672174731949,9.232579011373495,0.0,NNW,0.2,Aotizhongxin
191,2013,3,8,22,133.10979523960606,174.48377945239102,11.351547557039748,41.337099193163745,1838.8871008081712,81.53718361049921,12.391789851819821,1014.9552787984936,4.732092331086811,0.0,NNW,0.5595671556257547,Aotizhongxin
192,2013,3,8,23,143.7708190638243,211.85728849756197,11.887653277828417,41.84132312485247,2056.060938490624,79.85725586989359,7.002569985193397,1012.0131952740538,-1.1480281697283647,0.0,NNW,1.906487268622789,Aotizhongxin
193,2013,3,9,0,152.39176539342077,207.4573502229778,13.53997103135521,37.750254990458444,2143.7303291573157,56.94349904910919,9.024167934181687,1010.9655665025819,2.157378585981954,0.0,NNW,1.734764201142399,Aotizhongxin
194,2013,3,9,1,155.17338163164845,207.88677129668358,19.12488855433144,60.62881344392642,2307.817698406372,41.65546232390017,7.5540646014067825,1010.3905385100834,-0.30584079791065055,0.0,NNW,1.5709083801982044,Aotizhongxin
195,2013,3,9,2,163.10153398197752,226.56296881672455,19.619516390641756,41.412395452797995,2542.6166658905704,35.6903638215298,4.655871655376444,1008.0504898235301,-2.621350737555934,0.0,NNW,2.120163503069072,Aotizhongxin
196,2013,3,9,3,170.8560069364893,230.0703005181199,18.478167366371615,65.41641364984096,2779.0543407587993,23.94125481974791,4.443110632408975,1007.6705968800248,-3.236485310305579,0.0,NNW,2.9603423497445203,Aotizhongxin
197,2013,3,9,4,172.0881358696215,236.74908639757575,17.692241237577406,52.1988117877032,2624.3044452512318,33.76169660872711,5.101423817282411,1008.3760561357385,-3.8053827712835466,0.0,NNW,2.3632225356970533,Aotizhongxin
198,2013,3,9,5,175.7000489685425,249.42060777159412,15.780680120784918,79.40482465766559,2781.915332499496,32.009628194455914,3.4520182432162074,1005.1760645093144,-4.951424846371608,0.0,NNW,2.5188401628598904,Aotizhongxin
199,2013,3,9,6,176.95510905365447,251.2205700675775,24.260554816345845,52.64320218475501,2836.254902336411,42.87553406805048,4.381839928491809,1012.2198988418957,-2.7850257923937507,0.0,NNW,1.1361699382079071,Aotizhongxin
200,2013,3,9,7,171.36100265100401,230.9271030471493,21.605970832300095,73.53652174076335,2726.453344061695,36.020996514539334,11.952438457195584,1008.6766840903271,4.779478910050603,0.0,NNW,1.5844406485991298,Aotizhongxin
201,2013,3,9,8,169.79513941725827,232.8361414546741,17.210119706702773,61.667433195598825,2747.247376201548,33.44608046196297,11.175708047858928,1005.1297035040525,5.043221621076469,0.0,NNW,2.560284582765655,Aotizhongxin
202,2013,3,9,9,167.27071884479446,244.92233643041467,20.69433239880741,56.209315065021,2577.671829699959,41.162343208730455,17.782896164364544,1003.508659075866,12.571762386122547,0.0,NNW,2.086409647960945,Aotizhongxin
203,2013,3,9,10,165.38972038189914,236.5096097119982,17.289329138276123,56.48317325174209,2530.810146066025,37.11026516285236,19.643793152733576,1008.1249934297244,10.862189836872062,0.0,NNW,2.381649705244235,Aotizhongxin
204,2013,3,9,11,162.36949994311436,248.0679503138455,15.432766710925577,55.23158361531292,2376.3800223610056,63.78358957994984,22.35079297140461,1012.0746260737019,14.553104208824067,0.0,NNW,2.4909791034773194,Aotizhongxin
205,2013,3,9,12,149.0942511182104,220.53323330290982,16.305634584868805,37.764795981353046,2253.725563093422,52.14084437190492,21.095619383164742,1012.9809397889002,12.805510668837032,0.0,NNW,2.132952056824954,Aotizhongxin
206,2013,3,9,13,137.57837960547428,204.05266213326337,11.48141002474922,33.297317296601,1963.2811936510057,55.07116340820406,21.247652257448514,1013.0723982048154,11.5866908013502,0.0,NNW,3.265524941324532,Aotizhongxin
207,2013,3,9,14,132.40309202738456,171.48564333378036,11.468730441469672,40.19683892090309,1841.6310464047506,80.6788196670747,23.02893480299915,1013.2971150777138,15.875767511205781,0.0,NNW,1.5747711561004438,Aotizhongxin
208,2013,3,9,15,128.24503239543697,187.18164886994597,11.828849286665902,17.199120747072257,1790.4019985637347,83.41931161330218,24.330317909270633,1013.727271157949,17.497073655279415,0.0,NNW,1.344726715909084,Aotizhongxin
209,2013,3,9,16,125.53766446272442,175.22166223084508,9.171519402422167,23.005659178774547,1606.4892212333768,64.41378130902085,21.099413663614722,1015.5249608767032,11.48392682433495,0.0,NNW,0.58802495722842,Aotizhongxin
210,2013,3,9,17,137.95157775020442,187.6223908149037,12.177626499357231,50.00697910749416,1720.6797943241868,92.69816200432894,22.947115504158138,1014.8048691837902,14.385366495395159,4.562304004894205,NNW,2.598882632800479,Aotizhongxin
211,2013,3,9,18,139.2129145816491,196.57823381963402,15.607199511034782,17.255896283285754,1622.5765994688627,77.58407360905943,21.76855077059881,1016.2022444875831,13.060416486954795,0.0,NNW,1.5439565907750858,Aotizhongxin
212,2013,3,9,19,144.77740235369947,212.14047864129407,7.907476470733229,34.86390580829665,1717.4522153825146,80.40710038158751,18.05836854261996,1019.491531003091,7.7957314877822075,0.0,NNW,3.0128047355969994,Aotizhongxin
213,2013,3,9,20,51.590422082811166,77.23490682597775,5.674497092165674,22.991885774600732,1085.419778943254,83.52083617155034,16.027462803656462,1014.7876474204235,7.972896808408778,0.0,NNW,2.198361956940143,Aotizhongxin
214,2013,3,9,21,58.96354576597109,73.76422605893893,5.459245591638478,34.9302255346462,1139.3307781763383,83.5439183558319,14.6691022182288,1016.7572964720367,4.951239703570946,0.0,NNW,1.7289337088230048,Aotizhongxin
215,2013,3,9,22,63.91567222300612,96.90653024813476,12.048595575515051,40.23484552476973,1284.0967311928591,76.95479174687527,12.946239371440244,1016.0268476259685,5.184729908323233,0.0,NNW,1.156289747257238,Aotizhongxin
216,2013,3,9,23,74.18697775190356,97.48589343190532,11.716411004108844,48.855272979413144,1514.6225240766166,65.97229281850302,8.663765997999636,1011.1348925884407,1.0674482854393221,0.0,NNW,2.677209269712817,Aotizhongxin
217,2013,3,10,0,78.86024824682892,112.57117873520335,15.623581503201242,43.397969385497795,1601.9226789172849,55.75356671084089,8.36731110249893,1010.313256250881,0.9568452774560181,0.0,NNW,1.956890057964536,Aotizhongxin
218,2013,3,10,1,85.6775451729445,116.91506256735096,16.691888241590906,66.08745801208923,1830.0900830853823,57.65173080809146,6.545014974137396,1012.843791648461,-0.7930017592677845,0.0,NNW,2.214241789086412,Aotizhongxin
219,2013,3,10,2,90.97151962855247,125.1714649626172,12.690349460157712,50.285307483318554,1938.555296402723,46.31612162655772,5.411070525636903,1007.6484719206986,-0.2925183994667937,0.0,NNW,2.483553070313101,Aotizhongxin
220,2013,3,10,3,97.51221962169419,144.17953722077695,13.090882417488519,61.01589893252743,2084.7246250443977,60.37587506159555,4.021978814215134,1008.3494945956456,-5.190990397008252,0.0,NNW,2.212602373851354,Aotizhongxin
221,2013,3,10,4,111.53841256632495,145.75184039469593,20.217926739960475,64.28272353342963,2300.7657419813013,44.21345500508806,3.340672343056243,1011.7498406254149,-5.797050380969613,0.0,NNW,1.320145298558746,Aotizhongxin
222,2013,3,10,5,107.06636447109685,169.3448610023049,20.235915635605213,55.34277156618604,2258.8923994151055,,8.884423932006724,1009.1300353826774,1.8671697777709368,0.0,NNW,2.4170144277449896,Aotizhongxin
223,2013,3,10,6,110.83363044392286,136.95622192854705,18.722546004900344,62.71302196016703,2363.6114080748503,30.224000486263485,8.874391062820663,1007.1704609034712,0.6764187748470922,0.0,NNW,2.656160593420556,Aotizhongxin
224,2013,3,10,7,203.3605417478363,278.72808161442225,14.858198376048428,65.61062451968863,3058.8177786502088,36.33377611537159,11.508597479591106,1008.8518320176172,5.1965873901785224,0.0,NNW,2.2881832289465076,Aotizhongxin
225,2013,3,10,8,198.47580160953967,281.56824115277294,20.744300807217165,58.86353973065342,2908.04395289837,51.34367705609358,12.28636502171641,1007.5580288104497,5.1288982102654765,0.0,NNW,2.5058786988142963,Aotizhongxin
226,2013,3,10,9,98.0640453194724,143.13280511161446,22.351232542204567,78.66952734738322,2132.012478781462,56.43338056145766,14.753961836609793,1010.5009297604742,9.631128829049086,0.0,NNW,2.5804354505797336,Aotizhongxin
227,2013,3,10,10,92.10796196025782,127.9463895386439,18.333947320656765,48.29101061120375,1950.05699672721,43.53865279634436,18.32417997211329,1005.4074691373071,10.187187297454251,0.0,NNW,1.683149717122963,Aotizhongxin
228,2013,3,10,11,180.56155420161622,252.21226885224726,13.751673553817412,59.61177664717384,2528.2860662209127,44.193181706542546,17.247967474321634,1010.4273727817375,7.0249081163417575,0.0,NNW,1.6531541698896268,Aotizhongxin
229,2013,3,10,12,169.93576801150073,242.01557606937718,15.133656496713455,51.85167850519029,2373.40542885805,49.38502358793812,20.399102607835758,1007.8273201868144,12.910094737804478,0.0,NNW,3.7814295740195663,Aotizhongxin
230,2013,3,10,13,164.8895876541638,228.5347279412525,9.607562531686341,39.71272202191541,2271.2054244118153,68.99476369972082,22.463591720801826,1013.6168056019762,14.35608048393071,0.0,NNW,3.0606079706675002,Aotizhongxin
231,2013,3,10,14,154.7326924803709,230.5575820518683,15.67388214151638,28.078327569182033,2060.6137945550786,95.53784309217494,23.977408629078038,1014.0276442034547,16.779139858849895,0.0,NNW,1.961435290269999,Aotizhongxin
232,2013,3,10,15,149.38532340310238,217.5329439066593,11.70999909765588,24.711821813134897,2003.35951637777,83.0686105722147,23.680456480794767,1018.2569935992175,16.67436726080757,0.0,NNW,2.5462631646362084,Aotizhongxin
233,2013,3,10,16,144.8000520847809,211.44831642874962,5.365402245818112,23.53575353057915,1866.316783059413,65.7115098277709,25.1584689507668,1017.7537817561175,16.356646178122915,0.0,NNW,1.2498521353283325,Aotizhongxin
234,2013,3,10,17,139.1966380192187,185.21372599320202,9.268347787223611,11.39555321864853,1753.3607753082306,76.8881046247667,23.782424889538643,1015.7774537563653,14.26891640175091,0.0,NNW,1.520894990051808,Aotizhongxin
235,2013,3,10,18,46.750189165192076,64.65638058721187,11.389904530702692,16.972276593605677,922.6981091844787,78.76085798155087,24.16036484649254,1016.1875674868382,15.941449821473961,0.0,NNW,1.0024722787176505,Aotizhongxin
236,2013,3,10,19,50.30809046579207,67.42666716490186,9.171228005628091,13.82167135130949,1007.1077675102033,75.92812045607762,23.710638735668844,1017.5910221919049,12.13885143200716,0.0,NNW,2.228529105279818,Aotizhongxin
237,2013,3,10,20,145.20453279430052,193.23033215512606,9.842185816757286,38.44649194973296,1818.8093078281713,77.77169684526876,15.693915090802559,1015.1850058338157,7.814915978981886,0.0,NNW,2.237892134567405,Aotizhongxin
238,2013,3,10,21,150.717908731315,214.60671406329865,7.7912594729254465,35.80556351537479,1957.7321324367883,81.3716181398631,15.22095782095267,1015.4707883331637,6.609800708248424,0.0,NNW,2.867060884268087,Aotizhongxin
239,2013,3,10,22,154.28396630783783,210.6210952531748,14.199622961244966,41.287792790923675,2066.138382526312,79.31981169322648,12.630098366285253,1017.1333961290297,5.9226109330242735,0.0,NNW,1.8303728525411558,Aotizhongxin
240,2013,3,10,23,164.9291282939471,237.45481791002828,11.760497174429979,44.534274710285146,2224.3824288214823,77.38811103672948,9.97870289535301,1011.6358348584519,-1.0000699049616633,0.0,NNW,2.853270324885771,Aotizhongxin
241,2013,3,11,0,169.52361669329196,226.63114774166542,8.530663868984902,46.33574098667331,2362.2064293151943,65.24202573047178,6.301695331686272,1011.1046512680872,-1.688786703612772,0.0,NNW,2.5223306626601647,Aotizhongxin
242,2013,3,11,1,176.82924228049995,264.75134532111815,15.180323113501421,61.861823559083504,2554.1844010388113,33.98802146914858,4.963949793691787,1010.0910400835887,-0.6717137792325039,0.0,NNW,3.967384964174091,Aotizhongxin
243,2013,3,11,2,186.08462004334618,251.55514147476404,20.44344914671106,50.1138987541461,2645.74764906527,36.926954124686866,5.701350154983496,1015.8161468523713,-1.285547853089976,0.0,NNW,3.333692779893228,Aotizhongxin
244,2013,3,11,3,195.76084425562308,276.25820532987666,17.374745566132894,59.99549286666731,2933.705257482097,40.7413901017444,3.5819748900391453,1009.6809514190816,-2.947017116429061,0.0,NNW,3.193725382192179,Aotizhongxin
245,2013,3,11,4,195.72721730533672,281.93669733135204,24.54408197429275,68.29697869828176,2809.8695556982957,39.82216346306383,5.579649695359828,1009.9340096591735,-1.9107500206952501,0.0,NNW,2.6685460933377847,Aotizhongxin
246,2013,3,11,5,197.3862250371118,270.6343107499554,21.11653297709089,53.74884267093233,3038.2306049211234,44.466037941535866,5.970821285337207,1008.7066222923114,-4.521479819513782,0.0,NNW,1.284619689067108,Aotizhongxin
247,2013,3,11,6,196.50866900379594,283.6368230396438,21.016274486841098,89.7727111691404,2969.8100756091094,35.43184176216773,8.141419042816448,1008.6707877319706,0.3912128024701643,0.0,NNW,2.234235213945434,Aotizhongxin
248,2013,3,11,7,192.87312686217314,257.7305416290382,19.444434333692513,64.54704262800205,2979.484336126592,36.358926881410035,8.57004929434835,1008.1175179432192,1.1827833344443557,0.0,NNW,3.7980441790170962,Aotizhongxin
249,2013,3,11,8,196.93793114815864,290.23428059924765,19.125268395629323,63.45642368029352,2940.1056324136753,40.72733853677963,12.648013412476597,1008.400411381196,3.0306765961904367,0.0,NNW,2.4055637931033624,Aotizhongxin
250,2013,3,11,9,193.79029931406575,271.4479116893496,17.745263000574226,69.19715987713033,2850.4668275326853,39.77211308252429,13.678571124785115,1005.5629767851301,5.4887403597461155,0.0,NNW,1.3425771491501823,Aotizhongxin
251,2013,3,11,10,182.53356006112912,249.58287000589198,16.59319182375242,62.31964266408179,2687.981204290359,48.36885139877812,17.829233864010583,1010.2157291126858,5.477627920444708,0.0,NNW,2.2687755743210554,Aotizhongxin
252,2013,3,11,11,178.96957920242386,247.56559315911903,17.886696711714052,50.48100505722209,2575.7369661147886,64.78784566255447,22.009094183658735,1010.4892175897015,13.507946919746024,0.0,NNW,1.208316132740154,Aotizhongxin
253,2013,3,11,12,79.69363263739876,119.66027838628546,12.192506310628303,46.04103550478433,1621.107519769828,59.16089101215997,22.46254358688958,1013.090913805699,13.807979672665127,0.0,NNW,1.3150446410505658,Aotizhongxin
254,2013,3,11,13,76.05892232652772,100.63793833863443,10.478223288314616,27.790430850365752,1556.6837170975252,66.16834885972018,24.14305961141897,1013.1523768922317,18.246418644838993,0.0,NNW,2.3303194096702846,Aotizhongxin
255,2013,3,11,14,62.7460138157873,80.35084244787444,9.130414847373869,30.548273777200198,1247.7445793473594,72.1641459523281,25.885068039137003,1016.026328585456,16.980233385193962,0.0,NNW,2.591636739637916,Aotizhongxin
256,2013,3,11,15,54.59587408872588,74.21885774837884,17.601429737098726,34.99554610554074,1153.657751568882,90.65540766757536,22.894662483290105,1017.4153990482312,14.495126895396886,0.0,NNW,1.3616624239141335,Aotizhongxin
257,2013,3,11,16,54.89596000753563,65.0847228828502,12.260901686089547,31.230634636654322,1134.5560147601234,70.57010182631655,27.2376406234752,1010.5058069696307,19.11879745755999,0.0,NNW,1.5523548254222603,Aotizhongxin
258,2013,3,11,17,49.06826946992161,86.9010163373084,11.083847473595094,35.45080947425133,1055.92670422454,101.90661460513866,22.076869048925833,1015.9618434951135,13.191389013030262,0.0,NNW,0.8588999270654545,Aotizhongxin
259,2013,3,11,18,49.82132197117857,64.08590484750276,6.827455989119706,24.0359915342134,1021.6100181824987,73.23618145484487,23.39055930791888,1013.2852261882238,16.47024644066712,0.0,NNW,1.8965647915711952,Aotizhongxin
260,2013,3,11,19,53.942083396223865,83.83508461651743,12.040397770579144,14.5831913667717,1025.4967147563768,77.60594304394911,21.120364980884485,1017.3075182407293,10.131776960099165,0.0,NNW,0.4431781449113179,Aotizhongxin
261,2013,3,11,20,53.23137418505043,76.61862469554832,10.320158941717821,,1124.2762208850634,89.09801779176416,16.234940908768067,1015.7287102632142,9.939805964984261,0.0,NNW,1.7606839986733747,Aotizhongxin
262,2013,3,11,21,57.76083143873996,71.01982350941626,12.106972917462512,42.34657914572517,1145.775627079363,87.9808364844004,16.513329205150146,1018.247190847106,8.495512027676343,0.0,NNW,2.063661616503688,Aotizhongxin
263,2013,3,11,22,151.0089655140601,211.35300462755683,9.570139052409331,42.185956582849826,2095.6421777999262,58.465009830015134,13.158528698594756,1014.9144893236017,7.110999400787895,0.0,NNW,0.5953684927951854,Aotizhongxin
264,2013,3,11,23,154.14684359564728,223.64560882701366,14.186711346740122,38.51454973108964,2125.4135858491863,55.543457495092184,12.83496796660339,1012.3230352725851,0.7141197534319828,0.0,NNW,1.1941936663691304,Aotizhongxin
265,2013,3,12,0,160.9011423431503,223.37898592954733,13.72849938538055,53.35508841501263,2210.2278540349043,62.77842809471848,8.219000315146465,1013.8771430796912,-3.4353436657701963,0.0,NNW,1.9519266578722492,Aotizhongxin
266,2013,3,12,1,163.6745809683665,241.07554281422338,13.99726175442204,77.60766472611613,2353.1900923871126,76.97371775007494,6.176930964871716,1010.0694998588325,-2.261036874506534,0.0,NNW,1.8427384103596665,Aotizhongxin
267,2013,3,12,2,177.43965483101744,258.63067069124304,19.702319007421746,55.921218515523805,2621.699420492119,59.962627809986806,4.5685979452320105,1008.5040048882126,-2.6725289727671484,0.0,NNW,1.879709657993168,Aotizhongxin
268,2013,3,12,3,177.93229275477134,258.2943584032632,13.92241048034273,48.64824208576995,2713.2923180790926,39.84135997401821,2.3849670929732403,1009.251716923351,-6.447431981031521,0.0,NNW,2.230410316936047,Aotizhongxin
269,2013,3,12,4,180.93967348592014,248.71897515755822,21.02445581186464,57.630227679271556,2892.410383648691,14.158073524631476,4.863400389982577,1010.8958157609567,-2.2608308648936495,0.0,NNW,0.6626536692515745,Aotizhongxin
270,2013,3,12,5,184.45964847020338,,21.88308753210433,69.32232452821377,2810.122551396543,36.66828168698488,5.925898370767299,1008.8774746850343,-0.6021369930682563,0.0,NNW,2.5669280538203196,Aotizhongxin
271,2013,3,12,6,191.2469668377958,261.60987751928616,17.361068973346278,52.1615655128155,2931.948844667563,38.62296803646554,8.322019461970676,1008.133861930563,1.3210187825027282,0.0,NNW,1.7450180613103594,Aotizhongxin
272,2013,3,12,7,184.4812930217501,260.2362196371173,17.368643748047937,65.67374112507792,2809.2496043355254,32.024902931945256,7.865345333676301,1012.6722679355979,0.02024809024642299,0.0,NNW,1.5230421583298464,Aotizhongxin
273,2013,3,12,8,186.13693535523106,266.049576632647,18.66104997512299,65.36320127821584,2810.8729016949537,29.842124999923076,12.053291232194475,1006.2050529083588,4.196695506675559,0.0,NNW,0.5081156226475159,Aotizhongxin
274,2013,3,12,9,181.41030892137266,232.25871844231722,19.3816425373194,71.42310954223217,2818.323785349067,43.91398307355019,15.864377088033173,1006.955030420183,6.942184458450597,0.0,NNW,1.7859382654659375,Aotizhongxin
275,2013,3,12,10,171.27107088158442,239.69836721810069,17.041435024557323,65.4815588484344,2513.3517558948756,38.07738806106039,18.60145496426398,1009.7911389608795,10.518393477958313,0.14754498429097598,NNW,2.4096242052626438,Aotizhongxin
276,2013,3,12,11,165.88405613171312,233.8185708376302,17.594782606088245,57.09305923606459,2459.952188298105,72.25401048052422,17.21027723579401,1013.7359575426968,7.673930904941919,4.926841856917687,NNW,2.1132577083460546,Aotizhongxin
277,2013,3,12,12,158.91572356093138,219.70657042214842,20.288938957612196,27.698567915883764,2290.9711564381705,75.16744797533818,23.130677724845313,1010.1166280474108,13.953583523803726,0.0,NNW,2.136650283413993,Aotizhongxin
278,2013,3,12,13,148.75028469922057,221.16313696906758,12.182754467038254,47.19204412233298,2085.266088234846,73.04960244349063,23.290393168162147,1016.8032404206388,16.06193946748228,0.0,NNW,1.728765068735817,Aotizhongxin
279,2013,3,12,14,141.7940643922563,202.72949089166752,7.35446008788974,40.64410708848198,1960.3243462976372,73.39710569119316,24.38174194664285,1011.6217550211833,15.687420249345827,0.0,NNW,1.9515611825019217,Aotizhongxin
280,2013,3,12,15,134.03960656921282,200.75736827770692,,32.90541939289583,1731.4731209819192,71.07602866352808,21.453226945216244,1015.2930978044905,12.346884103962244,0.0,NNW,1.1140309375068256,Aotizhongxin
281,2013,3,12,16,129.72611727228107,179.4569589776912,15.719816708860396,13.837714915147345,1774.214902054651,81.44276325570195,26.8996150067275,1016.6770583502595,19.57346152650499,0.0,NNW,1.996187169045609,Aotizhongxin
282,2013,3,12,17,129.37762729522638,190.50345313838616,11.348675957708032,19.467292200722152,1744.8929626023598,100.54111700929947,23.92545236536133,1015.0643652988095,16.495301850756956,0.0,NNW,1.6071187850584527,Aotizhongxin
283,2013,3,12,18,134.69946934847982,204.92992103314694,6.736753973938995,15.66541784372747,1679.9509896758043,93.68654058436628,19.773877172081416,1015.7575312701356,11.4509277939085,0.0,NNW,1.1001606389007612,Aotizhongxin
284,2013,3,12,19,130.77043256450037,196.1955400830271,9.798693778849055,9.561415958161906,1780.9484365310534,86.1850684419913,20.5628023623747,1018.4228900901167,12.339399216292245,0.0,NNW,2.6037753914283677,Aotizhongxin
285,2013,3,12,20,142.29957873826436,188.29799429928278,7.31430252844291,27.65617071299287,1772.0350718148434,90.89037843628691,18.104908112295746,1019.2132385039447,10.728829947115607,0.0,NNW,0.7399999238464088,Aotizhongxin
286,2013,3,12,21,139.25878621811108,192.42553992993172,13.393032575956106,24.475287404726807,1851.2491769630838,83.13377616347196,16.833816229399485,1011.3063131809407,10.28725190397532,0.0,NNW,2.4194284790766165,Aotizhongxin
287,2013,3,12,22,144.86484927356514,199.35914192849324,8.446128791904695,56.00244464215129,2030.5132473772467,76.46277539886873,11.947276395038475,1014.8604727709186,4.248904883769117,0.0,NNW,2.469718514029128,Aotizhongxin
288,2013,3,12,23,154.45354674642783,221.12751079576222,12.805518414002792,38.47344358244629,2109.1505329192682,76.2761087174784,10.017994103407883,1013.067477418281,0.22994323784221438,0.0,NNW,1.5782089359329519,Aotizhongxin
289,2013,3,13,0,163.3420855704436,235.54245534876637,11.986986521118281,55.350025246927686,2237.659231619577,65.17027644824758,6.9647204877776625,1012.2147927112479,-1.3674207513675143,0.0,NNW,2.824327171363623,Aotizhongxin
290,2013,3,13,1,168.61585884423684,227.6732756416742,16.67456928091749,37.62358870450461,2371.8686355139607,62.11503857347077,7.23666888314472,1010.072371823255,-1.3740558735454056,0.0,NNW,1.5613279103319908,Aotizhongxin
291,2013,3,13,2,175.01879848973212,245.70470302479433,16.400974968586727,50.75928331196104,2703.19171611299,49.11387049634509,4.165506224596743,1006.9190260608873,-5.413972934964926,0.0,NNW,1.51107518278984,Aotizhongxin
292,2013,3,13,3,179.25999818669322,230.76472413980912,19.06582021568353,59.91731863200547,2690.471465436226,39.78107223843528,3.6605142243796553,1011.5490600501565,-3.5925866272171936,0.0,NNW,1.0397158083796112,Aotizhongxin
293,2013,3,13,4,181.6700978368531,268.75758702961326,19.397178683821288,55.05527648682741,2790.4841060376752,32.86773611598755,5.239045430439436,1009.9885321777392,-1.8986757004675634,0.0,NNW,1.9932452411660309,Aotizhongxin
294,2013,3,13,5,188.06551890007609,258.1679840533396,16.86965204827301,60.940911047343405,2835.2562778001834,29.178758288063708,4.500950305199871,1006.9623924907609,-2.409737062241189,0.0,NNW,1.2330738052652106,Aotizhongxin
295,2013,3,13,6,190.51580605526425,267.28076787581495,21.880631190587067,63.25639275005169,2971.543412408573,18.948295575584673,10.332129015943377,1006.0233735750534,0.8457595848202417,0.0,NNW,1.3666830056945285,Aotizhongxin
296,2013,3,13,7,186.72194246289365,258.3142223081705,19.683332175915993,62.44725264222221,2841.0678772575475,26.73245487465665,12.890900091612814,1005.9514896105429,5.127076497231574,0.0,NNW,1.9477006335278915,Aotizhongxin
297,2013,3,13,8,187.3233292894878,273.71293675541705,16.364539995324492,77.16145665997155,2820.4336444466117,28.940829609567217,11.73142442084207,1002.4985665314488,3.722011571575879,0.21409122530499555,NNW,1.981194094430024,Aotizhongxin
298,2013,3,13,9,183.7849686950575,228.9238917591067,25.258313574550115,62.16794590718303,2768.098483005887,37.24887851049595,12.920107490164252,1009.1721062432721,5.381212130177081,0.0,NNW,3.0047469054268525,Aotizhongxin
299,2013,3,13,10,180.82321373481687,252.9863958054845,18.929290500151374,58.83608450353043,2593.3834135162565,63.12244210638291,18.093078509378298,1011.0606471806057,10.287668246625588,0.0,NNW,2.7448262816082885,Aotizhongxin
300,2013,3,13,11,176.10630045558696,245.49063306284475,15.83431356531469,54.49361909681098,2503.4489082099926,51.953904316899205,19.276846223046615,1010.981709006707,11.258027305672156,0.0,NNW,2.4407937930943473,Aotizhongxin
301,2013,3,13,12,165.02574905882307,226.49968480643545,19.24561358010547,49.9010110186969,2390.316471945748,62.4176688988431,23.833089510657523,1011.8273271308005,15.634003871445701,0.0,NNW,1.8827603063672589,Aotizhongxin
302,2013,3,13,13,155.02045354495954,234.29090041929965,19.231351602647216,39.16052322695066,2158.0487301945113,69.2036725726823,22.47953414454953,1013.5608622424858,16.139795059587808,0.0,NNW,1.676787236656338,Aotizhongxin
303,2013,3,13,14,150.77419931852822,202.21058445738177,12.063951733058346,32.434029028169235,2012.720709169644,88.37580912842367,25.476028096533344,1012.7935480384848,16.183307085254416,0.0,NNW,1.9787259813285782,Aotizhongxin
304,2013,3,13,15,147.00247694466566,213.5214294948885,12.50665855337155,32.192392852415274,1903.9203385558997,71.92181499121077,25.17099038408754,1014.5364234511921,16.911234077939966,0.0,NNW,1.5549741146683838,Aotizhongxin
305,2013,3,13,16,142.15131189087234,202.5743645342821,7.705864527068984,36.933923515619014,1771.3435788143752,79.42541429203034,23.644865996970566,1015.9974609624579,17.266921997179505,0.0,NNW,1.4392558362594388,Aotizhongxin
306,2013,3,13,17,139.62360874896856,208.08824477391113,9.728792616250624,34.69138898170971,1830.4261554638674,83.08615193948488,24.0203287805823,1018.2229822809752,14.803744894535187,0.0,NNW,1.9369654820547864,Aotizhongxin
307,2013,3,13,18,143.7120431207943,194.52496952133697,9.402812338720391,23.07681219449271,1709.088488439651,96.36534855774768,23.38886664957775,1019.7577167465902,14.24873475796177,0.0,NNW,1.2972931247028676,Aotizhongxin
308,2013,3,13,19,142.36798277677894,191.98548689625292,10.72485196941962,31.824233031563523,1763.1198397968008,97.58920259477125,20.130272778583095,1016.3713334454994,13.23118419526081,0.0,NNW,1.346459654048581,Aotizhongxin
309,2013,3,13,20,147.55338497659798,217.53543804201115,11.668154416988838,26.122814619993886,1839.7681966161488,86.39647329155041,17.734117448714596,1014.2405559437914,7.598246687744032,0.0,NNW,2.763899271171779,Aotizhongxin
310,2013,3,13,21,151.51217304479914,216.3702553460199,13.143951440551442,31.128828771751,1979.6927972404308,90.00676327028249,13.69082485821949,1015.6068274874597,6.68177154275923,0.0,NNW,0.8962567264340626,Aotizhongxin
311,2013,3,13,22,156.85465166748668,204.14713886771375,13.212927968899876,31.211812947566415,2109.9959102795756,74.27660996468991,14.128116745830997,1018.5229822251779,5.393664876960552,0.0,NNW,1.168177916102948,Aotizhongxin
312,2013,3,13,23,68.4851877223598,90.486212666671,10.073676894599899,38.3704579866997,1442.7529435135161,64.74444365139482,11.566819867214779,1011.3784823552451,4.181820790495412,0.0,NNW,3.018619061215999,Aotizhongxin
313,2013,3,14,0,79.55142447138758,115.2358207984232,12.184598682776745,55.73064055639744,1650.944720426753,71.78724086585622,7.313093405104779,1013.7716814942656,-2.51800844547866,0.0,NNW,1.6862886322906108,Aotizhongxin
314,2013,3,14,1,90.57003436846574,135.17569033131792,14.654872367121584,50.915750080764305,1844.5146306844317,58.40570062477496,6.153313272931119,1013.3778258867286,-0.06907232723132828,0.0,NNW,3.1008208101918213,Aotizhongxin
315,2013,3,14,2,103.02737824400744,137.44602300968086,16.653278224230313,56.08226006841854,1910.611943173529,40.14469334092418,7.462072746144807,1008.7799702803491,-2.363785228689507,0.0,NNW,1.066107903339965,Aotizhongxin
316,2013,3,14,3,109.3245970461349,123.91187596641943,,47.56439338966729,2077.9900087198093,52.29653985157982,3.299643768428817,1007.0630169386292,-3.612930701251202,0.0,NNW,2.0590257366022664,Aotizhongxin
317,2013,3,14,4,116.81996760925149,168.7801865103224,15.841310058363451,59.846556814626936,2250.716717851689,36.26443859518624,6.2471743241474895,1008.8197863467443,-3.5160192515164885,0.0,NNW,2.6174617731189573,Aotizhongxin
318,2013,3,14,5,118.57591325801656,153.8030716617834,18.75738398693324,62.38799729582353,2306.897702760916,32.54361911553125,5.501825302458922,1007.876804414163,0.21427660909251767,0.0,NNW,1.2752227721320955,Aotizhongxin
319,2013,3,14,6,120.89480387929828,149.07933744979346,22.85902849464215,58.36685211645276,2307.1943099361793,43.93004368199712,10.596049003261985,1008.3895483426418,2.4889763304792916,0.0,NNW,3.3394662525699683,Aotizhongxin
320,2013,3,14,7,119.35200645049959,138.769549780858,18.929996707955503,64.49183981940988,2378.6655106883054,,10.095170092998005,1011.3177897315343,5.021455735493481,0.0,NNW,1.687720173622997,Aotizhongxin
321,2013,3,14,8,116.74297763533157,171.57997729144162,20.711373968450665,58.887049753867544,2280.459903647302,42.23895026579193,14.302377326184857,1008.0039660878309,5.0740460950688675,0.0,NNW,2.4072719607685906,Aotizhongxin
322,2013,3,14,9,114.3560470591425,161.38464038684913,18.116907777149027,59.78210246567961,2186.9563615784173,48.941726311044306,13.858008977308307,1006.080016396155,5.194032933235114,0.0,NNW,1.4575563099323974,Aotizhongxin
323,2013,3,14,10,104.86996089061218,144.56138143973453,18.270349771974168,55.97202407855148,1976.151923399528,39.67056920727616,15.715397427538804,1009.6332800043368,9.531476233137058,0.0,NNW,3.19329107981807,Aotizhongxin
324,2013,3,14,11,106.00408134642964,162.2959575146291,15.608677594083984,42.530346039469265,1949.3330256002062,57.378029519258995,19.64861081419833,1011.1890183628982,9.509316781535658,0.09145973519346015,NNW,2.242687768228789,Aotizhongxin
325,2013,3,14,12,94.21544046735521,138.274863484528,17.00119641818506,41.810385740134485,1622.3892859389111,73.49473105261623,22.46509299878573,1014.5343372741766,13.416193014980818,0.0,NNW,3.6778239205018206,Aotizhongxin
326,2013,3,14,13,81.59411466312866,130.39476095559928,9.07073555226809,40.44261336003625,1541.077483723729,56.90580469016692,22.894156514819766,1012.9005664346572,15.636759159353764,0.0,NNW,2.9432576090278024,Aotizhongxin
327,2013,3,14,14,78.99112951020456,,11.410063974834367,44.47439544925381,1435.0882195220245,76.99908888831227,25.796719402303133,1013.6818643326093,16.26854853725863,0.0,NNW,2.669626314953952,Aotizhongxin
328,2013,3,14,15,75.94457685045988,105.9769013511042,12.354184124150189,32.91161775863498,1336.809651545135,69.3829921838608,24.685069648284355,1012.7931459135996,17.467795781312923,0.0,NNW,1.2359063658165712,Aotizhongxin
329,2013,3,14,16,73.67349744073177,86.97576266754432,12.270958725096387,22.384010484971807,1164.7727298381149,91.86461193301494,21.537102520240772,1017.4249526030504,13.792709097773349,0.0,NNW,2.067083291160285,Aotizhongxin
330,2013,3,14,17,73.18986680264999,100.17199020515531,14.649228736816141,28.873521548169453,1210.3894407401463,94.26720149472442,24.48947200663389,1023.5260435025233,14.219003571020613,0.0,NNW,1.746658146202743,Aotizhongxin
331,2013,3,14,18,72.11865449993438,98.47995776224136,8.82692599940327,38.66039111457408,1124.877672506248,81.45677659750902,20.74726222314474,1016.5548180319921,14.19891540511994,0.0,NNW,2.0209818067513665,Aotizhongxin
332,2013,3,14,19,69.551862225319,103.63874348807731,14.608816154137276,33.01513525493078,1129.4210756723078,106.24443217913533,19.457603927485223,1017.7335390404893,9.56395428769337,0.0,NNW,2.118176622401461,Aotizhongxin
333,2013,3,14,20,72.8520931332328,102.44856919794489,8.692801501098796,32.05970416779619,1272.3031528432202,92.7168881859838,19.917887256334243,1015.2344613122923,13.074805901793649,0.0,NNW,1.2794420240810744,Aotizhongxin
334,2013,3,14,21,74.9110049651211,111.10947833396868,15.450405328701194,36.662585780127614,1417.1510134143368,84.74695938102538,17.659217586181637,1012.9729640659411,9.851930683548058,0.0,NNW,1.87475003172791,Aotizhongxin
335,2013,3,14,22,85.0246873343885,126.06896359953285,14.952401380095115,46.51963233142904,1482.765436615242,79.00610896106137,11.548569396335576,1015.368471878401,2.8660506992769634,0.0,NNW,1.9228889352034566,Aotizhongxin
336,2013,3,14,23,91.6718864553043,149.88992781125745,10.965529035590723,48.42863345009085,1588.9927006694143,76.30974521962528,10.866679945947762,1013.350471792387,1.2085761585064365,0.0,NNW,1.1918172728902787,Aotizhongxin
337,2013,3,15,0,96.13446902120992,131.43529007683264,15.921117711755466,49.53408304894126,1778.5092745451793,50.0435759275584,7.100520452500557,1007.2288917138684,-0.40557555938721823,0.0,NNW,2.6403337466417547,Aotizhongxin
338,2013,3,15,1,102.61349700767357,134.2486688040792,16.140387718916028,58.725518658771094,1971.387051977354,55.47559985704722,5.909436493807708,1013.9259622059676,-3.399350696408583,0.0,NNW,2.1779881706210773,Aotizhongxin
339,2013,3,15,2,111.50065147170044,158.5617482135447,19.376753781025002,46.346791229887515,2123.0550900672406,51.33190385377328,4.432078614761489,1010.3319287526742,-1.7559911711596468,0.0,NNW,2.650602567934502,Aotizhongxin
340,2013,3,15,3,115.45895669608097,153.61973910311792,17.86571914063281,47.1240136050087,2343.670009666454,38.32096983731071,2.413484479405273,1008.6122571942744,-3.719839606639628,0.0,NNW,2.3897748322280794,Aotizhongxin
341,2013,3,15,4,116.93763379175198,178.53229499281812,18.408388341937,63.57729728083941,2246.144353393058,42.99731759982869,5.483324572709881,1006.8259192528932,-0.05362439581112399,0.0,NNW,0.6290996088971781,Aotizhongxin
342,2013,3,15,5,120.90939531285852,166.44097304854958,23.936912879733896,64.86796220298567,2366.2570670144605,48.168797347113355,6.771994042574865,1007.9809590895409,-0.8066598018121727,0.0,NNW,1.333355875264601,Aotizhongxin
343,2013,3,15,6,122.91148680862136,166.42031785333,19.70383731663298,60.64871957189394,2460.737792139881,30.782309122340934,6.922429570167817,1007.902791904832,-1.684035138079747,0.0,NNW,3.322569051974849,Aotizhongxin
344,2013,3,15,7,119.86148889580889,163.09292724262127,22.30889610402064,70.92533788440304,2419.570203533025,35.30761133906024,11.631687567155664,1007.9730136160081,3.1863336961496787,0.0,NNW,2.6280712806026076,Aotizhongxin
345,2013,3,15,8,114.9803229981967,168.15662643219179,18.654072563789594,47.41759938407889,2168.74884917313,30.143511946849586,11.757689223331964,1009.8058590700848,3.202557849128582,0.0,NNW,0.7026886118548845,Aotizhongxin
346,2013,3,15,9,111.14096406969051,154.01987986525185,23.53552368361531,54.86395757526852,2171.802544030144,24.452440372228388,14.044182262711479,1011.0550085617339,6.416190570205139,0.0,NNW,2.3760088260227894,Aotizhongxin
347,2013,3,15,10,99.1354232681048,132.3729243740429,15.46499611199352,51.12035564097908,2067.3094244372733,55.289321805205105,18.377945128187363,1013.5111861272368,11.032856011570267,0.0,NNW,1.3344680629754113,Aotizhongxin
348,2013,3,15,11,86.2701395236742,137.4317145093792,14.451664631771052,37.08596662125474,1938.220883750359,53.2721859240445,17.685977015041207,1009.03222040959,11.533323564066553,0.0,NNW,0.322808409399709,Aotizhongxin
349,2013,3,15,12,75.63179128558883,97.32280939320687,19.57355154334771,56.95784805815443,1640.2441244722515,60.47579417152788,23.431086359419684,1010.8531569724655,15.461271482813732,0.0,NNW,3.325767201505587,Aotizhongxin
350,2013,3,15,13,167.0134313256658,234.17446459626206,12.371065601801638,28.950008948642996,2214.186667879494,56.60273994582775,23.05700030175284,1014.0164595595959,12.952159305952502,0.0,NNW,2.060260654357529,Aotizhongxin
351,2013,3,15,14,61.02163294113347,91.95334763368915,17.30322291849318,30.29327954153852,1237.7129059071983,70.64496470963809,26.143187377481816,1012.9418182825244,17.53205598778896,0.0,NNW,2.1735827047843026,Aotizhongxin
352,2013,3,15,15,60.709854373335254,68.68044501849862,14.139987832851702,38.12170243871013,1313.7732903886056,88.64360742148492,26.932195788743734,1014.2995037611884,21.26597345882852,0.0,NNW,0.9945831059957151,Aotizhongxin
353,2013,3,15,16,59.37293418820659,87.92471287754847,10.205923861395307,32.84785467174108,1165.0103913151652,,25.619488426426393,1017.2805861819355,15.284620570718372,0.0,NNW,1.0774900029350494,Aotizhongxin
354,2013,3,15,17,55.73616739321398,67.47955759569507,4.730490452503184,16.81608590234066,1017.1156622858136,84.43998323778084,22.442294098751923,1018.631313841405,15.551019039353996,0.0,NNW,0.7266902436800073,Aotizhongxin
355,2013,3,15,18,54.637877350275275,84.7208560987254,9.942045087184493,30.459913674085094,1026.9452004855132,87.07528277863423,20.194820252138868,1019.5518559055578,11.608960581763707,0.0,NNW,3.133580865354877,Aotizhongxin
356,2013,3,15,19,51.64998510305199,62.68346902508301,10.475261029154932,27.999759303484407,1042.3388761502238,71.78432437316215,17.848891004997146,1016.4444003039301,8.523694539397866,0.0,NNW,0.6853370845302034,Aotizhongxin
357,2013,3,15,20,54.57294523422132,83.32981364639845,14.171526180990927,46.34377642120297,1117.363733054401,87.89983973563453,19.242556503577177,1017.2564329459982,11.835973077245365,0.0,NNW,3.2934279746566086,Aotizhongxin
358,2013,3,15,21,58.185869356477504,92.51854776201563,16.229807622787597,34.08938770481548,1137.6633094999115,65.12568838050538,14.797799831699727,1016.0210493777203,9.139229370133876,0.0,NNW,1.2105889961332963,Aotizhongxin
359,2013,3,15,22,65.68994703342628,100.58029110312484,10.445038462568755,33.870065431451735,1294.8100553611353,63.10384418720975,11.51297685717852,1014.5353148903599,4.023643122353277,0.9686444205449236,NNW,1.0176965972481393,Aotizhongxin
360,2013,3,15,23,69.61645190614135,99.97619915097891,16.10945006645194,32.97160344099419,1370.7572690894742,55.9783284374914,9.801876772691665,1011.6620768950966,1.4080604576298068,0.0,NNW,1.9557021304215056,Aotizhongxin
361,2013,3,16,0,79.45840931618169,108.92876361335736,17.296206468040047,39.04605306435543,1687.6553890096927,58.24775033369455,9.549864001565776,1010.113577821595,-0.39420985784377716,0.0,NNW,1.4526325026538691,Aotizhongxin
362,2013,3,16,1,93.35393632126762,124.93131508642624,19.514333332743938,43.57022813830515,1833.2781852726334,50.00499683705841,7.507855640194938,1012.0392543343993,-0.6404181014591667,0.0,NNW,2.0778364307248607,Aotizhongxin
363,2013,3,16,2,100.15432437436456,154.9264010322814,18.996069736406632,65.96879051129538,2024.550677454081,47.487749616917455,5.998500970672599,1007.8343612402316,-3.9997237597615625,0.0,NNW,1.2982747780852155,Aotizhongxin
364,2013,3,16,3,107.97437469835675,144.16917237602303,12.708040833047427,59.285894943862715,2217.7506354902894,33.26976887257188,5.956829086139607,1004.9106284444132,-2.5080572459907375,0.0,NNW,1.7492138002300537,Aotizhongxin
365,2013,3,16,4,115.50250934313794,151.33285234469315,18.863859721338912,66.8424850674866,2281.423743377576,48.40431810845282,5.61100027035474,1007.6063503344974,-2.4835862022326656,0.0,NNW,1.3932854609685323,Aotizhongxin
366,2013,3,16,5,116.89464013073349,170.30618553335518,16.362506406694596,76.43249732562846,2315.8789277640417,44.1921300300366,6.792915548100252,1010.0808514728542,-4.7478966879654605,0.0,NNW,2.6889805787730503,Aotizhongxin
367,2013,3,16,6,118.8132352693031,158.37716134515938,19.392182681245778,46.13228686234028,2360.2019559986215,33.26186487108279,8.260470034861095,1001.4102991231955,2.3429533417429256,0.0,NNW,2.4100983931123796,Aotizhongxin
368,2013,3,16,7,117.84137966110234,155.477296550882,22.769641839847022,74.54950664338436,2332.261047996957,31.068187176893915,9.99990813155867,1006.5937103222476,0.14212592187801176,0.0,NNW,2.198175377151229,Aotizhongxin
369,2013,3,16,8,115.23507138015877,146.89305731052463,20.24557952654711,62.76368336995545,2330.598982448943,32.55578997193704,13.541870374721714,1009.0203027117302,5.262931572965672,0.0,NNW,2.8428379383209377,Aotizhongxin
370,2013,3,16,9,107.37547356680017,145.49656459891503,21.979806505125037,62.62252259685451,2157.38842088596,39.22088052022952,15.541923159300593,1004.8174732276376,8.342673028019368,0.0,NNW,2.2105436194570585,Aotizhongxin
371,2013,3,16,10,101.26031082823951,140.9372849205704,18.52526176214062,48.37277422601399,1982.8624356469704,33.497547712488235,16.267117904364767,1009.0733341675979,10.229942481633536,0.0,NNW,2.1430395375436415,Aotizhongxin
372,2013,3,16,11,96.01687534629694,136.8545427614227,12.399117406505898,44.135385714462274,1924.0550736558714,43.93345075031857,20.79331157828398,1008.4269902853823,11.605082068724732,0.0,NNW,1.9040370198522865,Aotizhongxin
373,2013,3,16,12,94.05687842440148,141.19269223715688,7.4374589802817965,48.910767118503905,1813.9792452131294,68.60120391984967,22.441938411434432,1009.9856437719862,10.678160519975089,0.0,NNW,1.4270014814408731,Aotizhongxin
374,2013,3,16,13,,131.45012576259128,14.152331059526166,58.90040150060133,1550.590973623302,69.4886009883217,24.577374241217033,1012.4892588101086,18.195369815233963,0.0,NNW,1.4287661156510947,Aotizhongxin
375,2013,3,16,14,91.50669155878853,126.20064598677214,11.858220600946506,43.02650650251922,1608.6927267087135,88.8427448597653,24.50294789246814,1012.2537042197357,14.628705562828825,0.0,NNW,2.117696672676461,Aotizhongxin
376,2013,3,16,15,82.22409787163991,113.13178025649867,8.533628875921618,40.98204774761738,1393.1856591589249,74.68571802797047,26.217610470650737,1013.1229324996291,18.75677533602633,0.0,NNW,2.814325433840844,Aotizhongxin
377,2013,3,16,16,80.9458217405859,118.42572512597208,5.567991232123673,26.14348176221987,1315.3199099182418,78.03550282354229,24.567145436591446,1016.2116635158382,17.199529986794914,0.0,NNW,2.4562909951759555,Aotizhongxin
378,2013,3,16,17,78.68217708840041,122.88074955304626,7.966141228136532,20.87984967753361,1293.4183177714017,80.06915641179023,24.746073567745206,1021.2839072525168,11.868029418737827,0.0,NNW,2.4516945294164416,Aotizhongxin
379,2013,3,16,18,86.41916360994314,122.24997104875239,9.416525545405673,18.753560387368054,1263.0044893293314,81.80835516781832,21.38636053793971,1018.5154866348958,10.96410538062305,0.0,NNW,1.1150750966107414,Aotizhongxin
380,2013,3,16,19,84.20819567985049,113.20016540968658,12.168004339673828,21.775293676645127,1335.0034606327229,77.54860552576072,19.41911891885157,1018.850694665522,10.727902108775867,0.0,NNW,2.418265490053334,Aotizhongxin
381,2013,3,16,20,83.84632098626628,107.45618936991733,11.235766225781747,11.257232458947026,1305.5216328894621,84.36051724148297,18.491269235840395,1017.9246518957599,6.615077357431543,0.0,NNW,1.6806340327593996,Aotizhongxin
382,2013,3,16,21,86.21630908242692,106.25078007127541,16.28866783558545,25.058509633136232,1333.1402261992794,77.9687102011478,14.502339909382886,1014.1405066805743,4.495262994996767,0.0,NNW,2.140589301270003,Aotizhongxin
383,2013,3,16,22,83.9339296207841,124.17019818953297,9.393187831863816,30.517174751521246,1421.5836230109257,67.40085498161729,15.720483591097034,1015.1216644582323,7.904801431287035,0.0,NNW,2.4416118958629807,Aotizhongxin
384,2013,3,16,23,89.06633818098541,130.47265868977513,16.349081450659693,38.42075370279084,1637.3541790520362,78.98196525775207,10.849667480168543,1015.4894837473972,2.71694200203164,0.0,NNW,1.0750342401169908,Aotizhongxin
385,2013,3,17,0,93.79437888784628,137.08576569405142,15.141896229386184,46.05400087797833,1703.0816141030373,78.96582922486307,7.9663174173658255,1013.6566749355636,0.42029906333223377,0.0,NNW,2.1259229723918325,Aotizhongxin
386,2013,3,17,1,102.16052538682673,141.73814107803685,18.378102597868356,53.075987851055295,2001.3156272951048,65.19529592817099,7.5695971272938865,1011.0950067892242,0.24342859538716433,0.0,NNW,2.1890098669334095,Aotizhongxin
387,2013,3,17,2,110.76297793685976,169.13751657052117,16.19045541020337,54.88059702045632,2145.56799616686,53.08124013083395,4.619721122144542,1010.5400929883878,-5.903023228324878,0.0,NNW,2.798907810821335,Aotizhongxin
388,2013,3,17,3,124.48086472931972,169.43202567519944,21.75057502760451,54.490590932988894,2345.361588610825,49.94002773297405,6.3845222288495265,1013.3902140244055,-3.5427501662694323,0.0,NNW,1.5864996320236737,Aotizhongxin
389,2013,3,17,4,133.05011876000066,195.82285863607297,20.21580129395792,46.61363892956461,2417.0500405776515,56.91352008365239,6.6835945621046156,1009.3487594153905,-0.1743561536273095,0.0,NNW,1.9510285377305163,Aotizhongxin
390,2013,3,17,5,133.73951681248994,186.84789458759047,17.79129417669209,59.716047658567014,2469.179545880295,43.455047500367534,8.22004704882494,1006.5400521541593,2.5065424103289597,0.0,NNW,2.135971425628894,Aotizhongxin
391,2013,3,17,6,131.16808333842445,177.55180902700084,19.963927913260434,57.22039489850396,2389.659073995182,29.148141474007154,7.2677178911116584,1006.8519259874708,-2.1833941821816603,0.0,NNW,1.586571255491186,Aotizhongxin
392,2013,3,17,7,132.11353481312253,190.88425181154915,,68.04705051201019,2493.0677845284818,,8.165900118793383,1005.0620680753717,0.5542585099388182,0.0,NNW,1.5719617964010546,Aotizhongxin
393,2013,3,17,8,123.83558930990107,177.46618622070142,20.797662070835575,69.59480724923833,2356.0865487448386,44.61180756602221,11.49657759017097,1012.3639448769704,4.707201930141813,0.0,NNW,1.5410859520347537,Aotizhongxin
394,2013,3,17,9,126.39386569538175,180.52113956620371,14.996203657809211,66.65070416021047,2322.358919302286,32.37515772997711,14.57755422604088,1011.6722055449543,6.933887651824807,0.0,NNW,1.8978215736063668,Aotizhongxin
395,2013,3,17,10,124.89842274267048,175.67057606030065,17.411944893652915,61.05562188902256,2283.6029725140083,44.65069181356822,20.08900785230284,1009.6664260725443,11.715858394171367,0.8029158563750238,NNW,3.397669774867688,Aotizhongxin
396,2013,3,17,11,115.78629148732728,161.72187726508986,17.480016983460597,49.108175018430515,1999.5198007422512,64.53344211299164,23.292518043691622,1015.067545012021,14.331543052018134,0.0,NNW,1.9263396591100004,Aotizhongxin
397,2013,3,17,12,101.16918201788815,165.52057475374778,15.0990699215791,40.82435547619283,1803.0463786492392,41.765072649504134,22.58806126883145,1013.26480008991,17.56596507597976,0.0,NNW,2.3900319946086324,Aotizhongxin
398,2013,3,17,13,98.82010016147416,150.19070667802555,17.74672850765438,33.84679706861305,1703.3667293278934,53.96619067715707,23.674339949872284,1012.4324023902809,15.818653512162745,0.0,NNW,2.025274308780996,Aotizhongxin
399,2013,3,17,14,91.12651213353932,134.80538593681018,14.822068322213159,22.940008667186003,1482.2403267953794,70.73592946371673,24.134396517179365,1016.3129050810396,16.71780956400528,0.0,NNW,1.7539788518906723,Aotizhongxin
400,2013,3,17,15,89.86457394583675,126.92839510620533,11.442023703845024,38.79269398033192,1426.6939380282333,81.21446548472072,26.2370355253163,1016.3328208495261,18.72351564643667,0.0,NNW,1.980641838374075,Aotizhongxin
401,2013,3,17,16,78.71930463272254,120.27859849177824,11.319940273570827,26.281803620871433,1307.9917660713536,68.0743106451219,27.942130350877957,1018.005840575475,18.723502740376738,0.0,NNW,2.6154764882480888,Aotizhongxin
402,2013,3,17,17,73.32479186576856,107.83465637599049,11.057367523000659,15.710761125251643,1183.9569408418797,82.88025314056729,26.339030374626795,1014.0914454121329,18.415261909598254,0.0,NNW,1.9572260514089652,Aotizhongxin
403,2013,3,17,18,72.32354145331334,101.51500556237902,11.209898812500473,18.38806899431812,1244.0378021129623,96.53768539088567,23.778032730774225,1015.3793716856054,15.294668698957071,0.0,NNW,1.8712523765369964,Aotizhongxin
404,2013,3,17,19,73.53368903970025,99.91152140292118,4.693396881560834,18.745695822758215,1126.3529537111249,84.83466022796954,21.684953796670783,1019.8065707916917,13.174732409917455,0.0,NNW,1.812181306844114,Aotizhongxin
405,2013,3,17,20,74.73043982892217,103.81344238386414,9.765294093769766,28.023687804432242,1307.5719191292692,91.04152453092226,18.836655280406383,1019.7164020020504,11.312093991934528,0.0,NNW,1.2052158877589796,Aotizhongxin
406,2013,3,17,21,81.98939823624889,86.98939823624889,7.011148889486983,39.397607184834534,1406.1317471561724,71.75652831631365,14.9290640314372,1018.3657593598689,5.555599571584189,0.0,NNW,2.8320721257512833,Aotizhongxin
407,2013,3,17,22,83.93211995431493,119.6109763290173,16.334842842378457,32.216083603235326,1443.0155302566895,,11.306987215163598,1018.9372938071737,1.4998045839579768,0.0,NNW,1.6424511433069062,Aotizhongxin
408,2013,3,17,23,90.59803066115413,121.95248212451217,13.523356214478609,21.803350979680374,1575.0361988367247,74.95921443041352,9.968778866008092,1014.4488318219403,2.722866456616223,0.0,NNW,3.1755276237466123,Aotizhongxin
409,2013,3,18,0,98.84378454107737,154.30799834033715,14.419977150961131,43.486557318728636,1686.7361454664963,63.6926553465619,8.562441591331554,1013.0141667256609,-0.23497429761145106,0.0,NNW,2.1957647979116173,Aotizhongxin
410,2013,3,18,1,108.666111230388,152.32599643066072,18.98448722161231,48.926829701272844,1933.0977572634206,41.67356379469239,4.15929511407817,1008.8794909720398,-4.358228466336934,0.0,NNW,3.124708311343319,Aotizhongxin
411,2013,3,18,2,118.74799938966792,154.35756495018546,18.766974392349624,53.20063815251583,2202.3428278674933,39.49159083837211,5.111315643060004,1008.3389371183074,-5.781879185954988,0.0,NNW,1.8400458478207005,Aotizhongxin
412,2013,3,18,3,120.46263445791287,168.14888669979683,15.149630362795117,54.122446291925336,2243.7395018239886,57.968142880910456,3.7611014681130897,1004.4879442494481,-2.7942743586219594,0.0,NNW,1.4134579392594673,Aotizhongxin
413,2013,3,18,4,119.09373645290711,156.2700201834449,19.117410931340086,64.0600207214955,,29.103812710695877,6.86150347871153,1007.0269009563424,-0.3524722034149297,0.0,NNW,2.834582151114595,Aotizhongxin
414,2013,3,18,5,127.20145641564004,182.8161131390207,18.824128211766187,64.84764544697337,2372.9884283095203,45.19514181003327,5.515183358920549,1003.0533186908881,-1.4227134631117064,0.0,NNW,1.5511886271297712,Aotizhongxin
415,2013,3,18,6,129.55293767488635,184.28358638823573,14.766401334181838,64.80135748698682,2471.778809404419,30.218133027663004,8.421262686106006,1009.1619323417274,1.0022511167026227,0.0,NNW,3.0284294549442605,Aotizhongxin
416,2013,3,18,7,125.5367663173322,185.32986915534775,17.758800431733725,67.61964741732508,2354.7895309500636,35.82009577510198,8.949969560596635,1007.9471686056555,-1.3239658699387613,0.0,NNW,2.4629709998692286,Aotizhongxin
417,2013,3,18,8,128.7443615442834,172.3332882450511,18.779506052872797,58.88184549050595,2328.086303557551,41.29529111482275,14.808358537916167,1003.6175344882856,7.151856984934895,0.0,NNW,3.1715700097902104,Aotizhongxin
418,2013,3,18,9,124.4395014035181,174.55538292720678,18.19068111145721,55.24945026612573,2273.00236284423,21.312518365340324,12.44886459519812,1008.0847387097402,3.535164341680697,0.0,NNW,1.2188225612391208,Aotizhongxin
419,2013,3,18,10,122.94348670417698,158.4706634315814,13.053305728968073,66.0409863166832,2150.2995680674157,32.87282664572701,18.301951016291156,1013.435311244697,8.857665358440848,0.0,NNW,2.765208705029781,Aotizhongxin
420,2013,3,18,11,115.97813198289305,169.3843325952974,19.749091974655034,54.651224179773905,1954.2115664522923,54.3928540603086,18.084113497340102,1010.4545724728159,10.834185859508683,0.0,NNW,1.4058022655598381,Aotizhongxin
421,2013,3,18,12,116.45655232934536,168.22788506548468,14.693690823325683,51.6155684875424,1922.5366835989132,52.7569243621612,21.3070688361382,1010.003258112724,15.794832211267218,0.0,NNW,0.2,Aotizhongxin
422,2013,3,18,13,115.71334434604256,166.95673229473527,13.818564004469085,49.63245578062213,1827.5009075488967,76.43628908030924,23.96953409337114,1009.7230906869021,18.209543221805653,0.0,NNW,2.7167333585860853,Aotizhongxin
423,2013,3,18,14,107.4820591052019,,13.70192491501951,39.20755344499841,1723.2744034164189,56.43879119131876,25.04229380986594,1010.9887067751122,17.97551133763186,0.0,NNW,1.9948784508031172,Aotizhongxin
424,2013,3,18,15,105.1551394734229,151.36492417067996,9.10023733235625,38.284973809358426,1605.2386871694175,83.33022009224355,25.34390026164312,1016.6066938416448,17.298558022454326,0.0,NNW,2.7699312433361545,Aotizhongxin
425,2013,3,18,16,102.96908459382675,160.2001095144434,12.038940900475897,15.044730627749146,1538.33967519848,67.8884228905677,24.886881974353933,1015.4623817742727,16.563568492975563,0.0,NNW,2.0736103930807994,Aotizhongxin
426,2013,3,18,17,105.44659814881724,144.774294837924,9.06914693050011,27.31471445018685,1493.2203295945862,80.62709571578242,22.697487645034226,1016.1276408482465,13.340732265369386,0.0,NNW,2.0171801726099883,Aotizhongxin
427,2013,3,18,18,100.56467909516888,142.17700257033727,7.310243378058425,23.53825230548538,1421.14807070885,,21.82498782723226,1016.1405066731121,13.420388051672244,0.0,NNW,3.1981627749370065,Aotizhongxin
428,2013,3,18,19,104.33111014649059,135.2022912132727,11.890713348620855,39.10295620141711,1386.8313053327026,103.17244446193868,20.047451024268373,1016.5491492325159,13.41023696365059,0.0,NNW,2.094634843494767,Aotizhongxin
429,2013,3,18,20,111.56182076902783,147.50393946065563,15.14489455748323,35.10065617873763,1553.578014535211,68.2557134649106,17.881231046163535,1013.8758010215162,12.61593974420094,0.0718759059094846,NNW,1.6195998125777973,Aotizhongxin
430,2013,3,18,21,109.29442150127211,153.99032303271403,13.638954214524757,25.814302849923607,1621.3523484020984,76.45707257597346,14.901479290789519,1016.1677438933115,5.67675733034346,0.0,NNW,1.9292999074461654,Aotizhongxin
431,2013,3,18,22,110.77459088620543,166.12376270770667,15.268932695421292,37.98235326823364,1759.068624558165,55.231638519798494,13.506195180451474,1011.6545875124866,2.5136749534439256,0.0,NNW,2.1261108427403976,Aotizhongxin
432,2013,3,18,23,109.85309082208938,151.2315189084094,12.144012954800495,41.165069765543485,1809.6115356222972,82.46617734826894,10.140080455226418,1011.7824103094301,1.3437694610579602,0.0,NNW,0.2,Aotizhongxin
433,2013,3,19,0,116.5400348373868,160.79688347922027,10.20714081249463,48.63465146521783,1994.3394504293656,64.01282416177204,8.230921139566945,1014.0216553953303,1.5868523088736475,0.0,NNW,2.3928841305101742,Aotizhongxin
434,2013,3,19,1,127.17477521364629,173.97583285406105,20.764507791812125,42.02564114705319,2069.325925181917,54.89925476842366,5.765767439688337,1011.4583147739378,0.8741833756769406,0.0,NNW,3.0871236275696514,Aotizhongxin
435,2013,3,19,2,140.41963206895477,191.23991818809344,23.66354466821428,57.880131721905805,2307.0361752442336,62.243129392917254,3.762078847187684,1010.8713636924027,-2.27285934282711,0.0,NNW,1.9608089694331865,Aotizhongxin
436,2013,3,19,3,146.9292146262303,208.65061503381062,23.163954227241785,57.316924829425076,2479.743965167525,43.79655488456243,5.2310433960987055,1012.765242879703,-0.8410287853337279,0.0,NNW,1.6633938730031228,Aotizhongxin
437,2013,3,19,4,158.2112354864522,206.52315322924665,18.322769201982943,64.58010618813357,2670.147679942521,40.54507846679981,7.151910803053724,1007.5505649604688,-2.1224297274583863,0.0,NNW,2.310214014935513,Aotizhongxin
438,2013,3,19,5,155.6878423287315,230.77237502689138,16.36572611525881,58.523435204804,2624.6116368535336,37.16910722342481,7.005537808251234,1007.2132913886046,-2.2265462520722785,0.0,NNW,3.3948379127517536,Aotizhongxin
439,2013,3,19,6,149.89653778263886,203.2009299143998,16.8029519065413,60.3194946288272,2595.050004303653,40.636343254431196,6.702691276312337,1006.4713580882993,-3.2830231795869746,0.0,NNW,2.3753558897091063,Aotizhongxin
440,2013,3,19,7,148.65212177572442,215.3320053403956,14.778431428603195,73.70925268871498,2609.9443200215715,30.927440503560668,11.222110038727905,1006.2835425737703,2.2238904345397588,0.0,NNW,2.171498918119927,Aotizhongxin
441,2013,3,19,8,147.19137089634276,193.3679332809411,19.007991163692058,53.90812760896749,2467.6475873272616,36.206491831755706,11.909133947283857,1005.6486913262902,5.280280622400605,0.0,NNW,1.6875366010629484,Aotizhongxin
442,2013,3,19,9,142.29303322602965,205.89864782190367,23.352567780180102,51.32010041539456,2501.557205774028,50.42567675491077,16.071980970720432,1008.6325957164589,10.50871175112282,0.0,NNW,1.1444028762241025,Aotizhongxin
443,2013,3,19,10,127.81006139027372,185.65353202452818,17.07501210438327,54.587349942275374,2178.523686466806,50.27372951557882,17.034996653680963,1010.2100972131923,9.553272560605258,0.0,NNW,2.0187260663525595,Aotizhongxin
444,2013,3,19,11,120.21815258529818,172.1474343394764,17.20106392655743,44.001257900562784,1969.3433675454287,52.38708473141572,20.529959659741053,1011.5274454528732,12.147278219726175,0.0,NNW,2.0332614084961134,Aotizhongxin
445,2013,3,19,12,107.23570323020316,140.1856993042865,19.126790892912624,37.91977094189761,1858.3889762677543,45.99477608969288,21.293321806928954,1012.1287276537341,11.693234580418821,0.0,NNW,0.45432218689099524,Aotizhongxin
446,2013,3,19,13,102.14982207244768,145.5052327974075,12.493618838990196,40.664226867615945,1798.5938936573514,81.45097897292897,22.920675293138885,1015.1464368351526,14.751902559118946,0.0,NNW,1.4185730831139787,Aotizhongxin
447,2013,3,19,14,96.38078640991071,123.1025391265311,18.60659437015879,22.95947314477037,1600.3689477959665,65.8854589004923,22.309860212247074,1014.5588733814848,14.614549703722906,0.0,NNW,2.9270890094086552,Aotizhongxin
448,2013,3,19,15,86.40806382900487,118.44365680964496,17.440749316559625,22.794166496959953,1445.9763253076019,87.55004191385625,25.76811222874174,1014.7169301294648,15.573504119581944,0.0,NNW,1.7935443388427017,Aotizhongxin
449,2013,3,19,16,79.58503748172134,121.71318348396314,10.276538965036359,44.11225658770037,1292.339426455351,83.40817161149181,25.214512715121188,1014.4761506549731,18.59672210788137,0.0,NNW,0.2,Aotizhongxin
450,2013,3,19,17,72.35117071902664,,8.43776807649702,29.357283945970707,1184.820160373027,71.213640429928,24.299918112235805,1013.7316787082895,15.664047117772816,0.0,NNW,3.2809402779236354,Aotizhongxin
451,2013,3,19,18,71.078229118606,99.66135019145273,12.09171413917094,19.02749318184071,1091.3803644691923,97.52275477530615,22.484063653563194,1019.920830355873,15.776187415214995,0.0,NNW,1.2867927378688648,Aotizhongxin
452,2013,3,19,19,75.92102361193892,96.54136729748606,9.127796040998083,29.027204100348207,1108.0285454846749,86.6935521212221,18.856624950015046,1015.4315198804707,10.84024500693857,0.0,NNW,1.623786163674249,Aotizhongxin
453,2013,3,19,20,74.97513210173562,111.4210620641718,7.2002073298757985,32.21813574020427,1263.2045122221527,95.00408866198138,19.037039347765578,1014.4787927323476,11.482864387096539,0.0,NNW,2.8498032974148457,Aotizhongxin
454,2013,3,19,21,81.75887684174374,114.65623995542148,15.308182054636204,38.81317973699095,1436.8557619763424,75.8535825223045,16.489168950138406,1014.7004574492788,7.436245135016446,0.0,NNW,1.4063412402941893,Aotizhongxin
455,2013,3,19,22,85.85104980385039,96.98831374308631,16.14934216183124,33.98275176434615,1504.015083672206,79.54051229967055,11.229453351218918,1013.9432224269324,2.7125304224957443,0.6396349999602823,NNW,0.42403154545090493,Aotizhongxin
456,2013,3,19,23,89.91498712172537,133.7072802335807,14.172439585778074,47.63560072013268,1646.9722552853952,48.845205014112906,10.79818598702494,1016.5711200973182,3.7612491720678753,0.0,NNW,2.174052423971516,Aotizhongxin
457,2013,3,20,0,97.25143703498279,135.90968351027897,11.211405738815467,28.692427800942617,1857.1973735618392,54.99784136406243,9.24141896618649,1011.3437057938177,1.0441716140789294,0.0,NNW,2.6374737237973442,Aotizhongxin
458,2013,3,20,1,100.87503909838092,153.249567217564,12.605516471860444,41.725915858244385,1926.9662734001085,40.799590550124265,5.63459855214003,1015.9726719052907,-4.022862471405723,0.0,NNW,1.624711521475887,Aotizhongxin
459,2013,3,20,2,105.89587052391657,137.30151354505514,17.82168786525746,56.31097121389165,2041.0342091759517,43.75216149961608,4.896688203242789,1009.6273944093064,-2.935950714178791,0.0,NNW,1.9017249493666046,Aotizhongxin
460,2013,3,20,3,107.3175623891576,118.47754921286064,17.035920802417643,61.77920388619329,2100.4569713053766,47.04044786539776,5.801170112317679,1012.5785225920098,-1.6203173624247196,0.0,NNW,1.0561630067668735,Aotizhongxin
461,2013,3,20,4,119.94402159875989,170.7124688217157,18.306848222497365,55.02624977433964,2407.0729624524593,32.30356402884758,3.0752470829878655,1009.4577315439392,-2.8654201285040886,0.0,NNW,1.203629134779373,Aotizhongxin
462,2013,3,20,5,123.08208848178569,175.23056064131967,22.89551859662535,66.39387645588664,2397.3544273275966,44.49027527916111,4.706970129854614,1007.8924457082442,-1.5641999671561782,0.0,NNW,1.7426581600824897,Aotizhongxin
463,2013,3,20,6,121.3054116611433,152.9208600495361,22.199537952267672,60.009278010501916,2323.26320749318,26.433873564499887,6.444269676330182,1010.1556962664749,-1.65268364320062,0.0,NNW,2.5188897832504527,Aotizhongxin
464,2013,3,20,7,121.13910609275224,159.80975307118706,23.96405717293818,62.10284377196404,2296.9247958675833,44.704220479273076,7.305525452761756,1009.4148304564352,-1.515477294234612,1.627278237966225,NNW,2.0782197943971723,Aotizhongxin
465,2013,3,20,8,117.69278121885003,192.32207114358906,16.35825734879042,70.51869848100887,2350.6055976110215,51.44693656412939,14.039219210256013,1008.9392311494499,5.696767111213477,0.0,NNW,2.816039439278847,Aotizhongxin
466,2013,3,20,9,112.0413441427804,153.80177565835453,17.505959199872603,66.41363559883975,2127.301380796446,52.45759182124617,12.0178022787125,1013.0996541136107,3.2322020176456143,0.0,NNW,3.3228887800783484,Aotizhongxin
467,2013,3,20,10,108.28480750735768,158.9083202740629,19.776945086380337,47.0235173810939,2158.970167933973,44.058109481702274,18.102856446172254,1008.5032145760928,10.862098284728175,0.0,NNW,2.709257736118385,Aotizhongxin
468,2013,3,20,11,104.07940970062253,139.2045753071877,17.63833024855128,41.71836920588959,1798.3397557914532,32.27498789299555,21.21752509213283,1008.7160774225639,14.780022776056306,0.0,NNW,0.7280292464687854,Aotizhongxin
469,2013,3,20,12,94.1928337571048,110.96693827141513,19.597141147762866,41.71061283557347,1824.6724299463372,65.82166996737348,21.630673880245574,1010.6475385163761,15.490425419186707,0.0,NNW,1.772977571385763,Aotizhongxin
470,2013,3,20,13,84.12498944145045,116.07240275007156,14.967514892199603,39.60964868856618,1593.8170380486936,65.21812898040997,22.65770260074752,1016.7986416056797,14.039392922001023,0.0,NNW,2.7015965210172608,Aotizhongxin
471,2013,3,20,14,75.7893540059195,103.44905000542624,18.04432731231666,29.73681209140208,1412.2445532001998,62.71607059872647,25.00852193899564,1017.4015200421721,16.24048233987446,0.0,NNW,1.9043640434474995,Aotizhongxin
472,2013,3,20,15,60.368465911380746,80.51706988924933,13.084519499236686,39.1830039186664,1191.332093064339,72.11487888095957,25.00274950089172,1014.485010106972,16.372157864053776,0.0,NNW,0.7045273046483276,Aotizhongxin
473,2013,3,20,16,49.5401429846498,68.20979182344578,13.856375323843789,30.45861065797967,1144.4474747931245,95.99488825905898,26.164515556515305,1011.6208244437345,15.266460131386067,0.0,NNW,1.5584168630953346,Aotizhongxin
474,2013,3,20,17,52.010627379289,75.45756104746096,9.199826028201288,28.930164353214067,1065.0676314387447,72.77474365112516,19.717472327247453,1016.4179390586879,9.913253789427076,0.0,NNW,0.2,Aotizhongxin
475,2013,3,20,18,57.56827302196618,79.09441271821457,10.042861635651967,14.867689368440226,1015.3860037309569,89.68309175621212,20.693006597643283,1014.9734713828175,12.641177088735258,0.0,NNW,1.778003500497881,Aotizhongxin
476,2013,3,20,19,57.594354075068615,67.99203402562243,12.903204080073083,35.019809213288866,988.4390042834776,86.32772741360074,20.842365325874084,1015.8417571884664,13.411272936540039,0.0,NNW,1.45206298040323,Aotizhongxin
477,2013,3,20,20,62.89759460243057,92.91848035902218,15.50880749285697,5.118141346385702,1165.6354559630347,78.07675844797863,17.6638616151869,1014.2213089234303,10.400621202010718,0.0,NNW,1.711483263177585,Aotizhongxin
478,2013,3,20,21,68.91015389854145,76.9804979047338,13.652176941999521,37.530307991064,1268.384962036842,84.12299640279416,16.1280512387953,1012.3164577519747,6.957309605989499,0.0,NNW,2.945180137128642,Aotizhongxin
479,2013,3,20,22,87.43888056795882,101.91085822230033,12.25048468419614,42.47449390136616,1423.517642674895,88.82245258898867,12.804839513334286,1018.2664087366618,4.0681742916052555,0.0,NNW,0.934878914928271,Aotizhongxin
480,2013,3,20,23,99.15260886062148,146.20545735188574,17.83790986307242,36.364409599725875,1686.9235765698465,,9.797894405138035,1011.9267588176258,1.393638695178843,0.0,NNW,1.4254273350253732,Aotizhongxin
481,2013,3,21,0,106.40550984777407,154.03791650823726,8.424064031160357,55.18328173797939,1822.5473471284824,57.568190519228985,7.4754995234942685,1014.8253356065184,-1.0961893247590704,0.0,NNW,1.0865900579872452,Aotizhongxin
482,2013,3,21,1,110.34791943844799,153.91313356308683,12.027391720991982,49.67160047841564,1986.775476963927,59.75017292233898,9.827328485968993,1010.2631629547936,2.8593550669659886,0.0,NNW,2.857068863633023,Aotizhongxin
483,2013,3,21,2,111.15756280434208,141.6661028785282,19.54490267100517,55.49945362661954,2125.556683017157,56.68242821435001,7.643161148156584,1007.2383915908952,-2.319100016786309,0.0,NNW,2.9049897760040073,Aotizhongxin
484,2013,3,21,3,118.1846207834074,158.37935969002962,18.577858974692113,61.85836592296468,2302.95017611508,41.04525839884996,5.743257647142833,1009.4826028739252,-3.9806857604215793,0.0,NNW,2.288060212702057,Aotizhongxin
485,2013,3,21,4,119.92677648020691,165.27001959542463,21.146667972294686,87.8131073701772,2351.2688251738955,35.29562754445256,5.45843757728194,1006.8877592672119,-2.98921536618923,0.0,NNW,2.2466316821105545,Aotizhongxin
486,2013,3,21,5,117.23477431695511,148.169744357996,20.022851698741167,75.0739877904454,2288.176487559758,13.675389135575688,7.146944786185766,1006.7561686572282,-2.901460768820746,1.2232368562723464,NNW,1.0397294196050266,Aotizhongxin
487,2013,3,21,6,115.67070799131295,154.5487046076058,21.712837083811618,70.60904960570335,2343.8114203719633,27.219910876334467,9.169184264943887,1007.2898118686795,-1.6815211534911052,0.0,NNW,2.1593511894493393,Aotizhongxin
488,2013,3,21,7,110.32229076552743,160.9745104535052,17.386420668465767,57.0160806329718,2272.104012714448,24.45873762209779,10.628240028556764,1005.5459451970572,0.3880242891271317,0.0,NNW,1.1024716691851706,Aotizhongxin
489,2013,3,21,8,114.07384463067879,173.97643612584247,21.041585277161268,63.469226679524716,2192.3944708276613,45.195614868507946,11.284739363894955,1004.427600272837,2.920667481221805,0.0,NNW,2.0329551633490217,Aotizhongxin
490,2013,3,21,9,112.83284498053986,153.77163544617028,21.518777490555493,52.637142872959856,2205.4171115535514,39.88330098432789,17.676766151586765,1008.3619268645986,10.622562376074978,0.0,NNW,1.7253211991206565,Aotizhongxin
491,2013,3,21,10,106.58775097967697,156.78773491470872,21.161651811793696,61.576886778262505,2145.5356247333016,44.669783944610714,17.957502792656236,1011.4278354052676,10.934552594245474,0.0,NNW,1.5246664936159435,Aotizhongxin
492,2013,3,21,11,105.27209888831268,128.24033773776307,22.334758109458704,51.30011670792927,1947.3257393568601,53.43896123620716,23.020895045584723,1008.9027222566639,17.40276819439336,1.4573233915550914,NNW,2.0226418872479814,Aotizhongxin
493,2013,3,21,12,97.81700076582754,143.53831348329467,15.73229533050716,36.003826563088836,1702.8268721403504,51.298235298746,22.351789042181476,1012.3079245325313,14.504286718537767,0.0,NNW,2.5418095206549136,Aotizhongxin
494,2013,3,21,13,,113.2107255031396,14.527638035028932,40.472615765297604,1590.8441563739336,82.00294799445055,23.291774009656084,1016.305109522611,15.646074778149327,0.0,NNW,3.4203655344800348,Aotizhongxin
495,2013,3,21,14,85.46436026959313,122.72356054451006,7.930482607478458,28.20466024226956,,85.4819391169661,26.735468448960376,1014.3204702254523,18.35985789341786,0.0,NNW,2.4407879501159115,Aotizhongxin
496,2013,3,21,15,81.40679700873534,111.49199162983237,9.87023189065199,32.067594146969434,1411.5919389395783,93.85873736014055,25.45178043711665,1015.7077226495245,17.149040738512635,0.0,NNW,3.822391844083642,Aotizhongxin
497,2013,3,21,16,72.49025371349278,114.69049529672822,10.090626759057969,20.806873393389175,1259.7551177804232,88.48480740699988,24.859392214654616,1016.440551726123,19.980210212047435,0.0,NNW,2.1607400296188417,Aotizhongxin
498,2013,3,21,17,68.73188632601943,87.48028437302801,13.321329525383725,25.901384541105138,1154.939257418791,83.85336450700733,21.859707729380496,1015.4649402796592,14.251734885263044,0.0,NNW,3.4271098639350592,Aotizhongxin
499,2013,3,21,18,,96.16612631723177,8.166996627731113,31.003758895480757,1097.0992915164286,101.14729303006885,23.06139451956922,1015.0132909631333,15.583805923210402,0.0,NNW,2.3484672701287574,Aotizhongxin
500,2013,3,21,19,59.69821438862307,80.78242551110695,12.559390927801154,25.257067538817783,1080.60366951258,77.3384772980969,19.260034425566136,1014.8511043928032,9.542362971190688,0.0,NNW,2.191831665409283,Aotizhongxin
501,2013,3,21,20,66.39993725388852,91.3768573753473,10.665007830187667,24.55238578693212,1185.2030612344488,72.93854530428084,16.916503637414248,1017.0664934129368,9.532137049771851,0.0,NNW,1.8654176036999504,Aotizhongxin
502,2013,3,21,21,78.80516249370578,108.48868855959599,10.932961748722976,32.484074144728744,1308.98683640795,71.6625543819651,14.264176731892245,1017.0512786297983,7.251674700877443,0.0,NNW,2.239280766161686,Aotizhongxin
503,2013,3,21,22,79.42409563402563,102.73700284269475,13.246681907399768,40.57746096634282,1366.005111022133,77.728712669143,13.070360301017747,1016.1101644768758,6.735825492924545,0.0,NNW,2.3452627991385313,Aotizhongxin
504,2013,3,21,23,88.91140122771228,124.33497205973046,12.532435657728865,30.966152938895483,1664.6985391154221,58.84942419368632,7.696935589636468,1012.5370095180017,0.6420623769887206,0.0,NNW,0.8660377649179054,Aotizhongxin
505,2013,3,22,0,94.07340230430061,131.07628100480264,13.712888255722003,47.08524923764162,1733.317169609557,58.44627011782001,7.612664174045814,1014.1866170818613,-0.5774431680801613,0.0,NNW,2.5600432430619913,Aotizhongxin
506,2013,3,22,1,99.88947212231746,142.25766345531173,11.17973750814226,60.71670745418961,1910.995550228005,37.51097093358922,7.8101644488196795,1011.3206324135083,-0.44397052047513363,0.0,NNW,0.8128049498691985,Aotizhongxin
507,2013,3,22,2,104.75532507228635,147.5025065581295,16.75613737801633,59.58925570621372,2052.3066981366655,52.31097665428244,3.4722384330993057,1009.641484443582,-4.635882585054048,0.0,NNW,2.560937082938533,Aotizhongxin
508,2013,3,22,3,107.51256542916352,158.49753709695128,17.095629467486557,59.60416879706877,2159.044259890688,27.15129679850522,5.259318441401877,1001.7857527688601,-2.579900993256768,0.0,NNW,2.479162744893565,Aotizhongxin
509,2013,3,22,4,112.47421061887955,166.69898102690505,17.782184050874953,67.43840812927994,2187.5129466098906,29.027754356735418,4.393642606703065,1006.0350537578651,-1.704881732087667,0.0,NNW,3.136998020606522,Aotizhongxin
510,2013,3,22,5,112.14742282837429,146.500158741446,21.08024831921546,67.93848817460282,2199.7577049150295,48.023525691739735,5.734206282957164,1004.1281750640801,-0.6568343932410252,0.0,NNW,1.3103180096633649,Aotizhongxin
511,2013,3,22,6,114.2514753428216,168.63979048585796,21.97589585837153,71.0288088732785,2284.577176507973,46.8031831698611,10.411660578719385,1008.2541470141282,3.5410270093080554,0.0,NNW,1.210317921552793,Aotizhongxin
512,2013,3,22,7,113.0282976936971,146.37625250007738,20.526212645372322,48.12706363791781,2310.3822886860517,39.59498523823827,7.524266224682488,1007.3604375324147,2.5680811953879346,0.0,NNW,2.885806839944991,Aotizhongxin
513,2013,3,22,8,109.07549283109257,158.58424884490697,22.316372590270618,49.89285900638266,2182.6166107888002,41.106000722741335,13.560255056232217,1005.5259002083076,1.5758974933169783,0.0,NNW,1.1401285941707922,Aotizhongxin
514,2013,3,22,9,100.67767950498946,147.14613915401392,20.262219683423833,67.18076881959685,2070.5180808295727,37.01273399879372,14.283107596834181,1009.0731912110026,5.593019735345136,0.0,NNW,1.061413353638836,Aotizhongxin
515,2013,3,22,10,92.15739074711969,109.90717812934251,16.614831430583074,42.957766590708474,2043.623996664436,39.77096336257799,16.796694473306705,1006.6530152675873,8.77978554463513,0.0,NNW,2.1668943275220856,Aotizhongxin
516,2013,3,22,11,87.94352700349835,124.05073027019178,14.905526368369467,53.38868998780406,1714.8046398287686,49.907106894863176,18.3326564862676,1008.6183785779523,9.32431227532614,0.0,NNW,1.9626467656336064,Aotizhongxin
517,2013,3,22,12,82.18262440092025,110.37071302768518,15.938466710300538,42.18360275174167,1619.709295411837,44.86345825537683,23.20191726777593,1010.5795573382701,13.807291180797343,0.0,NNW,2.1242842684268526,Aotizhongxin
518,2013,3,22,13,70.50783206865042,91.12331231675684,15.427206104193099,31.854105133181605,1555.3652419368916,68.99496167709965,23.373147113418362,1014.3743678692023,12.797407652873552,0.0,NNW,2.430181360838798,Aotizhongxin
519,2013,3,22,14,63.66973264344295,102.64614900781018,16.693532921094498,37.7971980571798,1307.1279275477825,72.9883112480841,24.182754142198704,1017.2988833584078,15.71576122407231,0.0,NNW,2.434648246380232,Aotizhongxin
520,2013,3,22,15,60.46207770133368,78.11011737549296,15.037985228887552,32.46613240600162,1165.5546508611053,68.343456862561,25.16475539380611,1014.3635170092449,18.50579597456886,0.0,NNW,1.9377017117572801,Aotizhongxin
521,2013,3,22,16,149.01689789891145,200.55988776729552,9.0454539615563,44.562233141082245,1904.1634675280723,97.33745428302454,24.40382757427798,1018.9750443021387,17.564732087734388,0.0,NNW,2.038522629218893,Aotizhongxin
522,2013,3,22,17,48.1933259932923,68.22760579066014,9.864352028172874,20.68299383793152,1001.9377992547666,90.21728276009719,20.659222218214104,1016.9244362326683,11.531027388853051,0.0,NNW,1.946411784832343,Aotizhongxin
523,2013,3,22,18,144.52060574618096,209.1847455076375,12.01305341475331,36.52088096055339,1738.7494262172474,91.91841804008857,21.334831537399438,1017.4722763218505,13.665199155196968,0.0,NNW,2.028219486518136,Aotizhongxin
524,2013,3,22,19,47.82522563188155,65.5388300245329,13.374364202731574,28.50086678929315,1005.8499208913007,79.27474639683506,21.343161336422487,1016.7020200159905,15.379561059246624,0.0,NNW,0.8900408767958814,Aotizhongxin
525,2013,3,22,20,147.76920168085036,218.54058780988302,13.486781387192185,22.39131687196953,1802.8380114638892,81.63733431434773,15.328265754856748,1015.93549951215,5.048165186838899,0.03727531227204176,NNW,2.6051119680641963,Aotizhongxin
526,2013,3,22,21,145.31723195612904,208.75388135822152,11.272832595573222,37.251836036407006,1828.8205900300093,83.95139623153791,13.36509315021547,1016.4141339794106,5.126839179656676,0.0,NNW,2.839226703190911,Aotizhongxin
527,2013,3,22,22,145.0202656401928,181.24625869895561,8.737932042714448,39.5259080356316,1954.4822787398048,74.02782367100237,11.771622455877004,1015.9806423723641,4.201366892090413,0.0,NNW,2.509943377335429,Aotizhongxin
528,2013,3,22,23,152.4480340737627,208.1325780681977,10.709095645750619,40.11036545681396,2065.5068065452924,82.48948397526176,8.911564872044291,1011.5248726182409,0.926587882099477,0.0,NNW,2.448402588666894,Aotizhongxin
529,2013,3,23,0,161.25149543372424,220.13367261369694,15.817900542958244,47.130362851524986,2290.5466290596178,57.96212430583249,7.887103964922113,1011.621399060861,1.1630540559482039,0.0,NNW,1.207519079640508,Aotizhongxin
530,2013,3,23,1,165.39880028638225,236.35192993522938,17.32077196378564,45.400484653686156,2444.4383487057835,48.48391855007588,4.700130834637502,1014.0444549689339,-5.546608209855297,0.0,NNW,0.8677936600006506,Aotizhongxin
531,2013,3,23,2,175.1885987684161,219.01586771204143,14.203961879696845,48.39370299796394,2644.1618129499093,53.84252876471426,4.758959951395258,1009.854377308637,-4.749768039800863,0.0,NNW,2.664714222123585,Aotizhongxin
532,2013,3,23,3,174.75572195493672,,18.669242738600552,65.21767301431161,2737.2847373899544,29.67585774747119,4.928008202600998,1009.0378538029255,-2.0489297833550086,0.0,NNW,2.0228547515751574,Aotizhongxin
533,2013,3,23,4,179.2589614382842,256.27280696253996,21.22380008983754,60.52899268118258,2760.1950279384364,47.59233422847016,6.314152361421273,1010.0044100590127,-4.239183730221249,0.0,NNW,2.1356259065024017,Aotizhongxin
534,2013,3,23,5,177.41190931437325,249.86544107929944,16.37594915892391,63.677852539788624,2830.636335427567,22.844736336853465,8.206930041305009,1006.1678818699853,1.424581802854924,0.0,NNW,2.1715932956379365,Aotizhongxin
535,2013,3,23,6,175.82679009449254,257.973183296481,23.314991605413244,67.23857276755422,2831.2404930662583,41.3858466605855,7.536611457354365,1006.9320787561975,0.2113386917022344,0.0,NNW,2.205642212717789,Aotizhongxin
536,2013,3,23,7,174.99415956843026,268.4283639239286,18.697035685765865,66.44082328405183,2802.7145428538684,29.369118801046667,12.832090361868739,1008.8040606617518,5.944969971426779,0.0,NNW,2.51723258761739,Aotizhongxin
537,2013,3,23,8,168.55549343215557,244.6851572509018,23.102966356652146,50.88589630789626,2670.8811384234973,43.11520637522296,12.135952678158006,1010.1476774436345,3.43201819901845,0.0,NNW,1.9236573827362613,Aotizhongxin
538,2013,3,23,9,162.24971257729953,236.63772857293552,16.935176568605037,69.43215231536982,2529.4370224698096,51.39575993094648,16.243312722384797,1003.7341795070564,9.008070377454974,0.0,NNW,0.4759252198621864,Aotizhongxin
539,2013,3,23,10,160.06168037856088,225.39325277462905,14.420123551347462,55.96945721520542,2505.593537481815,49.03421195503919,20.485452053115374,1008.0266624182093,10.727020697889193,0.0,NNW,2.550724411399104,Aotizhongxin
540,2013,3,23,11,150.51868425354388,209.31090042129193,14.919684255987448,48.55515479947322,2222.3339639597075,41.533314356030175,20.208962613853902,1008.7091741617888,11.587205200154424,0.0,NNW,2.462037301130684,Aotizhongxin
541,2013,3,23,12,146.09688134872883,199.77767944817134,14.71455563076804,48.44676804135797,2155.3830791614155,51.03224755492848,20.010777879499173,1011.7523497932159,12.065286289915473,0.0,NNW,0.9642843502953875,Aotizhongxin
542,2013,3,23,13,133.81348257702274,179.0777556906864,12.540465054172952,41.715956646868484,1839.2986917927437,59.1838847172252,23.79660982365583,1011.4487496723257,14.448485686820467,0.0,NNW,1.067162605371745,Aotizhongxin
543,2013,3,23,14,128.6972706417595,173.30603790146833,11.851995735280662,41.13650151591762,1762.758043966163,53.54993106402226,23.741793930583317,1015.8282109990198,16.06895423263471,0.0,NNW,2.70639301861549,Aotizhongxin
544,2013,3,23,15,128.25034168879466,166.0449187208827,12.466361543095836,35.16173375347658,1699.3033241133674,88.95244811698296,24.58835195954132,1015.8803545880305,14.872041116351422,0.0,NNW,2.8952588975421722,Aotizhongxin
545,2013,3,23,16,113.5962050103488,158.27597250763807,10.156334871688609,33.422261756281365,1617.1956889504793,82.75171095217425,27.636723586633504,1018.1085073576305,20.03969980138602,0.0,NNW,0.2,Aotizhongxin
546,2013,3,23,17,107.411611313328,133.5295800663953,9.972033686698639,36.48943472003876,1507.32796121121,72.79296520533676,21.826108903008574,1018.7356450461925,16.438884359589494,0.0,NNW,2.352674447903585,Aotizhongxin
547,2013,3,23,18,108.6976746107222,154.08590969644817,4.8723208023922115,32.068996391767776,1441.8846626936654,99.55674857458357,22.521768045324265,1018.3581720368317,12.636769587398227,0.0,NNW,1.823482919650718,Aotizhongxin
548,2013,3,23,19,108.90771827787817,152.107499508606,11.345464916586076,24.39759371159013,1521.3599054638858,77.13486465584508,18.683418079517413,1016.1580480292253,10.649577905103525,0.0,NNW,2.0593313856635564,Aotizhongxin
549,2013,3,23,20,113.3893144465023,160.21439320897008,10.402263088002803,18.696282675696565,1605.0855022272629,84.15635998535967,17.126703539223836,1016.5386820964354,6.6997619521561145,0.0,NNW,2.1050222390056557,Aotizhongxin
550,2013,3,23,21,115.74093237757575,156.8159896284061,16.295345035515876,44.20024784030517,1635.0515041272508,69.42496407770167,16.11726350280673,1014.6137860952931,6.867832475671103,0.0,NNW,1.390285818449901,Aotizhongxin
551,2013,3,23,22,122.30049496306376,201.98929665009427,9.681304498238124,33.09821301322309,1709.1850524938254,52.31739846670973,12.889055464184327,1011.7705293720604,5.941979221793496,0.0,NNW,2.522136214801892,Aotizhongxin
552,2013,3,23,23,128.9132146684198,194.07965953759086,8.281018788988849,36.03875979106539,1917.3824838030441,52.82607053905044,9.66245159655762,1015.201670919688,1.0165086938724186,0.0,NNW,1.4494804490349489,Aotizhongxin
553,2013,3,24,0,141.34891426813468,185.44305497454133,16.854205481790125,31.106185457884486,2125.8966938864705,55.51509569133569,6.954231700237583,1011.8318707454614,0.06784690839027796,0.0,NNW,2.597610245973386,Aotizhongxin
554,2013,3,24,1,150.13116899441513,212.51231746645016,17.333676280451606,52.8841657445473,2242.954250454818,62.51249258449746,6.813863250386034,1007.7006808462381,-0.6523117115988298,0.0,NNW,2.7752233230840972,Aotizhongxin
555,2013,3,24,2,158.71700828964035,216.12375017612322,14.474700938406563,56.19109283163016,2488.0884059636214,50.96533146819245,7.902271812839373,1010.5738991421752,-0.19450559417061497,0.0,NNW,1.3022728130296886,Aotizhongxin
556,2013,3,24,3,163.2827038607469,218.45098813797148,13.946287040920463,47.02121613373511,2603.0949360757118,43.72438173204876,3.6479720860645646,1008.0165682588217,-5.896146806020635,0.0,NNW,1.321824510312665,Aotizhongxin
557,2013,3,24,4,166.09983764239365,219.13905198811173,23.942317210975062,65.94670041275418,2697.460997647634,18.249088677940218,8.208237565295976,1003.550265035836,1.2364698930422824,0.0,NNW,2.0909244288691253,Aotizhongxin
558,2013,3,24,5,167.36661756625406,238.6354315003482,24.071960303265687,60.33298116016985,,48.552715819574246,8.138992138243342,1004.4229123236253,0.595192730920584,0.0,NNW,3.2029252851009353,Aotizhongxin
559,2013,3,24,6,169.9666513470952,231.13950953523752,12.537629723881611,86.52252005830955,2796.2253625325106,37.23679696495556,9.982962239501175,1005.5987776826778,-0.30909837251285754,0.0,NNW,1.5258327806786536,Aotizhongxin
560,2013,3,24,7,167.2604882124862,243.8429437377327,18.45496004367584,59.763626989054416,2715.4878348218654,34.65767764385169,10.462648571394402,1007.5913949854424,1.015860181469423,0.0,NNW,1.677442828194485,Aotizhongxin
561,2013,3,24,8,165.42257496493295,241.5294270962105,24.322703183273894,58.838961418106436,2679.880016601787,49.673596005277986,14.168504212239634,1009.2459129511789,2.0149608899125857,0.0,NNW,2.2568577137636154,Aotizhongxin
562,2013,3,24,9,168.956619481578,250.27841112632368,17.107346232599138,52.14392582969601,2614.6086541149666,54.79729770601905,13.48675307632406,1009.9720039554624,3.4383128668984213,0.0,NNW,2.5254243380502976,Aotizhongxin
563,2013,3,24,10,166.22791485970833,224.1952131428506,16.02816329792004,65.22301216833577,2500.598358096569,59.04590247609191,16.58612458925244,1010.7057259098606,8.116060197721879,0.0,NNW,2.421573864823204,Aotizhongxin
564,2013,3,24,11,157.6883920841126,225.5174050246777,15.445817242624502,47.19417454633239,2431.9472362520128,51.0586589054041,21.14872072088059,1010.6371800311034,11.56493726035905,0.0,NNW,2.025834894942389,Aotizhongxin
565,2013,3,24,12,,222.94468915399284,11.637309078695523,39.20068676987603,2135.6409762812173,49.965234392158045,22.5148353947012,1015.4444646211964,13.267335500620671,0.0,NNW,1.7555848202315607,Aotizhongxin
566,2013,3,24,13,145.3318035745309,198.72274325330363,8.591577541803263,45.47925917731392,2102.964810012952,76.35970529898376,23.43768515009773,1014.6938377135124,17.5235403864614,0.0,NNW,2.2654582453220358,Aotizhongxin
567,2013,3,24,14,129.94387678689512,174.2037079277244,15.657641932204248,23.957176516694524,1808.5239705228782,58.84945556929583,20.90534492697955,1014.9442107384846,14.448564913036648,0.0,NNW,0.2,Aotizhongxin
568,2013,3,24,15,119.69832810762908,183.67286600844042,5.935655375324237,35.85874874626064,1637.2420035042576,97.1502369163065,24.346788927942743,1016.6687101173935,15.30478664630184,0.0,NNW,3.495403064854467,Aotizhongxin
569,2013,3,24,16,107.44760174558893,152.70160120114502,,41.930689657118094,1526.2495266542062,81.93063054655659,22.898177592443282,1015.5320570126111,16.088484044047057,0.0,NNW,1.8513552660872141,Aotizhongxin
570,2013,3,24,17,103.04453513428479,150.62202669511606,12.830109346827609,30.214346136899344,1363.5054699411007,73.53930310023087,24.400555504811642,1016.7151419293755,18.222864784167903,0.0,NNW,2.1458381982896046,Aotizhongxin
571,2013,3,24,18,102.09598343971504,134.71361669732175,5.646321103296525,30.103186530079398,1375.9667139204103,72.68131445843389,21.78431501901462,1012.8360919208969,14.712137756393254,0.0,NNW,3.6795038489463074,Aotizhongxin
572,2013,3,24,19,109.82395790014414,141.56069639497983,7.397565660769443,32.6419652094785,1449.7643503598763,71.37209741666611,19.057549183750243,1016.0561338064902,11.505940408313087,0.0,NNW,1.4069512845522514,Aotizhongxin
573,2013,3,24,20,114.12868007033967,154.08565435355442,14.309410546252577,41.35715615371538,1555.5493661396872,,21.552556174961666,1019.8499030504557,15.200040791539273,0.0,NNW,3.8656941612881486,Aotizhongxin
574,2013,3,24,21,118.01983663304094,163.98755741235735,13.063141254748382,40.537016056421876,1621.109096181674,77.61374632906582,16.557261715041353,1015.8322844605069,9.711538684977471,0.0,NNW,2.591728872763223,Aotizhongxin
575,2013,3,24,22,127.55066239337131,167.92872728254633,10.648142879363338,38.517357778184184,1900.4612334289336,60.140778264908086,13.995617761008882,1014.7134795547232,4.175976365672765,0.0,NNW,2.3572319755860107,Aotizhongxin
576,2013,3,24,23,125.94154980426413,176.21972163946594,17.312651784570903,47.05475030303758,1993.855606218002,62.90591826200403,13.303322717023264,1015.2913034158112,5.019924336114814,0.0,NNW,2.5151189558729197,Aotizhongxin
577,2013,3,25,0,134.64857938977406,171.62295926499866,18.619607170362908,37.912520596279116,1976.0889589807894,46.32064613908658,9.13221986215919,1012.7156508312447,0.30411624056986963,0.0,NNW,1.3268120061171174,Aotizhongxin
578,2013,3,25,1,145.49661151839754,192.49478190105782,17.101253304559723,56.38672962802899,2294.7166454264757,59.42254193187871,5.1833149479463145,1009.1329371659742,-1.087974826163067,0.0,NNW,0.6808346514713015,Aotizhongxin
579,2013,3,25,2,146.81769518220256,212.2538857378523,14.799519316379012,46.95555223053002,2417.474733411499,46.95406733887286,4.008897209571712,1009.5473150243806,-4.861735866606426,0.0,NNW,1.0556290545323286,Aotizhongxin
580,2013,3,25,3,157.60591479062668,226.6861859096563,17.29518779551735,56.20595627467794,2570.8392909191875,,6.447354138131352,1006.1940278447101,-2.680923318833413,0.0,NNW,2.8699331791670564,Aotizhongxin
581,2013,3,25,4,163.7274590985411,225.29967508408885,20.18928725078836,37.660010674542875,2623.324159647519,25.468257604713767,2.251710317446552,1008.0370973223183,-4.208266570845989,5.498922927726356,NNW,1.251542775884435,Aotizhongxin
582,2013,3,25,5,165.06332011807677,220.91100507453794,19.263844644002877,67.52995380072106,2694.672113352314,32.85029834054564,6.2230765156412655,1005.4948709637467,-1.3874169604610795,0.6361700210717536,NNW,0.6767213061949278,Aotizhongxin
583,2013,3,25,6,168.61667279382988,225.78930639610172,22.816871534704553,59.84902391113318,2711.519649611754,30.852721186536733,4.672245621799853,1008.8565892240675,-0.16008085225268598,0.0,NNW,1.936546686596094,Aotizhongxin
584,2013,3,25,7,176.67721901371948,243.6154241597941,15.240306891117331,73.20767824741706,2778.7748810674416,39.02912135486926,10.148265262584259,1006.149889625012,0.8549029783745759,2.596716486565215,NNW,2.459761864656357,Aotizhongxin
585,2013,3,25,8,174.40767135881458,250.6159248187933,14.847336431723479,65.442048960532,2681.1732809509335,40.01954468655864,13.692914925042723,1006.0204651628087,4.914661030843725,0.0,NNW,2.030921027895542,Aotizhongxin
586,2013,3,25,9,170.6329950260792,248.16864994995407,19.078147240380034,68.13490278134395,2642.167231601525,50.24293149112973,15.419123301905449,1008.2388021174443,9.102074908047188,0.0,NNW,2.4851096242260766,Aotizhongxin
587,2013,3,25,10,162.5823479923218,222.6499698344308,16.025366758579285,46.331227642619695,2425.5186983733206,42.65423456494938,18.9953544894811,1010.2307836382595,9.07670393258957,0.0,NNW,2.92401070204835,Aotizhongxin
588,2013,3,25,11,151.94754186753823,201.19163435470568,14.412949381419384,58.48346919932748,2309.1012252699074,34.92540885047203,22.947240412489872,1008.2912407808077,16.926778949378704,0.0,NNW,2.4570228659776845,Aotizhongxin
589,2013,3,25,12,147.50431378063962,209.18447567155877,9.695829842476808,61.84685075490661,2117.6054257901287,69.9109287659804,21.85576015597246,1010.9574668053529,12.044577082695604,0.0,NNW,1.8767577537858278,Aotizhongxin
590,2013,3,25,13,136.31540712392854,182.60622026724144,13.764542308881941,45.93688549740474,1997.3364570399901,57.11015099708121,27.871730212762706,1013.5044198368994,20.787065557579258,0.0,NNW,1.56454586268276,Aotizhongxin
591,2013,3,25,14,129.36624342588172,175.93021440762237,12.341734675997705,41.322792069538316,1800.9589693599094,61.430829469847446,24.978263197145914,1017.1767370990731,14.213686657447997,0.0,NNW,2.6166436922118246,Aotizhongxin
592,2013,3,25,15,121.24241020322482,182.99213518888513,13.424903039922487,32.21464578742854,1701.6255865449066,77.24650407852616,26.42374759403554,1010.4781023773452,18.49144235401801,0.0,NNW,2.2202514664040525,Aotizhongxin
593,2013,3,25,16,118.39077082827365,174.01823344524075,10.876591380440724,23.482141679788313,1654.795041530653,84.67334022415614,23.74266419104308,1017.5604534262886,13.688368456965836,3.2177696148548653,NNW,1.3113867864041695,Aotizhongxin
594,2013,3,25,17,116.72840657428254,164.99951232651006,9.77255863383317,31.771022455830703,1626.9292688838684,78.83978160007987,26.089225007290413,1016.0624980026331,20.978637862807645,0.37839359016999874,NNW,3.041745765190114,Aotizhongxin
595,2013,3,25,18,119.8563411399862,155.07968758485342,13.53100191037101,12.951336716783453,1432.4504996688652,79.61307318531873,23.63363310967942,1016.0107793062086,14.026187340486146,0.0,NNW,2.209730520386924,Aotizhongxin
596,2013,3,25,19,118.83850075589517,168.48786673295982,6.232968958209008,22.3394424748521,1522.6279708378447,80.23788247957116,22.207176953851995,1015.4673752111738,12.963891440380731,0.0,NNW,2.522330781072087,Aotizhongxin
597,2013,3,25,20,120.75601368986057,179.68499207368006,12.279040637620536,13.511037505613771,1604.4836441495083,95.8160386045424,17.669947083686143,1015.6023358516537,10.473086018140451,0.0,NNW,1.6863851722678491,Aotizhongxin
598,2013,3,25,21,121.60851750466807,166.49558784887992,6.451024599681215,25.228613357748383,1713.0418184817997,77.65088865408237,13.116873653425067,1016.7771683077567,4.215437210079959,0.0,NNW,2.9045720916424225,Aotizhongxin
599,2013,3,25,22,126.04454789996004,189.97350795981117,9.984914359997575,40.136360735148486,1725.8386579919536,62.82037160538205,13.102405708412903,1013.4264270576895,6.152335743941705,0.0,NNW,0.7317133850627155,Aotizhongxin
600,2013,3,25,23,134.7891785190638,201.63230282187135,10.06793337661745,43.866766107713275,1925.6811897714908,56.892642558533375,7.45447028001473,1016.6112792571398,-1.611864987983951,0.0,NNW,3.340397996808637,Aotizhongxin
601,2013,3,26,0,145.58170433872087,220.45171439564393,17.345827606355755,45.40730956428378,2171.1714948426225,57.49115820417631,7.424653482701596,1013.2477335685849,-1.7572729522022366,0.0,NNW,0.44892843184923414,Aotizhongxin
602,2013,3,26,1,149.657614395086,212.5730914184339,16.097864524726422,51.539588854546494,2305.0329452780297,55.90810321271706,6.626366617103988,1011.1018490247932,-1.414971442016833,0.0,NNW,0.898702507549958,Aotizhongxin
603,2013,3,26,2,160.371466722433,230.3939704094663,17.45949026622107,39.913083057086325,2501.852654100469,52.339801619661905,8.906578175875469,1009.1678877643667,-0.918817584564745,0.14801025944941992,NNW,2.2014641902770844,Aotizhongxin
604,2013,3,26,3,172.00722159324926,254.95198311385982,15.215334942744384,56.16163737916363,2681.0842715650188,43.56391650880847,5.477822917912911,1010.8441745017234,-1.9276275350858634,0.0,NNW,1.5753950937556984,Aotizhongxin
605,2013,3,26,4,178.42851988408077,254.2738672084028,18.431046531123524,56.86969522420709,2790.7680422422145,29.93063139621815,5.550047940733876,1010.3419123545945,-1.1340042794614908,0.0,NNW,1.737334482185046,Aotizhongxin
606,2013,3,26,5,188.93271580945193,259.49346105533056,17.539233221518007,59.04603900166504,2907.5148228228177,31.612441347165465,6.245197326102676,1004.8476065740462,-0.9253077139086678,0.0,NNW,1.5751276953312228,Aotizhongxin
607,2013,3,26,6,186.8597842243656,257.1182695488332,21.150365044562648,69.79662902251003,2897.6652624612434,42.33907881864624,5.915795830986998,1005.5962037892018,-1.1192828619456208,0.0,NNW,1.3735396888092608,Aotizhongxin
608,2013,3,26,7,180.85894019979196,255.58806581744614,16.8563557254505,57.43445791373888,2866.4800066001812,24.39093473824234,10.12873876001951,1008.4396312813387,-0.7585440699284893,0.0,NNW,2.2535819635063015,Aotizhongxin
609,2013,3,26,8,170.74704652903597,226.14025092118814,23.319510114537422,57.48306127466949,2600.4204004178523,33.691830974614405,12.566133563179951,1009.5432348699659,3.8736619443913654,0.0,NNW,1.9611505929876851,Aotizhongxin
610,2013,3,26,9,171.96366509705598,239.31654198223643,13.508792557060454,42.44558165805482,2735.7687075996287,48.296959049149834,13.547087256819424,1007.8637849974486,5.206489508353855,0.0,NNW,2.70786720468687,Aotizhongxin
611,2013,3,26,10,168.3679242868758,246.68056518392862,15.080440502630315,52.64701455699064,2436.71929175099,56.25281426635176,15.808072029382659,1008.015110280575,9.989751037076058,0.0,NNW,2.064137465832038,Aotizhongxin
612,2013,3,26,11,160.91015695630958,203.36168122718055,21.325696755410895,41.47368052034146,2336.8507828462607,51.600370161523145,19.2776439758484,1010.8631300264205,10.405682893338458,0.0,NNW,1.6665474877508253,Aotizhongxin
613,2013,3,26,12,154.26546010851325,231.3164651698637,13.694583756113897,45.63362342951715,2222.785641035599,55.88793189429184,22.168467279724513,1014.9533868614919,10.71586554053927,0.0,NNW,2.6195745510372266,Aotizhongxin
614,2013,3,26,13,141.9989325662441,210.02224777977332,9.76126878127416,32.214754724009865,2066.0944870434364,53.24929671312562,22.973922765772198,1013.3761637456169,13.467968505276959,5.626726927187112,NNW,0.5342099435154224,Aotizhongxin
615,2013,3,26,14,144.54651183778705,197.76747041459708,13.157214687613008,35.836337964393735,1806.6087501623158,77.75639922727095,23.0829450884134,1011.9721184603497,14.091155262331714,0.0,NNW,0.2,Aotizhongxin
616,2013,3,26,15,138.85019313009153,199.82417866084623,10.038289367423637,29.70037829033031,1826.5526163690217,90.86546638113157,25.433908378006457,1015.7547003610877,14.199185177114977,0.0,NNW,0.729742286677562,Aotizhongxin
617,2013,3,26,16,134.52021363057437,188.35977635186737,8.16226221422289,41.055826108649796,1769.3712995016062,107.30217568060787,25.467558499144523,1017.8956231613819,18.920612280203336,0.0,NNW,1.7251825839159511,Aotizhongxin
618,2013,3,26,17,134.42626745103024,200.49667811582916,6.8827584361585075,29.659227317844184,1738.7657148940384,88.01260749240717,23.842200601677742,1016.6268745087458,13.487830553400155,0.0,NNW,2.3131744945444366,Aotizhongxin
619,2013,3,26,18,135.32807916664913,199.28614226100817,18.30512081687783,10.282897019501576,1647.75815040832,84.49120348356018,21.226593741050074,1019.5163336249678,13.895626063398206,0.0,NNW,0.2,Aotizhongxin
620,2013,3,26,19,137.24584047509362,178.14346943330096,9.415715168002249,15.562372721396963,1696.55462893737,74.95003952571763,20.892261531848387,1018.5613272024804,11.253666443303585,0.0,NNW,1.9907118305270293,Aotizhongxin
621,2013,3,26,20,137.08095532845124,197.7859615944735,4.893170900079176,28.121155996249893,1719.4300746692031,62.86206595717947,17.30238451643474,1016.2066091715295,11.562861067392355,0.0,NNW,1.716337758339709,Aotizhongxin
622,2013,3,26,21,143.734387434932,199.1718638724723,15.945595371083865,23.41908078912784,1847.3986543285328,79.44726202706202,13.216374438982278,1015.6218219452137,4.802143892315045,0.0,NNW,2.1095696884314745,Aotizhongxin
623,2013,3,26,22,157.47568885642852,221.2942901041809,14.33321271533171,11.253052558113176,2008.2141833150065,96.00339120154304,13.96617608147689,1010.8164805896336,5.247508599598749,0.0,NNW,0.47393440179682145,Aotizhongxin
624,2013,3,26,23,70.09279768797279,90.84819775346375,11.40650548142803,50.61998960861951,1412.7521553392278,79.17859842413218,10.530262028899738,1015.7145486753369,3.322643698884726,0.5042216161631871,NNW,4.092213325833692,Aotizhongxin
625,2013,3,27,0,84.23011554760603,135.40353245785678,12.200642733941574,50.76179213524326,1695.5597704822667,71.16564269113798,7.749996729590916,1011.3409653026594,-1.7609539971901969,0.0,NNW,2.026005621421053,Aotizhongxin
626,2013,3,27,1,89.94982419495692,136.33037207196543,18.314513613987295,54.34419588998458,1829.706980264301,55.985552043016135,3.983167654903525,1009.9059912959347,-3.1535126342551734,0.0,NNW,1.026256995601944,Aotizhongxin
627,2013,3,27,2,93.22683356084697,123.11985534545606,16.759245017531637,50.14141563623268,1970.3939938662993,51.095231602803224,4.2234513184065,1008.4002927869452,-4.499051618848238,0.0,NNW,2.1035530326106633,Aotizhongxin
628,2013,3,27,3,98.9368893160448,125.16553897336038,12.757600450597433,62.56354979181039,2085.038546488019,18.084857287556538,8.027848568574392,1009.3778612190474,-0.8640542013406998,0.0,NNW,3.1958721011152873,Aotizhongxin
629,2013,3,27,4,103.92734764313632,141.64156039061234,24.691846912736196,56.68562548192172,2213.0458727162454,45.97447071302901,3.0782286442882714,1005.4124869795525,-5.053124421137649,0.0,NNW,0.9706804849424497,Aotizhongxin
630,2013,3,27,5,111.30112639215899,160.16660340993565,18.52765774479747,65.95737492752289,2320.690041560649,30.058448647015137,5.962722042693076,1005.2020253051296,-3.6717836112869318,0.0,NNW,0.804157898751934,Aotizhongxin
631,2013,3,27,6,105.55349308462768,150.17694875794095,24.48671520944728,57.63533419330818,2157.3421136837164,27.982726534041127,7.9044285446040945,1006.8949497966013,-0.3819089822759078,0.0,NNW,1.9055681015779213,Aotizhongxin
632,2013,3,27,7,110.64946915114217,167.44058505928146,23.664934005342484,76.44882413022947,2228.8506012040466,32.61928481228722,10.480715184117331,1005.9173442053849,2.9899427548012407,0.0,NNW,1.9738377523785497,Aotizhongxin
633,2013,3,27,8,107.02042488168732,157.72779205617076,16.327098385473754,49.758614843034024,2191.0047626927726,34.779320010878884,10.166053145235171,1008.340340127824,-1.2970589528414722,0.0,NNW,2.567523853713286,Aotizhongxin
634,2013,3,27,9,100.5453419239609,150.45916895107433,21.635103499022183,69.0004062598176,2086.071571591939,35.145974550619684,15.2612643846069,1007.2846875353349,8.898225678913299,0.0,NNW,3.1802342794546785,Aotizhongxin
635,2013,3,27,10,90.28372098732382,129.6657633883577,15.545672350408957,55.311326624138644,1888.7652392076889,47.63872072175976,15.059032257317686,1012.6900725287512,8.282999452509534,0.0,NNW,2.624000665651219,Aotizhongxin
636,2013,3,27,11,176.42886565293637,233.10742461200098,10.693993465100782,46.26064493931449,2560.559726813915,47.94674791035644,20.146143194293266,1012.0928197880562,9.364277432443709,0.0,NNW,0.8898505203374094,Aotizhongxin
637,2013,3,27,12,171.9569766357084,238.7827819785227,13.726205501933572,46.33602337356591,2474.6532315001973,61.00322955756146,21.092470933351102,1013.3617724247579,10.076822489818131,0.0,NNW,1.143166531691567,Aotizhongxin
638,2013,3,27,13,164.48567715138637,240.88084541102754,14.898817279816232,45.69040315537503,2221.6658969491696,51.59869798206269,22.36145013746767,1012.0841717178699,15.624310075869463,0.0,NNW,1.3613594802954196,Aotizhongxin
639,2013,3,27,14,152.0904049054978,212.41133758245044,11.111790056010989,45.933973893555184,2020.940290853893,70.35942229367983,25.911484000892063,1019.3113593488789,19.058262363666145,0.0,NNW,2.6221403771658385,Aotizhongxin
640,2013,3,27,15,140.69688638164692,202.00654462054317,10.54332107129196,33.36300856133731,1885.2051913337732,66.71471363280116,24.646590634954176,1014.6575118773841,17.581142765941266,0.0,NNW,2.4853648800442794,Aotizhongxin
641,2013,3,27,16,134.58618890654967,185.23318131670817,14.100571115863646,20.55392324221301,1636.98736197845,75.2361419096323,25.369824470252038,1014.902506464342,15.22943876499856,0.0,NNW,3.009229587373767,Aotizhongxin
642,2013,3,27,17,138.26526233256834,183.2732487801772,10.489852809424935,26.126524464344943,1721.17521516684,85.58213408756201,24.420494404911114,1018.243114325356,19.16345774052634,0.0,NNW,2.446490832095237,Aotizhongxin
643,2013,3,27,18,136.20467171578596,189.45309976163924,7.470105066145143,39.53434589329898,1738.5891649996636,68.96002385245042,23.975998045298127,1017.3904562658806,14.843496745074836,0.0,NNW,1.4980230796409946,Aotizhongxin
644,2013,3,27,19,131.2143251146415,186.79052959082463,12.276461839556637,36.46290815831962,,75.92407188450534,18.18761338756846,1015.192860512963,10.546828199095836,0.0,NNW,1.8425594581317688,Aotizhongxin
645,2013,3,27,20,133.2283655334366,179.9628345521968,11.262899681940542,34.949599749306095,1658.0887337586191,87.34027894297431,18.966713944804845,1020.7218213430994,11.3443824775631,0.0,NNW,0.83086260272426,Aotizhongxin
646,2013,3,27,21,136.90502993238266,189.30992945676903,3.899651689681134,37.22336053724814,1803.1072464794534,63.54589111100568,15.024692433657073,1017.4867329023184,9.414089162853108,0.0,NNW,2.502515376305804,Aotizhongxin
647,2013,3,27,22,132.33068679621277,175.86832909483806,13.785058741314344,40.595600724852325,1855.611222709606,90.27867140278809,11.844622678420402,1014.5080106025359,4.032373628336018,0.0,NNW,1.4991521232635892,Aotizhongxin
648,2013,3,27,23,139.3489359770659,206.28095954353324,14.881390897635697,49.09365777402853,1965.831255679746,78.5145556888695,8.27612422121458,1018.0963154876791,0.8998862547263763,0.0,NNW,2.9794386278849974,Aotizhongxin
649,2013,3,28,0,146.18976920930686,201.72111931714926,15.06036338874258,41.346969714224755,2274.3262174770025,55.054729155477204,8.838818480448817,1013.6215602885765,0.7231296642676925,0.0,NNW,2.4802375841232287,Aotizhongxin
650,2013,3,28,1,156.73916602163615,233.96238788155244,18.969196968721327,39.335692375850364,2333.5061271637,45.657426994586345,4.956409180154784,1010.6821028349016,-4.838489902912762,0.0,NNW,3.5503996209992907,Aotizhongxin
651,2013,3,28,2,171.3704190483419,255.20606517308772,15.482819247020494,55.55202800589649,2513.2803848154067,49.519399033354816,6.117451617575032,1014.0628752903539,-5.360539277080439,0.0,NNW,2.3358367280653742,Aotizhongxin
652,2013,3,28,3,182.08988260212936,254.11537599576366,19.54503327239544,52.60148292950942,2734.8807073381236,27.847707900064716,7.891746159450698,1009.7824355610156,-0.05938402835832497,0.0,NNW,2.3208586002026586,Aotizhongxin
653,2013,3,28,4,185.78188651784677,250.01015379951195,14.629248905420132,53.880342032671294,2878.0582855417742,18.32793765706471,6.810707297648309,1008.9003635057185,-3.3078373381238584,0.0,NNW,1.8539853652360692,Aotizhongxin
654,2013,3,28,5,184.35279555801895,237.23493500389318,21.050900281641837,58.55628791307791,2862.0634074296904,31.25850310224763,8.426897449881588,1006.3976756142337,0.9521632728523955,0.0,NNW,1.692339358062571,Aotizhongxin
655,2013,3,28,6,195.66845998234635,259.21547324501694,25.85917908661969,84.88251139626949,2989.627375860971,33.65951233497809,6.850425022296977,1007.0988269713993,-0.926449846926789,0.0,NNW,1.793078527050988,Aotizhongxin
656,2013,3,28,7,194.88310850707637,259.0980036609203,16.845060074042717,65.40751359838812,2901.8596688555804,36.796126586308596,11.144099569197992,1006.3489848768262,3.330750113269033,0.0,NNW,2.7993184197938112,Aotizhongxin
657,2013,3,28,8,191.94181299958927,282.50323447404,17.05072062295887,65.21577076657668,2956.3290878306657,32.20195874421019,10.695487116270208,1010.5493444731607,1.1161001870765093,0.0,NNW,0.9211116270542705,Aotizhongxin
658,2013,3,28,9,187.0777539732125,263.0671014347669,16.405487577258082,49.36323316769692,2807.5502956562414,55.061797765085785,14.649775646138078,1005.2456378072324,8.204591760680128,0.0,NNW,2.0506617621359164,Aotizhongxin
659,2013,3,28,10,181.6568895806875,258.2156906538824,17.889994677404786,40.24997632965896,2705.6401950893805,32.54860341516117,20.200098535353884,1012.2317408661297,12.912255181198306,0.0,NNW,0.6669349016709063,Aotizhongxin
660,2013,3,28,11,173.84401928606735,221.177416911143,13.104986406951452,43.62395975709997,2512.5378039533057,42.14690252285599,19.088236690360272,1008.9512197170915,9.315687015763398,0.0,NNW,2.298380119115441,Aotizhongxin
661,2013,3,28,12,163.7847999054708,217.3190555754865,16.263742136072942,56.50556468166999,2351.5226011302057,64.86635956144812,23.738102088125114,1011.884157593673,18.84092346400851,0.0,NNW,1.6331763074219725,Aotizhongxin
662,2013,3,28,13,153.83279278743362,224.23670766686993,16.24642461089489,42.49782282656175,2083.4820962745994,54.854002271191604,25.183724137343958,1012.7036624498642,16.867537160966744,0.0,NNW,2.4028975724008284,Aotizhongxin
663,2013,3,28,14,146.46635105964523,207.92063260732917,14.103041640361354,39.78876073155514,1947.160287642684,60.49679547802683,26.27137013822194,1013.4596950270096,16.269940387233728,0.0,NNW,1.4060014802681295,Aotizhongxin
664,2013,3,28,15,138.07944853951375,191.83917516846324,6.159219817153047,36.76639268988555,1889.1169056192928,78.91121745173531,23.09949703581809,1016.9151022022038,13.961969059425346,0.0,NNW,1.7944172613327418,Aotizhongxin
665,2013,3,28,16,130.46050673086836,188.29313300921692,13.655375976553625,22.948696885925006,1775.2609896973697,71.11540889145064,25.4470597119142,1016.3197485922645,15.18372341956429,0.0,NNW,2.5058848919064625,Aotizhongxin
666,2013,3,28,17,127.88921496649705,195.40287901445402,12.982473111315699,36.78520814600557,1579.3901092303952,82.81730137801983,23.425356188969094,1015.4942316111476,17.46449656549945,0.0,NNW,2.100705022444577,Aotizhongxin
667,2013,3,28,18,125.84708088548568,173.97548860430942,12.490484117038914,19.937539206222542,1619.2634504770763,78.00143440342244,23.70381309815914,1017.3079910603556,17.324485588402922,0.0,NNW,3.2342346687609753,Aotizhongxin
668,2013,3,28,19,132.88527805114438,186.73308729818282,11.288897614522133,36.931342348319056,1655.1647038692663,75.5315086234993,17.517499400409733,1015.4374556781123,10.626718762514288,0.0,NNW,1.6147630951594905,Aotizhongxin
669,2013,3,28,20,125.27841149271123,177.31574527710876,11.330440923693205,31.217909173393956,1620.9655569596714,60.62758118116156,18.139872284623614,1015.2545760209193,10.96658513740289,0.0,NNW,1.5456098487438346,Aotizhongxin
670,2013,3,28,21,134.4119975783378,212.09789296241286,14.561634288446452,16.545503142298468,1806.6952529198559,79.07330105787706,15.339562804260103,1012.5410077278551,9.212076045484661,0.0,NNW,2.9894334480829023,Aotizhongxin
671,2013,3,28,22,145.60954178392473,182.85979585330435,18.270540462810363,29.015924107195712,2021.924480889668,60.02810007887072,9.42663444310139,1013.5993820130304,1.063643124468483,0.0,NNW,1.7062507736342607,Aotizhongxin
672,2013,3,28,23,144.55140950121648,209.20420344959115,10.846783384392843,25.54411083497273,2075.466781632933,64.78805409225785,8.671869465857538,1014.2825042783016,1.3058626810761225,0.0,NNW,1.6694253837722342,Aotizhongxin
673,2013,3,29,0,150.94523047797077,210.17530018156845,18.234376187384314,54.306257062353666,2191.586221327814,54.87895101651435,5.183703868459248,1012.074249835916,-4.034133427116749,0.0,NNW,2.3064812050715973,Aotizhongxin
674,2013,3,29,1,157.2240383670632,225.78137097573028,16.035443931490246,49.978497535631206,2387.062983974272,51.46444328543815,5.250213009271253,1014.3360321124337,-2.9799598193904573,0.0,NNW,1.8689169118694058,Aotizhongxin
675,2013,3,29,2,158.82942023511632,215.7874627892156,17.1109808439142,37.17326048040176,2452.636553201886,46.003246259867396,6.164567364107039,1014.7256349474426,-1.1603168761418765,0.0,NNW,1.7507637391047102,Aotizhongxin
676,2013,3,29,3,161.93135692034923,226.2142493799044,13.925941834786624,62.14811067748822,2598.899282873943,44.258612979518944,5.293048363472911,1007.5360293014257,-7.328665872191969,0.0,NNW,1.4456034138418654,Aotizhongxin
677,2013,3,29,4,162.25661221642264,234.27336289764665,18.475758790376005,58.02319397658221,2714.2863442679436,31.07177189047461,5.59484185799964,1006.0032374656693,-3.334724305452435,0.0,NNW,3.0898599592117497,Aotizhongxin
678,2013,3,29,5,172.26270666525602,272.2968913417968,16.837834257540095,52.448069685514774,2660.6140008726343,48.27881913550698,4.780123798758541,1009.4300039612725,-2.9723954915801847,0.0,NNW,1.879485283113233,Aotizhongxin
679,2013,3,29,6,177.02764544917383,255.91906552286406,18.608436711482163,78.42372669574958,2856.0837785203926,16.525999391444234,9.609607925400322,1007.6704164840651,1.493333826488261,1.50537122426158,NNW,1.550281288495062,Aotizhongxin
680,2013,3,29,7,181.09164061782252,245.04764088464643,16.53506998011089,65.17680345455399,2758.150709379684,33.585943157501,9.97177048245799,1009.4421194225846,1.2931759938396936,2.0051664145970842,NNW,1.7624931314112555,Aotizhongxin
681,2013,3,29,8,180.98131619885658,249.13624585817217,17.983401856983175,59.97305685718228,2855.6770766318514,46.711674669497704,12.462365267361056,1008.4675344434868,5.346093175572273,0.0,NNW,2.28393719900251,Aotizhongxin
682,2013,3,29,9,171.6975504360509,235.8424295266327,17.317202834862528,55.946737375842815,2624.571835469383,47.09005600036235,16.410599353419197,1008.0757504007157,7.349030793607116,0.0,NNW,3.16902721578996,Aotizhongxin
683,2013,3,29,10,163.3862659353354,210.78434058316938,17.7902647553164,42.893764246737824,2446.2065586023587,37.75164423471403,16.101171829486397,1009.1226299035625,6.268310639506591,0.0,NNW,1.8647046835309196,Aotizhongxin
684,2013,3,29,11,158.1083355333227,218.05076782963738,11.449845638638614,39.73998970537754,2403.1577636620273,45.44706894255674,20.342821654807885,1011.5714583312196,14.118470814242219,0.7374471216152181,NNW,1.3097645653071353,Aotizhongxin
685,2013,3,29,12,145.45525294467927,210.9656449407684,10.66344555676403,55.279334279000665,2181.8505267145547,49.93207440673396,22.706261549267605,1011.5777722085703,16.270234338173402,0.0,NNW,3.5350954034137407,Aotizhongxin
686,2013,3,29,13,140.54267531229323,184.01742424644257,14.791647586678975,36.03255613966383,1970.8544393092545,72.4627524342069,22.841901812403613,1015.7330977119084,13.943178165999676,0.0,NNW,2.1084407715274076,Aotizhongxin
687,2013,3,29,14,132.3459450727363,195.76914961233672,10.107685648789705,35.17654160749491,1796.1175727234706,65.10076271484492,25.637818334030346,1011.8953255209976,17.5347764795003,0.0,NNW,1.9152580907831662,Aotizhongxin
688,2013,3,29,15,124.6334584069415,179.36458998056148,14.688055464757056,14.50322056666046,1704.8508804063492,80.22890041089818,25.715684755944352,1017.963821178055,18.98466928697992,0.0,NNW,2.057467678326371,Aotizhongxin
689,2013,3,29,16,122.70973960181871,164.4513022228358,11.345682147122947,17.134755637947183,1575.0634077922145,84.29364923537051,24.507493194474545,1012.5833255230901,16.573544684570667,0.0,NNW,1.0036320125193416,Aotizhongxin
690,2013,3,29,17,121.48978017262398,168.6703958682951,11.99065731917388,30.559983633216657,1532.474262219183,107.83208033958043,23.462027702642096,1017.1198337041678,16.25733911294912,0.0,NNW,1.9636754670647385,Aotizhongxin
691,2013,3,29,18,119.02369029801972,182.61638449363792,14.232076961262685,28.02169408091067,1557.9705619052295,88.13251259801703,22.856389298672433,1016.3379145387529,15.569739489262549,0.0,NNW,2.6076863741003398,Aotizhongxin
692,2013,3,29,19,124.68323472280466,181.89200674698515,9.24123843313494,39.70848506401315,1562.8019655540552,76.03670550972207,21.182706560019785,1013.796917724143,12.703951234287574,0.0,NNW,2.9760962021644994,Aotizhongxin
693,2013,3,29,20,123.35599408754396,172.786228271543,8.94641286482898,38.42314257736104,1661.7647556879035,67.04913247394697,17.682540327135168,1012.2100881855647,10.456426331157276,0.0,NNW,1.713431602241867,Aotizhongxin
694,2013,3,29,21,130.58729519325775,180.44538010095098,14.079573850863703,29.01217659639046,1836.3628288656168,74.91914238328623,16.680284190610273,1013.3405045657224,7.232868751573346,0.0,NNW,2.150362735612984,Aotizhongxin
695,2013,3,29,22,139.17290366072768,195.60815582953532,14.028540691789056,38.78362851770616,1905.955458540792,71.30914157572683,13.399598492620667,1014.5913686531206,5.991009969738499,0.0,NNW,2.990378996356352,Aotizhongxin
696,2013,3,29,23,145.1701465503961,198.12056959113153,13.143913845023489,37.290791554724976,2064.3411074614396,44.36348085365749,7.317304075409781,1012.0897269679532,-0.7938424092077297,0.0,NNW,2.030023078838228,Aotizhongxin
697,2013,3,30,0,154.23924999244022,194.88745493222615,19.174373900867828,61.43847854910919,2334.818836581296,52.86145839706987,5.821587141821311,1009.9181021976576,-2.7194935060515775,0.0,NNW,2.575579784895713,Aotizhongxin
698,2013,3,30,1,156.99936703997463,240.22089296131176,15.657362295992812,59.36849847046961,2300.142498491938,56.50304930071251,8.113098790688104,1013.4104669403322,-1.7570050135069137,0.0,NNW,2.339449018110278,Aotizhongxin
699,2013,3,30,2,167.9309037637266,236.65651526121124,17.598320912667344,56.35748072686201,2603.00898986885,42.17644329733825,4.97058203990297,1007.0356306441429,-2.8319290686582437,0.0,NNW,1.468579296969863,Aotizhongxin
700,2013,3,30,3,173.40449865355106,246.74777076619685,18.599201858435514,60.745293902741764,2723.6215815986516,52.008568327394684,5.246263734196211,1009.8227007571661,-2.6959408493191215,0.0,NNW,1.2670923328867376,Aotizhongxin
701,2013,3,30,4,176.08116524941164,245.93455385040718,16.52634533422678,73.87931037376724,2797.775350467758,22.76580045818384,7.049677513598034,1005.8918789643134,-2.2097771796356134,0.0,NNW,2.8474569882269316,Aotizhongxin
702,2013,3,30,5,183.2742148278981,249.23273275181143,20.062385299904513,68.95513930269215,2917.1514416754435,42.62068254430546,6.330129136097853,1004.9247590022375,-4.0651785942303444,0.0,NNW,0.2,Aotizhongxin
703,2013,3,30,6,181.479065277055,252.21144657838929,24.190280532195473,77.46902413656069,2865.8612705143714,44.13889741525953,7.984833602518548,1005.7923227461542,-2.4818790484286413,0.0,NNW,1.465101709948875,Aotizhongxin
704,2013,3,30,7,174.8229948802728,228.7582452104388,21.16453407757387,46.769333115710374,2755.8078147778465,45.41681910118866,8.696906150812406,1008.4102029629629,0.3157966664730675,0.0,NNW,0.8837596247296697,Aotizhongxin
705,2013,3,30,8,165.59946551103832,254.61011669598668,19.423317298118988,66.01033416767916,2725.9345501631105,22.690801058845246,12.966801309816073,1004.9269414678816,5.426547768948757,0.0,NNW,2.8486351095958504,Aotizhongxin
706,2013,3,30,9,163.25594663848415,216.21320530965383,18.050232062435732,55.01865670627987,2645.532396168137,45.467858428910155,15.879768328450234,1009.0393766150806,10.65472571990167,0.0,NNW,3.091825178020862,Aotizhongxin
707,2013,3,30,10,151.92102579290258,202.3697732715918,18.492601085219054,69.05102390102394,2470.633901417885,40.81245881478485,16.72136769552092,1007.5784800046572,8.653635427945149,0.0,NNW,1.4205339099374346,Aotizhongxin
708,2013,3,30,11,151.70477387391566,207.9840913796179,18.54339511098016,62.547570399569054,2319.3909131482956,39.468099452607966,18.6169679325412,1009.1443710339953,8.1788888551735,0.0,NNW,4.211922514523572,Aotizhongxin
709,2013,3,30,12,135.61248488930516,202.738236093551,16.82771649266926,45.26268647281045,2049.090153433775,55.861322750262914,26.010501694658316,1012.8012831780821,17.70012444228891,0.0,NNW,3.10177323389561,Aotizhongxin
710,2013,3,30,13,134.63373900938967,,12.710310189021458,52.108666928437835,1983.1104067396896,57.42069620855492,23.520891333071962,1017.6410608854015,17.397938680850384,0.0,NNW,2.157724244829222,Aotizhongxin
711,2013,3,30,14,128.24238023127577,167.17797436348147,13.474344782330345,49.26491615994006,1873.050542728598,81.7075046816387,23.633719753476743,1012.6779660200248,14.609526340724873,0.0,NNW,3.1999916113929325,Aotizhongxin
712,2013,3,30,15,121.64232434819779,182.84263769505029,12.9042853175121,31.453117751678235,1741.5134718039617,82.80830295979936,26.059879667938393,1016.9752950732468,19.73778503403973,0.0,NNW,1.486617365473915,Aotizhongxin
713,2013,3,30,16,114.69508932302526,167.88313132009017,7.6482880184968725,47.45496210376609,1549.666746716697,70.12619041352228,24.583067210048842,1015.7047022644563,16.846654279601335,0.0,NNW,1.7787274130617323,Aotizhongxin
714,2013,3,30,17,113.29462110529464,163.996819119577,10.675062492105743,25.430754252860854,1535.7552831330995,76.90593251891741,22.031604552951233,1015.8801422218518,15.001926884732518,0.0,NNW,2.370568327543302,Aotizhongxin
715,2013,3,30,18,112.1218570842673,164.12794232968264,3.516088341092914,23.28383239731273,1431.5359414498407,81.19302574383376,22.795648169342645,1019.1427520195003,17.583932166648708,0.0,NNW,1.4463586607871441,Aotizhongxin
716,2013,3,30,19,117.55728982366134,,11.617971998018213,32.60846418289338,1603.3354932239558,83.42409418404773,18.720318546386274,1015.1425835097256,7.964422685333863,0.0,NNW,0.9725517191214217,Aotizhongxin
717,2013,3,30,20,121.01121309344839,191.26664728118885,12.650902144765851,24.849166075172718,1582.5141053975585,91.71441784264877,19.95287745425866,1014.0219005653327,13.29763372877102,0.0,NNW,1.2496064457363132,Aotizhongxin
718,2013,3,30,21,126.37997881723263,170.06481691409272,13.707104471426641,31.540582582628197,1767.4598860418193,84.58549279447001,15.741756944628605,1016.4558854963709,7.59970526780663,0.0,NNW,1.8426530952139362,Aotizhongxin
719,2013,3,30,22,131.13873340397362,199.8330766936746,11.314859443491295,46.27547539240727,1791.6446383622806,73.01391968974842,11.996488912185667,1017.6895675929735,2.57271811215522,0.0,NNW,2.375452275803781,Aotizhongxin
720,2013,3,30,23,138.1463795560137,197.23661327600817,14.633045279559497,39.97736991568773,2053.214213728801,63.86398762861383,10.164020527033173,1014.7940846360949,2.013068571648513,0.0,NNW,1.7296876272431119,Aotizhongxin
721,2013,3,31,0,147.14215798465762,210.98997933989816,19.2718615366235,31.43985765619754,2193.2290233783992,42.26645965392528,9.283864369781814,1009.1859652385269,3.8203207845091285,0.0,NNW,0.6881260607384103,Aotizhongxin
722,2013,3,31,1,148.06605576710672,190.3697697575161,20.53540417038638,53.11493600484398,2248.988179397015,66.44950013369754,6.6186878424968105,1009.4752386865496,0.6211068121302898,0.0,NNW,2.376256408467373,Aotizhongxin
723,2013,3,31,2,149.90874272560825,208.1683821619696,17.41248190232032,49.429651367580846,2433.837760858892,43.02903402134343,8.523905922959639,1011.4591964831536,-2.4771657688273163,0.0,NNW,3.0186993122232204,Aotizhongxin
724,2013,3,31,3,159.09500253729553,214.60476764884805,18.953492798121417,66.06430488208731,2526.084648182717,,6.703801274593287,1011.6266865298844,-2.4509582844304627,0.0,NNW,1.4720441678792147,Aotizhongxin
725,2013,3,31,4,164.54602296774402,238.6450203037747,22.66286045312549,67.89002580229874,2700.256097127984,40.31045782670739,6.072152788451,1008.1272956316267,-0.5135058581949488,0.0,NNW,3.33023247534134,Aotizhongxin
726,2013,3,31,5,166.8071022974722,244.2407482204891,15.327223085658815,76.08971931111354,2707.121575126369,56.10469642898774,4.934267151892889,1006.0120258003391,-3.09834896478166,0.0,NNW,2.6950985137358057,Aotizhongxin
727,2013,3,31,6,167.90306324106172,214.3194250273233,19.030772771968927,72.26025840634158,2657.1721496470104,41.063215333663166,7.708600032281538,1010.2920376787372,-0.31841997753430906,0.0,NNW,1.156673552427624,Aotizhongxin
728,2013,3,31,7,168.27116485118046,235.3592821516099,23.83634049805561,73.04047079504588,2683.4188373010243,21.531658030564508,10.71831245507868,1007.0211836982443,0.36582277138970376,0.0,NNW,1.4816724509926065,Aotizhongxin
729,2013,3,31,8,163.11511345480415,239.57977388466833,22.255728643976493,56.96773399458707,2629.8103337178445,32.20521010277691,11.177517425337586,1006.458255832769,2.059302161889044,0.0,NNW,1.7496160372617586,Aotizhongxin
730,2013,3,31,9,155.23433587525815,215.46128060222696,19.64332523888245,65.57402759085497,2593.1268506641136,40.630980863616664,16.940140312444424,1006.9146010177171,6.902831691893553,0.0,NNW,1.851778619303542,Aotizhongxin
731,2013,3,31,10,149.80451346005245,217.01695529409704,12.982502784008139,70.74761031488232,2443.493289206881,38.76217112891676,16.126954438358144,1007.1099633060223,5.646978221235901,0.0,NNW,0.2,Aotizhongxin
732,2013,3,31,11,138.65559370266794,197.62948586000596,16.144364526389122,44.66718163295628,2293.965438278459,49.758915700616534,19.044161452931146,1016.3730656334006,9.157554477834855,0.0,NNW,1.3974725027565107,Aotizhongxin
733,2013,3,31,12,132.52403337245022,188.95024904095658,13.2302538112502,59.397906333816785,2142.874027781095,46.330608414178904,21.227619034523155,1014.8419157309212,11.835472398353645,0.0,NNW,1.5570925370835083,Aotizhongxin
734,2013,3,31,13,117.94912760242322,162.41562886270953,14.699021482939036,35.42881836833894,1813.3278625488317,66.52768893855423,24.775990728794085,1011.9815085934121,15.634320525431951,0.0,NNW,3.51244792428885,Aotizhongxin
735,2013,3,31,14,114.83032150480142,148.5966420653649,10.071959945615362,28.184230039600212,1709.21822905047,74.8741194901094,23.451853712134522,1017.9636518534438,14.188659129043884,2.5161880688465272,NNW,2.181540501100062,Aotizhongxin
736,2013,3,31,15,110.50750799885718,143.49520972414976,8.387295909143441,,1580.6533552997116,67.63657545760249,22.300035144371417,1016.6021382527391,15.830719254497819,0.0,NNW,1.3615876957914144,Aotizhongxin
737,2013,3,31,16,106.76406825817594,156.5632207059995,4.4752771480268825,33.406775253341706,1474.1268542865782,101.05317802943009,26.29131651653325,1017.2783430215605,16.930600209002712,0.0,NNW,1.6491754255978661,Aotizhongxin
738,2013,3,31,17,107.6978195188191,150.9715298815356,13.835784923484763,32.97548446599676,1383.1374901681027,84.78327827003129,22.993674610186048,1015.3937950712133,17.132951648464495,0.0,NNW,2.3400700416921922,Aotizhongxin
739,2013,3,31,18,113.33749208534145,157.28736647340577,8.800688465670827,17.305900633814385,,76.83259133877088,20.46830636363757,1015.9717456437081,11.74234254725413,0.0,NNW,1.6976369318167897,Aotizhongxin
740,2013,3,31,19,118.41719755674193,161.54517615621515,10.641808219662261,29.15780425225295,1496.6889702527526,67.85275265757454,18.86771217019619,1016.7447810622789,11.526510159822568,0.0,NNW,1.5317230487157398,Aotizhongxin
741,2013,3,31,20,114.05071330655423,156.6191101743684,10.663158631655264,,1564.2869508619422,82.25006398858265,20.163334574801734,1012.399029030042,12.870049196900036,0.0,NNW,1.5574331959719785,Aotizhongxin
742,2013,3,31,21,113.69996411754816,169.64906770944881,8.262164295185764,18.946486327704434,1732.5455409439155,75.07278420153015,14.014434454090635,1014.5618936191346,4.667669322901439,0.0,NNW,2.383784299499998,Aotizhongxin
743,2013,3,31,22,117.41389324236187,161.02700972062632,8.722805265655419,27.570109475737716,1713.8438911223593,80.33040907286444,12.226757390909441,1014.5089792624668,3.7346215433978904,0.0,NNW,0.894627985586528,Aotizhongxin
744,2013,3,31,23,124.75368609012955,161.24451339316568,10.689959396495684,33.81641617030302,1904.2405709614313,65.03677347784337,9.32962245657098,1015.9131330384471,0.57520670116045,0.0,NNW,1.13048047257687,Aotizhongxin
745,2013,4,1,0,134.5888935250817,195.86096869051607,12.830494683511821,49.172761282820055,2122.0435674911178,48.06281217731273,6.079938372983889,1010.7669049078629,-1.3614005577998691,0.0,NNW,1.2578841036180655,Aotizhongxin
746,2013,4,1,1,,193.18191883711367,17.393913966554017,59.394090206599756,2233.1460996436513,70.2367068342128,5.225668118785167,1012.3301809967163,-2.967598615341598,0.0,NNW,1.1167249726424158,Aotizhongxin
747,2013,4,1,2,147.43298533037614,206.72013811785433,15.112847009438166,43.214346960997865,2394.088092040124,51.856248795071856,3.389079126599575,1005.3790123598577,-5.733518284320896,0.0,NNW,1.3410928977162218,Aotizhongxin
748,2013,4,1,3,150.62465703655928,226.9503029151781,23.775005800716603,61.9578242173954,2469.7198470826897,39.781243354352725,6.433821913521071,1010.7985264450127,-1.3875906534899636,0.0,NNW,2.7174897745532554,Aotizhongxin
749,2013,4,1,4,152.94614450252823,213.91899673003445,22.411580126601645,52.90692258952152,2558.3854187809393,39.99575021988642,5.492060334029711,1005.8691790468542,-1.9985155412753488,0.0,NNW,2.829084704592175,Aotizhongxin
750,2013,4,1,5,150.31651279027423,213.33495463757117,22.254707780442466,69.35119979789337,2540.9019067284294,40.59227390838988,10.063762605417097,1007.4309168067042,4.8388296232309775,0.0,NNW,2.2173656421784593,Aotizhongxin
751,2013,4,1,6,147.64580501715858,194.91489211103874,19.64102329258055,60.018155351970016,2623.468690581739,20.71143386106565,6.865566100648641,1007.8126862383584,-1.0322442152075075,0.0,NNW,2.171850220994504,Aotizhongxin
752,2013,4,1,7,141.21684138336528,195.5068834132018,24.372471338606793,55.90788438159513,2429.030478751845,37.42879654240139,8.711709630781572,1007.5907299832663,0.7267221509943802,0.0,NNW,1.4640144489599751,Aotizhongxin
753,2013,4,1,8,134.31633569631705,194.13813042692988,18.67611012555882,68.71782419846937,2469.495264003422,33.84813017245011,14.712449201507784,1007.4563134637699,7.35504711719779,0.0,NNW,0.335125495098455,Aotizhongxin
754,2013,4,1,9,133.7633442048117,171.71494454832393,18.44174966347,54.446754780170195,2282.7645468758506,47.395330326633825,16.586965548102203,1005.9814335233207,7.1628620041079145,0.0,NNW,2.1150813065970784,Aotizhongxin
755,2013,4,1,10,123.75254521388749,175.26201423059956,18.009923619247807,52.472288389178416,2238.150725414933,40.098180753937214,18.165337983681738,1007.7209181634211,7.5770735821285005,0.0,NNW,2.2381891638128937,Aotizhongxin
756,2013,4,1,11,127.04664482631267,178.8732134832858,18.39956434714264,32.41646820159941,2102.2099003409007,47.48250532146615,18.32946272736759,1012.6987686609306,9.861309589786359,0.0,NNW,1.461059929906655,Aotizhongxin
757,2013,4,1,12,121.2553450767606,170.17035766333925,16.910724237008957,52.57241089138779,1908.4493262074307,76.62871098564058,24.688562213457377,1010.8052450824132,18.29671086042399,0.0,NNW,1.139142505644025,Aotizhongxin
758,2013,4,1,13,114.23011821846447,170.29375449243267,12.280528939153585,46.39088726730244,1839.2782599606892,78.77959703638439,23.552099298188864,1013.0875040387856,17.4024268679419,0.0,NNW,0.9812675345197965,Aotizhongxin
759,2013,4,1,14,103.56125845081525,148.33014697962653,10.901018841722141,35.04366275425052,1674.928444360311,39.544388200326914,24.01324557014813,1011.5158274858188,13.194168511550913,0.0,NNW,2.1341085647724696,Aotizhongxin
760,2013,4,1,15,100.1492945328548,154.98973132956115,13.384174965523517,18.637216845422984,1496.4477113830426,89.24528935430679,26.71443960537742,1017.2526806289826,19.71355882611762,0.0,NNW,2.06552333200051,Aotizhongxin
761,2013,4,1,16,93.07918454996695,120.37496321401338,12.815582732751505,37.35444535098934,1434.2538423199069,80.91411483203339,24.625815581010087,1013.691160938642,13.348618578268598,0.0,NNW,2.9556450556041445,Aotizhongxin
762,2013,4,1,17,90.57021113340952,128.1575412589568,8.99031749408604,20.351376383332305,1223.9371338181813,77.06632502823659,21.911748909396564,1018.6615547486496,14.600519741645444,0.0,NNW,1.355645551927473,Aotizhongxin
763,2013,4,1,18,99.78832407515674,140.54832156911888,5.238435790964639,21.373172399195294,1332.276778113924,74.9282526429235,22.131521711113347,1014.8745764787132,14.73056068045833,0.0,NNW,1.769652007014322,Aotizhongxin
764,2013,4,1,19,100.42630968758608,129.9042886250697,9.548422580529923,44.17783592509488,1481.6605935084976,74.65696937442682,18.827976797643853,1018.8586451921009,8.242006753370537,0.0,NNW,2.013760473880832,Aotizhongxin
765,2013,4,1,20,108.02041566786768,160.7915319559282,12.540450377555384,22.05040037143739,1506.5697001192705,74.85127564702681,13.074178737000448,1016.3505128495349,6.574247951697979,0.0,NNW,1.5601127372964336,Aotizhongxin
766,2013,4,1,21,109.97526864530087,177.2121091619494,16.880716633326603,36.79554407568105,1503.8487703653457,66.40634369284525,13.677434711774804,1014.4180191130386,8.293188563711183,0.0,NNW,2.6712127287661542,Aotizhongxin
767,2013,4,1,22,116.04851811890943,162.2978646216349,8.906126112978011,39.496738096660934,1693.4448359291755,58.954003389273595,11.620206192673017,1017.7008035108962,3.5264856961693023,0.0,NNW,2.9905168752228333,Aotizhongxin
768,2013,4,1,23,130.36714930837582,187.5642199144638,12.426191015995672,42.94499664099025,1893.2395527997437,56.06667461912394,8.266532336060433,1013.1563852398762,0.4780321485258776,0.0,NNW,1.1155463316960448,Aotizhongxin
769,2013,4,2,0,135.62385243030042,190.71857816057383,13.83178931542387,47.256004340436085,2076.692732868757,63.23393855065687,8.79180198630558,1011.276375413488,3.010476290785939,0.0,NNW,1.633533455671553,Aotizhongxin
770,2013,4,2,1,150.63821801536375,203.75765852243748,20.361511243807108,53.18748939716401,2290.095812973536,54.03042535814495,5.17357432616244,1012.5241406296834,-4.5159237249695305,0.0,NNW,3.059643969700448,Aotizhongxin
771,2013,4,2,2,160.70465440411004,206.77891338773387,17.395175498624102,57.17552472752432,2494.5838216797883,,6.058381038361001,1006.5390857769601,-3.593235148073338,0.20604725324987444,NNW,2.258531175007703,Aotizhongxin
772,2013,4,2,3,164.66799073612938,223.47745219962746,15.813554227815942,58.72678875352246,2596.7133357830257,41.65863207823577,3.1500203954475277,1003.410134886034,-6.109054860431274,0.0,NNW,2.093769439852975,Aotizhongxin
773,2013,4,2,4,171.9651803702882,226.83166870888616,21.006212867687648,74.41077306857471,2790.118567227932,25.28257159894112,6.704570118733125,1009.9858329283516,-1.2398067248003861,2.6802563517234383,NNW,2.2729922928277646,Aotizhongxin
774,2013,4,2,5,178.85241084393402,,18.6157135713225,53.817232039387136,2838.4170472530827,40.796263577709354,4.425022172155877,1005.4977667112506,-3.5233540614504024,0.0,NNW,2.5247115543644685,Aotizhongxin
775,2013,4,2,6,182.36187590413076,254.15552932655066,16.326838179926135,73.17166483212301,2881.7785877927254,24.953107211250853,4.4166365740479145,1008.729244850773,-4.413298838872466,0.0,NNW,2.3113310374097993,Aotizhongxin
776,2013,4,2,7,175.05875181324097,241.62305924806563,17.15130920961689,70.89725491528178,2845.0982012162813,42.31799736266264,11.85589387774484,1007.2626956121106,3.405173260558533,0.0,NNW,2.1708760100563724,Aotizhongxin
777,2013,4,2,8,169.1531904348026,245.7060048566017,24.53225288219005,67.907701046324,2680.1972474707177,26.690164875819423,11.127968843378035,1005.3418940528228,2.3186164909519054,0.0,NNW,2.007660041772904,Aotizhongxin
778,2013,4,2,9,163.39555721465985,217.53626907196488,19.688161570881125,68.07797104485198,2526.9132980239733,35.44756420630106,17.635393587299113,1009.6790309334157,8.897693570228196,0.0,NNW,3.078579445536623,Aotizhongxin
779,2013,4,2,10,156.88462006266326,211.969827707683,17.82328016635763,54.259204837852856,2515.4254767329185,43.88608359432085,18.43507830283731,1008.6796596195378,9.282296112419433,0.0,NNW,1.786972753429839,Aotizhongxin
780,2013,4,2,11,152.1318798059416,213.66535442080442,15.544414018076468,35.2245882954354,2327.3747438939467,60.27357188300646,21.185394977571878,1008.5512241018744,12.0447353698606,0.0,NNW,2.0009896140816217,Aotizhongxin
781,2013,4,2,12,145.07811245659897,213.39704735347337,15.876446526356396,44.421658722284114,2167.5924600477383,61.75997252127395,23.639276562564586,1009.8974072556065,12.637860810173185,0.0,NNW,3.2415948257395324,Aotizhongxin
782,2013,4,2,13,131.97216366868292,189.77787958784396,14.546612612494878,31.894065356953146,1920.5831952319434,66.67048934907226,23.82927305721799,1009.8284177171691,15.493760415651014,0.0,NNW,2.260581211678246,Aotizhongxin
783,2013,4,2,14,126.25752642578243,179.2437884212542,13.37650648462198,29.145126321135496,1779.2174447510806,91.35668785055306,24.84534138964849,1015.3060497643655,13.911972406322585,0.0,NNW,1.9467314077289648,Aotizhongxin
784,2013,4,2,15,122.4866659713213,172.26250971220998,11.809001364900523,20.91850698560976,1739.3867322344936,59.307837917412215,26.922010036291464,1013.6647324170424,20.047848714352597,0.7266237286952293,NNW,2.504597349324417,Aotizhongxin
785,2013,4,2,16,119.95826908510872,171.94393527441997,13.276267995994456,23.860733056760555,1662.488781073975,71.26685866760545,24.82629600643783,1016.2606827635125,15.986419240220089,0.0,NNW,2.181831632725245,Aotizhongxin
786,2013,4,2,17,121.2843793121883,171.81466008835616,10.239683906556852,20.90849392235104,1623.0958742692121,73.33626087683679,22.567988767649474,1016.4661841424206,14.388874399574984,0.0,NNW,1.4087078216561675,Aotizhongxin
787,2013,4,2,18,123.59784271905598,162.737257058909,7.066183493342084,5.979441360583181,1628.4308220247215,67.29347690077725,22.94970565210881,1015.1168866376406,14.389891202980877,0.0,NNW,2.196081299771853,Aotizhongxin
788,2013,4,2,19,126.45678824729768,177.50029576254826,8.333102195852053,31.283258764476944,1653.735452325742,76.95295052836643,16.82953487842257,1013.7838297031677,8.46336421540023,0.0,NNW,1.3529861581393643,Aotizhongxin
789,2013,4,2,20,129.173138076602,170.10550671806524,4.73281690060867,45.44206678835029,1693.5510796029482,88.52832673257802,19.567528653365528,1021.3975486771825,13.462590876760604,4.703286867899453,NNW,3.461417874081037,Aotizhongxin
790,2013,4,2,21,127.29685302047474,179.02641965767288,17.54491744219444,35.70776192423936,1726.76312747313,71.76119554450618,17.010658703947637,1015.4384688539762,6.983414086056715,0.0,NNW,2.1910215599616114,Aotizhongxin
791,2013,4,2,22,135.2285293326015,184.5134616507597,15.088263775858058,33.37660834772617,1942.3444271578894,69.16997028013692,14.209059551159411,1018.1467659055206,3.7740841676456847,0.0,NNW,1.2494340716766503,Aotizhongxin
792,2013,4,2,23,143.2947087281783,226.00640844727823,11.215693289099681,39.38564793253984,2024.144008259896,49.24492784876023,11.739657943566545,1015.6239687929661,3.918716433562491,0.0,NNW,1.6858953106423258,Aotizhongxin
793,2013,4,3,0,152.14559543003546,212.60488976453252,14.1544654518087,41.63211305589459,2235.6637241343205,52.03474424839653,7.80266920012284,1011.3576693970192,-0.9411503854861384,0.0,NNW,2.6076626005213672,Aotizhongxin
794,2013,4,3,1,154.80317247982984,202.68204580914588,14.383465802893303,50.89671357298608,2301.7523479819347,48.91253671656114,6.179722385416079,1011.067834049167,-1.2808417325680015,0.0,NNW,1.1270967725944088,Aotizhongxin
795,2013,4,3,2,157.71437496512118,219.45832284440039,22.12764163412235,54.70393524741413,2428.750047878447,53.92400422547114,3.496281602453033,1009.8038315639343,-3.4288525379349943,0.0,NNW,4.176371476921946,Aotizhongxin
796,2013,4,3,3,168.14018981404922,240.58985319604778,14.275902413119951,52.413748180544594,2616.1565025941513,25.5731664911541,7.622061877566572,1012.1528674719322,-2.037453007281206,0.0,NNW,0.835797725062124,Aotizhongxin
797,2013,4,3,4,172.7495278765593,258.58297848870825,19.67355519537853,75.78361518727142,2688.2094656898917,33.799277448177655,4.6132144775699,1009.3295403643646,-2.4817022575328793,0.0,NNW,2.7405239046811056,Aotizhongxin
798,2013,4,3,5,178.47254334118873,243.967036678277,19.504045603750797,52.42128264010319,2854.043268519052,46.7200346434622,6.849573926783436,1005.5558253765021,-2.6833413035958236,0.0,NNW,1.6107126363988358,Aotizhongxin
799,2013,4,3,6,179.60804205703852,235.6269791396175,22.480515892127343,70.74665234555397,2769.4626238790565,30.54916714376736,8.310000112566692,1007.7032376731095,0.4218628989738789,0.0,NNW,1.3529069587827336,Aotizhongxin
800,2013,4,3,7,178.70484140369354,258.3551480794807,19.517601448271254,63.508935507241105,2820.970542914229,14.696240201586505,7.9893712275937645,1008.7789995513951,-1.8659993577969431,3.782730553625422,NNW,2.43018559273463,Aotizhongxin
801,2013,4,3,8,179.46096395245863,237.43936247444555,14.055500388955888,77.52716259621474,2788.7232779755536,51.14112267887094,9.794797012789985,1005.3192348832677,1.9930126485769772,0.0,NNW,1.6368343237636802,Aotizhongxin
802,2013,4,3,9,172.6292263616524,237.31936249123848,17.782180402005416,61.86905241771672,2573.336544451854,49.67129989571964,15.008379931301022,1009.4527647836779,6.977064009918171,0.0,NNW,3.273242280635887,Aotizhongxin
803,2013,4,3,10,166.80050603381991,230.9445035922379,14.583513346170026,52.12075570253401,2512.3528572443793,56.19397175078791,16.90755627460794,1012.1909779124103,7.253162041698724,0.0,NNW,0.8789665000037596,Aotizhongxin
804,2013,4,3,11,157.71597623207538,220.10603219190443,16.532833865182287,48.19472331457444,2378.040404800018,36.091687404983034,19.865844711134997,1008.9909594712371,9.82822769911338,0.0,NNW,2.449822780033658,Aotizhongxin
805,2013,4,3,12,148.2134199692705,214.39043252772203,19.30253110956098,45.31925355615809,2207.1437594188674,75.12455725847215,23.669191257170326,1010.5613628648309,16.79514913331581,0.0,NNW,1.7798219864677847,Aotizhongxin
806,2013,4,3,13,139.2121601223203,188.06068134838455,8.48762904179056,30.681293537978377,1999.954302507546,58.73771527645104,23.99767026364992,1015.6150402362073,15.318169584632347,0.0,NNW,2.2370231105118332,Aotizhongxin
807,2013,4,3,14,132.86526656193078,183.27408066503548,10.09933179380029,28.865043799056714,1896.7665427194822,67.40561055779769,25.797042074037776,1013.791527374187,19.315088517386293,0.0,NNW,2.411275865172375,Aotizhongxin
808,2013,4,3,15,124.73706863968046,174.48919256605876,9.806387232716773,16.578312622734195,1709.588023781023,70.64989786974364,25.667992243263367,1013.5715170790945,16.85290164852636,0.0,NNW,0.6147051825208574,Aotizhongxin
809,2013,4,3,16,124.99253446403779,176.48552782484077,9.524979694838173,20.295676737318477,1654.2127598022798,91.12000691416303,24.184756973030932,1018.0946731049904,18.138026576459747,0.0,NNW,2.187205653134664,Aotizhongxin
810,2013,4,3,17,118.41709258002088,166.76220135910845,12.390747860870391,26.432735327502233,1573.5491035738676,82.35016213217375,22.157549287054792,1017.9833376048971,12.734964954573046,0.0,NNW,2.8712427155056295,Aotizhongxin
811,2013,4,3,18,116.6473807920475,167.66639086109228,9.479366747315838,27.401400394276166,1579.5290277730885,89.81741032587625,22.46814461403568,1017.1887878149921,16.67726445030249,0.0,NNW,2.373109703696068,Aotizhongxin
812,2013,4,3,19,115.91068177027874,170.7133495748076,11.417779045715992,9.846845914247416,1507.129223525826,84.90715588607038,20.125838929019135,1019.0787943883428,12.387396723606228,0.0,NNW,1.7049836008923005,Aotizhongxin
813,2013,4,3,20,124.69560598283257,178.50018953247528,8.792553849882479,26.581798299957626,1626.8135927229703,80.70021505768176,18.96092495728233,1018.7213975053113,11.560620068435398,0.0,NNW,0.8689561238290886,Aotizhongxin
814,2013,4,3,21,130.24938376681558,186.88499250863399,12.154239130321075,35.36514398284611,1725.707533073445,68.20982889220173,14.773649895416263,1015.3698880882872,5.267612975249622,0.0,NNW,2.40636030318655,Aotizhongxin
815,2013,4,3,22,140.58996536028656,181.0037198369364,14.833392892633142,33.69670245299011,1908.1098370751956,90.62140587307766,11.965797231301508,1018.4486527751054,5.059620005697688,0.0,NNW,3.5008857403162477,Aotizhongxin
816,2013,4,3,23,141.88315251506305,199.13869051274506,11.509006125276127,34.753309931727166,2102.849314983484,51.83653984251075,9.655750924327604,1016.4608751323666,2.801643122944363,0.0,NNW,2.529495215122073,Aotizhongxin
817,2013,4,4,0,150.71592493161572,215.79737038427808,17.344074359419544,41.70271083961429,2234.363665419417,64.12253974034684,6.550842235626356,1008.0314031002188,-1.9358100506614646,0.0,NNW,2.926175133703487,Aotizhongxin
818,2013,4,4,1,162.03901946718508,234.1440391997636,16.45121353169531,,2343.285286520047,57.29608979350977,8.5101108793863,1008.645669927621,-2.6908822086147755,0.0,NNW,2.746413391551622,Aotizhongxin
819,2013,4,4,2,169.60358407121117,230.5215099573577,20.63638072144676,49.90615552713554,2526.806324290256,59.04356286152425,7.050184869032959,1004.9894163607155,-2.619807979837092,0.0,NNW,1.685536908314048,Aotizhongxin
820,2013,4,4,3,180.078709007069,245.51979986101014,17.93127420570182,60.532723825689736,2742.110745744991,56.20323079412909,3.18045525656293,1007.8150361046178,-6.489765735525008,0.0,NNW,2.0723903972246625,Aotizhongxin
821,2013,4,4,4,182.77711388460423,250.14695268560993,20.47386098440849,80.78201389757238,2763.3016835439707,36.97547891122128,6.546663950068141,1005.2474365844777,-0.7793068236198375,0.0,NNW,2.6948185547976165,Aotizhongxin
822,2013,4,4,5,191.41151632048545,273.34026184759307,19.70781043640975,58.3689171905399,,41.15579740202082,3.5722383662570665,1005.5417340710753,-5.125310143023149,0.0,NNW,0.7362238796806764,Aotizhongxin
823,2013,4,4,6,201.6293340262904,292.61987818604865,19.711363213878265,62.45485893870858,3080.2826555190304,52.6487371045251,9.40686603780106,1009.1811362935657,0.7384514633926835,0.0,NNW,2.521394439340271,Aotizhongxin
824,2013,4,4,7,199.1557545732038,274.74345532956926,20.60642041612241,63.90493301077951,2948.9475856775985,35.20008667355077,8.955474323338487,1003.6607127490845,0.10600591854636121,0.0,NNW,3.0071342573404953,Aotizhongxin
825,2013,4,4,8,194.37673181246183,281.207047673717,20.940549426596906,56.82167260082243,2949.1573568149397,27.685030154737266,12.95166038549217,1007.9293444631394,7.155595802225108,0.0,NNW,1.958912588586544,Aotizhongxin
826,2013,4,4,9,195.4227110429959,274.8265935518402,14.786839170160722,67.92802205191836,2908.990560295133,38.4776493433421,12.105735465687491,1008.7118189790281,4.173763406932263,0.0,NNW,2.651215828454821,Aotizhongxin
827,2013,4,4,10,95.52779619032232,132.4960568948269,21.800900826453635,36.0329170135485,1927.5492649641303,34.45354001385533,15.79013410350828,1009.3352214248957,8.086744606883224,0.0,NNW,1.556502645109207,Aotizhongxin
828,2013,4,4,11,86.20092743478487,118.56745611051912,10.71510610386321,45.927907539021014,1748.6369096914302,57.247691982384204,20.703054450874113,1010.967462138447,11.773970183717129,0.0,NNW,2.0305874582771937,Aotizhongxin
829,2013,4,4,12,76.75560881332582,114.92396598467771,12.945563670783311,51.5465098905597,1600.2382661825482,,21.019705536791307,1007.5354365791685,12.975247551280512,0.0,NNW,1.7815101261696986,Aotizhongxin
830,2013,4,4,13,67.86389902480816,98.26523680260212,13.423097562192693,37.47086463084051,1384.9521881237758,65.26006120688763,22.400309732286086,1011.6749861939172,12.936775718228265,1.0314743391290078,NNW,2.3678501529334337,Aotizhongxin
831,2013,4,4,14,155.2506683337467,240.10918994372173,13.737067907257845,28.433288329197676,2048.0570405951107,56.2903995054636,26.753050809068828,1017.5860017305148,19.268637825405722,0.0,NNW,1.9163795130119374,Aotizhongxin
832,2013,4,4,15,145.36285711221348,194.9857535271256,16.1929836772914,34.38391841177917,1869.7775488304196,87.89417788024045,28.31643881690931,1013.1417917349135,18.596608449949766,0.0,NNW,0.6590564872420666,Aotizhongxin
833,2013,4,4,16,136.57873536726848,196.3912465344756,5.094998516402486,34.930237807488446,1764.2487222186876,63.887645478953175,26.064779168119905,1019.6633486460506,19.181108936518644,0.0,NNW,1.425498047952888,Aotizhongxin
834,2013,4,4,17,130.51053243171305,177.42273530628313,8.647288483385527,27.366567035939102,1727.561101749718,,22.022433180241794,1014.0159843078885,12.920004771084153,0.0,NNW,3.5540068738859922,Aotizhongxin
835,2013,4,4,18,129.34956767083798,172.39652486928674,3.619499536602204,18.590237121496934,1675.6707904052198,83.21661612505281,24.716346811092023,1013.9459187351754,18.138936030574328,0.0,NNW,2.4540281462067752,Aotizhongxin
836,2013,4,4,19,131.308651812312,183.72344116688708,10.265236790285401,29.331110027432576,1688.5608727534866,86.6659981139817,17.657851610527427,1014.9260714969172,12.518792997050392,0.0,NNW,0.3216628129129606,Aotizhongxin
837,2013,4,4,20,140.5076664587072,198.08425783626043,11.4849237345779,24.46309752211291,1679.3487495074864,85.8731100821945,17.13145326991222,1018.5882929554961,9.13310493719996,0.0,NNW,2.96625500150739,Aotizhongxin
838,2013,4,4,21,141.28180897368878,226.97626811376523,,36.81935943141967,1869.58055842001,77.01627400919895,15.082166650481062,1014.443292246434,9.049589333695396,0.0,NNW,1.0777429152893543,Aotizhongxin
839,2013,4,4,22,151.43230200319152,210.1637646476361,12.86190428268036,46.86607107885272,2097.5897990607596,90.10043765134859,15.297866314732916,1015.1908139768783,8.425039738211044,0.0,NNW,2.714699847782001,Aotizhongxin
840,2013,4,4,23,157.81177527321387,209.63469808765257,16.83798016281453,18.979005052441305,2008.4404583290263,67.12215953839507,11.368988706327592,1013.441369069547,1.219815647773903,0.0,NNW,3.0337873396418136,Aotizhongxin
841,2013,4,5,0,165.37849178767976,234.2599956776955,16.751511244617177,45.88853978556506,2357.4970614502195,70.34668101752936,7.233295645935245,1011.8910756345393,-0.6003126877869938,0.0,NNW,2.081352019003558,Aotizhongxin
842,2013,4,5,1,175.8423411094218,225.43287717772682,14.988350634497097,36.2905094064694,2502.2984181785596,61.399069513383964,4.9223115559859885,1013.2541409597026,-2.325890385480178,0.0,NNW,1.2024856887533348,Aotizhongxin
843,2013,4,5,2,178.586881670097,249.10206651209313,13.273117759623883,74.53430868263817,2586.2053032096287,,6.844030717814199,1011.0430358819741,-0.2593963090463569,0.0,NNW,1.4278689547580918,Aotizhongxin
844,2013,4,5,3,186.32972409042964,261.02186654955307,19.36054080080817,55.397139353361425,2813.5369343936536,40.6250255974811,4.199961564169467,1006.1786596997425,-3.532728228368045,0.0,NNW,2.5034065114370687,Aotizhongxin
845,2013,4,5,4,191.76309160121858,276.4143320711581,14.853820967486099,68.29149401029176,2966.0001893538906,59.58257003819923,5.665851868906779,1007.1187314138945,-2.086181036602389,0.0,NNW,1.0916125320327925,Aotizhongxin
846,2013,4,5,5,196.72990933239006,285.15809555962454,23.715250349454273,64.03598164902219,2998.971141616635,30.80834580337072,4.285081228266941,1010.6572505086164,-3.7072877345602078,0.8513828109596979,NNW,1.5344854808194426,Aotizhongxin
847,2013,4,5,6,198.90880911934929,273.4366365780118,19.513813693889528,58.57532335424752,2972.7108753917178,28.253794756433095,8.782818970970824,1007.6391235783359,0.9825830999613525,0.0,NNW,2.4103151855114366,Aotizhongxin
848,2013,4,5,7,107.70778446766492,149.28475810843156,23.41516136597959,56.94209214836195,2200.8591150365387,37.557610157543515,10.733042718621217,1004.154678940372,0.8975242631726486,0.0,NNW,1.4790602159220252,Aotizhongxin
849,2013,4,5,8,102.15981185552077,135.36252829162237,17.889483716524996,75.00594146049485,2170.920038047419,33.66416561278851,10.549379456487536,1004.7957951763242,2.1950632850195184,0.0,NNW,3.136625105949854,Aotizhongxin
850,2013,4,5,9,195.26826535757675,262.09494595253045,19.342086265135713,66.78964010515743,2888.6472999543125,34.385284675313926,16.54743466930746,1010.2447567111997,6.367962637090168,0.0,NNW,1.1695364489615168,Aotizhongxin
851,2013,4,5,10,186.56249981628127,264.2864475366001,18.128046572004067,70.5486726990205,2673.147347218564,42.66716605702413,18.420309163389376,1010.9048746343522,9.673867639258413,0.0,NNW,0.2,Aotizhongxin
852,2013,4,5,11,177.10516269271588,235.21137228383623,16.158962871479833,50.62000758331201,2505.849770000196,67.84962058612322,21.110036379170147,1008.8631736242128,12.223828052518813,0.0,NNW,1.3774233857487985,Aotizhongxin
853,2013,4,5,12,166.7910428304142,229.36119095686124,13.702021459810224,47.303356969968,2475.4283551352337,58.633813085224276,21.50304977274028,1013.4952603579487,12.521055312234468,0.0,NNW,2.2480987304716216,Aotizhongxin
854,2013,4,5,13,163.78253760176875,219.34381304348386,14.883272829898957,37.686086572707275,2260.665280071128,53.1897258000159,23.92868865477405,1016.4928794989511,14.350676418090478,1.8501897778511909,NNW,2.6906639297612047,Aotizhongxin
855,2013,4,5,14,62.22912594680382,92.61760818842794,9.721510209550377,32.703342375079934,1355.3394414941122,57.38253461911836,24.754326566188666,1017.4157176793212,17.158242476884,0.0,NNW,1.6732891195717305,Aotizhongxin
856,2013,4,5,15,153.7329373362095,233.24041326335816,7.8361601071900875,22.52276891645011,1874.0064909121165,99.74571885020836,24.777744392868655,1018.7440899795777,16.300638934300864,0.0,NNW,1.778215864538538,Aotizhongxin
857,2013,4,5,16,145.63595636585583,190.87445908416484,14.398353661058291,28.351573451706038,1783.3180554483984,79.41729140026995,24.91501318013945,1017.4411045690479,16.28437379650995,0.0,NNW,1.975290888951969,Aotizhongxin
858,2013,4,5,17,144.52460591626254,183.80426345379186,12.351874835230962,19.367510715129058,1773.560598787185,88.49393066688089,25.544918498538962,1016.4743094931856,15.433557506794546,0.0,NNW,3.393529794877587,Aotizhongxin
859,2013,4,5,18,141.29348852781072,196.56201508543433,10.19767482580672,28.53527137731362,1680.2910303282283,77.2862277366039,23.683493769921366,1016.1950398390663,15.236701981625881,0.0,NNW,2.303007162195713,Aotizhongxin
860,2013,4,5,19,144.8474410101607,202.94339537380256,15.165798016186002,27.041565226060307,1852.429062510123,87.35800534994087,18.227208983796714,1016.7948553542196,11.945508183670661,0.0,NNW,1.6057814699611666,Aotizhongxin
861,2013,4,5,20,148.6561457687048,210.30519714375967,9.866576424903272,29.980948273717008,1913.3546199653952,96.24393161062628,19.06629317638562,1014.5780804100085,12.807502641176132,0.0,NNW,3.6414120785617596,Aotizhongxin
862,2013,4,5,21,147.36072798665262,201.84181402897022,15.4325757540342,44.25890389379085,1869.3658445493993,71.15503769222614,16.786715059122056,1014.8169364568947,9.346983928699723,0.0,NNW,2.0089665907074736,Aotizhongxin
863,2013,4,5,22,159.7639522275693,221.6631401303427,13.026722254777464,34.69825640187526,2167.307548150928,77.08586779948584,12.185043038946244,1017.0502394965952,3.742312076266485,0.0,NNW,0.33974658455485507,Aotizhongxin
864,2013,4,5,23,74.18289156687572,107.53115229903203,10.631652524258222,45.877435120776994,1489.7229096580002,52.413013368659165,10.762670655696668,1010.0759532086377,3.601144901033457,0.0,NNW,0.8905385914679005,Aotizhongxin
865,2013,4,6,0,79.49630815801383,121.69914034766775,20.544120575312547,61.412075712684654,1765.4399511335632,80.22866118366792,8.66993468908905,1008.9186605486171,-0.33109569317598675,1.495499468830063,NNW,2.4465893933109935,Aotizhongxin
866,2013,4,6,1,85.71007327134552,100.44361487670089,19.26622776538486,60.62931745641079,1796.4425107380243,56.21488317488273,5.064796037144161,1012.3669659833242,-3.38408234668091,0.0,NNW,0.5782182202899973,Aotizhongxin
867,2013,4,6,2,94.08896348116951,128.03515448332269,17.136936906971307,64.22535758763875,1981.5213453657773,43.37206155647708,4.767807305816825,1008.799654150633,-4.3459763580788096,0.0,NNW,2.3984408676901428,Aotizhongxin
868,2013,4,6,3,101.63999407671403,144.43407964681026,20.717047684534585,56.68862989956695,2165.9578371468087,39.343589237474674,6.126215358277411,1004.6131800449506,-0.5112350009764546,3.0977426097269163,NNW,1.3760256311550996,Aotizhongxin
869,2013,4,6,4,109.04172984534209,143.47866073737157,18.11901671692847,64.15765252023114,2282.6256677669026,33.248983160245686,4.597008381862141,1007.547204668397,-2.2329826766504044,0.0,NNW,2.9421729056045827,Aotizhongxin
870,2013,4,6,5,120.07956067554639,185.42308126343795,22.317076236623965,53.77230618954183,2372.543419226793,31.262802701538362,7.802995301049076,1006.7621276989274,-0.24902808751991468,0.0,NNW,2.1340102932355443,Aotizhongxin
871,2013,4,6,6,120.39399697689814,162.19749696537,12.82676430414812,68.99131520771532,2356.0949598429934,10.525048576503401,9.886390849409167,1006.1378310470174,4.483269313345014,0.0,NNW,0.6903820726436567,Aotizhongxin
872,2013,4,6,7,116.17858278741637,162.23708903231008,16.77022513036156,66.5141979466921,2341.505627814614,34.87219702180574,11.715507762970706,1008.5417829215177,4.334279634127126,0.0,NNW,2.731378436795602,Aotizhongxin
873,2013,4,6,8,107.66429320021938,156.29023144873003,22.26790625178308,62.507589076938224,2166.915298521725,36.950578099331906,15.381516453728977,1005.0034818434946,7.915857773233445,0.0,NNW,3.0908780414674393,Aotizhongxin
874,2013,4,6,9,99.97301436251496,,17.78656729127598,67.35969392967382,2090.2335133179445,47.208945842941084,14.86390157656333,1008.4904369237864,7.237581946373463,0.0,NNW,0.9785333522591406,Aotizhongxin
875,2013,4,6,10,93.62730303542334,112.61249377154849,18.122626884666225,45.337801420604826,1893.5530476584868,42.268562535584735,17.8539920619788,1009.0780550107751,7.960561835378935,0.0,NNW,1.3577690551055026,Aotizhongxin
876,2013,4,6,11,93.57010584257011,126.71160291043283,12.253738239166303,63.25528371133319,1763.0443827775543,45.81916073102675,20.48099457164396,1010.7815552303108,11.139574824532906,0.0,NNW,2.4019073461010323,Aotizhongxin
877,2013,4,6,12,83.73508929334982,127.52353056996013,20.54360098710631,52.214117503522274,1672.4020525537705,59.92225055547025,21.980470924379368,1008.5356276837266,13.898513993850052,0.0,NNW,2.5453719158946013,Aotizhongxin
878,2013,4,6,13,76.86566974682978,104.2429863777103,17.277493705640424,39.25854726073379,1574.5116344672135,50.34679494665818,24.473522498996854,1012.2487974492326,16.4039472808399,0.0,NNW,3.88259651093245,Aotizhongxin
879,2013,4,6,14,69.5645495156144,88.92602630727038,11.897944344874013,33.81016329746086,1402.8066282047184,73.93423187534584,22.092452219372696,1014.5395383820745,14.97709626968835,0.0,NNW,2.71272684256924,Aotizhongxin
880,2013,4,6,15,68.10491917381032,104.60360893836165,10.250378523477284,34.70275409825781,1257.9010261295832,59.059476934446465,25.30735808303878,1016.6178531785285,16.30555741945721,0.0,NNW,3.9206272450409227,Aotizhongxin
881,2013,4,6,16,73.44509019936807,99.51537731888476,13.758686065336885,39.84630178082146,1328.5000449899442,92.85882158291892,22.593103288066338,1020.0229200297472,14.699133339201154,0.0,NNW,2.0155287791458854,Aotizhongxin
882,2013,4,6,17,68.32460243254789,90.55283526906486,16.117782219061443,26.49434522373872,1131.7734194024272,90.99084521383446,22.21631912143302,1018.4415259089234,14.349159318088244,0.0,NNW,2.3069013341280127,Aotizhongxin
883,2013,4,6,18,65.34461945114705,92.97702812823896,12.86128076743406,26.15224721583381,1026.8653225192752,75.73814123575987,23.170402528410346,1017.9223104012668,15.362695151074533,0.0,NNW,1.5454969590571417,Aotizhongxin
884,2013,4,6,19,,106.46838553523966,16.685778870744464,25.8264312952256,1068.872510140335,90.75952579060707,19.70132564232647,1019.3725787160062,11.725947417906392,0.0,NNW,1.5819176603399474,Aotizhongxin
885,2013,4,6,20,76.26806680439543,130.59242884347907,7.902818993892053,41.93568482592301,1204.6748258916023,82.76577733714977,18.634612163098918,1015.7224821258358,8.528852135270924,0.0,NNW,2.117680264465931,Aotizhongxin
886,2013,4,6,21,88.4224547852763,132.06379777596104,9.00630560257089,27.906799552772853,1465.3681629707028,67.5875672188151,14.668835094598307,1018.6433902332025,3.2770073991116373,0.0,NNW,1.5339966668714915,Aotizhongxin
887,2013,4,6,22,96.97137096217656,147.35831901093061,8.933176645839952,34.76393921104742,1544.030833524043,52.27123842770912,14.071419023561527,1016.7385455801242,4.658773569850638,0.0,NNW,0.2,Aotizhongxin
888,2013,4,6,23,102.7696312459527,138.81782175445522,15.03118672343583,51.53110433203752,1741.677364019478,69.63483296182757,9.641378941568048,1012.4023396442277,0.8446944073696911,0.0,NNW,1.466559454894278,Aotizhongxin
889,2013,4,7,0,112.89682192179757,147.79686963082182,15.526810649413111,46.17608666890291,1985.4887445535794,,4.996554453789839,1015.8479103514666,-4.771123349785817,0.0,NNW,2.861355300320157,Aotizhongxin
890,2013,4,7,1,125.09620759720482,175.75800413227796,15.838241855096646,59.27285178241459,2049.2924306897567,64.47921956939777,6.6778348351725185,1011.5997754043008,-1.4056759681390056,0.0,NNW,2.0582472161786387,Aotizhongxin
891,2013,4,7,2,135.61356496891867,190.93069010908206,19.927775884369897,47.70975954477633,2308.833506341144,47.64033733881851,2.0874519685554906,1013.8859379521235,-4.2773875782622115,0.0,NNW,2.06272758470943,Aotizhongxin
892,2013,4,7,3,143.85586452894427,190.613082926876,22.23251972157673,57.49979545070284,2460.6377823389594,35.32650350536314,2.8209186462013887,1009.0708306026338,-4.090031605656792,0.0,NNW,1.389244056875437,Aotizhongxin
893,2013,4,7,4,152.89012196523763,212.29322545229252,14.753139791061665,74.1959803832106,2526.4942378120213,56.327752236293755,4.016321943611462,1006.5460132620565,-3.284178113268122,0.0,NNW,2.2663602757805705,Aotizhongxin
894,2013,4,7,5,160.5643170021592,228.78321982021419,18.038713047741993,58.907798799672996,2738.595412795155,41.616319268803345,4.828181745500333,1005.6352975818478,-1.693852146505912,0.0,NNW,3.326926617952953,Aotizhongxin
895,2013,4,7,6,167.1151781776373,237.565183398873,22.46043078236918,63.78960768184234,2722.5360726436243,2.0,7.111355981510097,1006.2885130905341,-2.275578584985248,0.0,NNW,3.120565100030006,Aotizhongxin
896,2013,4,7,7,168.6877925166679,241.20578805717778,18.426413079869594,66.3719983729132,2716.68502160332,30.98793665486463,8.436898264703341,1006.0277809844953,-0.24829613980304488,0.0,NNW,2.2926951280827317,Aotizhongxin
897,2013,4,7,8,165.0223075202616,233.94087782974066,16.93550878984773,54.40727193174489,2772.1692825967666,24.508474985264797,10.302880553596284,1010.2126500949952,3.225150848183617,0.0,NNW,1.3170207648328087,Aotizhongxin
898,2013,4,7,9,160.84160358805815,220.10815843058083,21.591146188883922,55.831654674755775,2595.7138782974203,34.324351093133224,17.312753617261162,1008.4065176049668,8.600958603503171,0.0,NNW,3.4137584504304597,Aotizhongxin
899,2013,4,7,10,159.45443601849513,218.09720415940475,13.631499790828059,55.901093454605125,2521.900015632236,46.052676010814636,16.57097363143736,1006.2719546548752,7.941233896210666,0.0,NNW,2.8473941530092923,Aotizhongxin
900,2013,4,7,11,148.95126468762183,196.5422565827318,15.389355802139292,50.549834775346106,2362.882382118075,57.070008958312435,16.653848520278903,1011.1319134062308,11.447477203142805,0.0,NNW,0.815324778412623,Aotizhongxin
901,2013,4,7,12,142.6613865700378,217.57369158990386,15.985932077414425,55.24281616669708,2108.7673925873414,62.613657421135734,21.52969025235159,1012.2510260862206,13.672853369146573,0.0,NNW,0.5945646380719356,Aotizhongxin
902,2013,4,7,13,133.32345996765275,186.78734760090677,11.984445032757039,52.15527665660761,2025.5511165528976,77.24920689321104,21.973157450803054,1012.3568799831746,16.61859675110416,0.0,NNW,0.8596548402081996,Aotizhongxin
903,2013,4,7,14,126.20301061246764,174.43568429950616,14.849466968039525,28.151321023992715,1784.5293791498577,78.86598377508666,23.33180682195146,1015.0351840439686,12.596861822347305,0.0,NNW,1.605065342757995,Aotizhongxin
904,2013,4,7,15,125.10361462730042,165.857139663696,9.757835168475157,31.74801252960897,1690.7550350768695,83.42513882091873,26.06551372202873,1015.447315039675,17.119214265123787,0.0,NNW,2.7214262560975766,Aotizhongxin
905,2013,4,7,16,121.10045222144328,198.89721213329835,14.895731461415565,33.07347839170935,1608.793457642364,83.6655583259437,23.987021834712856,1017.5976577536753,16.600246705690747,0.0,NNW,2.7023611739028826,Aotizhongxin
906,2013,4,7,17,118.28918573892898,154.8715797122716,9.793131976067341,37.812263200612215,1528.8399136485568,97.01613418448572,21.931359136017562,1017.9795870088118,14.071958005677182,0.0,NNW,2.2725758761450376,Aotizhongxin
907,2013,4,7,18,111.82753596368136,152.27007109309315,12.013810410116061,30.747922378537034,1535.728109342309,81.83723456809082,22.740448076801343,1017.7298057127981,11.657128682005714,0.0,NNW,1.8876367366486395,Aotizhongxin
908,2013,4,7,19,115.83477543911819,166.32705397762606,12.408442727503108,28.008790686957283,1553.6684057545708,81.2451129698748,21.724911245913628,1014.2319173239052,13.380542475055302,0.0,NNW,3.897046435211667,Aotizhongxin
909,2013,4,7,20,121.41372483882138,175.98134443179268,8.78725297284559,33.01183218017228,1600.3384164659399,62.59490156488566,18.393498694984977,1020.5681604752068,14.103025089913032,0.0,NNW,2.027190430245771,Aotizhongxin
910,2013,4,7,21,134.83430240997995,198.34734392612876,5.304006448099596,36.248015050959125,1829.5569584629618,88.23930996776404,11.319666642524364,1012.4235624992682,3.69003580026951,0.0,NNW,1.9304117329217225,Aotizhongxin
911,2013,4,7,22,139.81639290576436,213.8190351457627,13.582267263991502,27.578285661725047,1904.7720213767973,71.73074244220847,10.739325295379272,1014.2425816463698,3.6459792953774532,0.0,NNW,1.5939371416891754,Aotizhongxin
912,2013,4,7,23,147.92842286334448,212.1613685632894,13.922769815862,41.366009437999715,2063.4962463475135,95.80653318927577,10.071172795954311,1011.105228522815,1.1052580440665971,0.0,NNW,3.76959464619657,Aotizhongxin
913,2013,4,8,0,156.69052895126316,208.80643253210172,16.66747808272538,56.67328795350953,2255.9584258551827,55.944673082375424,7.5624830802385015,1012.7926763233203,-0.0725906986669872,0.0,NNW,2.5767199281691475,Aotizhongxin
914,2013,4,8,1,170.76491342339267,236.50142754153188,15.614512808364088,48.51752675249838,2492.8199432114607,54.415305166604334,5.848833231246818,1010.982716224102,-2.169659066106164,0.0,NNW,1.1724095971856918,Aotizhongxin
915,2013,4,8,2,177.61915994076924,251.74514764221578,16.208716903597853,56.035573140379555,2640.4456619950247,52.96504953608414,3.866606697848066,1009.1624678307596,-2.4551716545435713,0.0,NNW,1.0776294890387468,Aotizhongxin
916,2013,4,8,3,184.94844947944702,279.610089686284,24.560952938877836,57.202004027522776,2744.2678491975535,31.303330740449184,2.89162387538384,1011.500011661943,-3.477874794446419,0.0,NNW,0.6559701039748589,Aotizhongxin
917,2013,4,8,4,192.1475941962499,255.0285770905069,14.913064834389857,43.809632110833775,2925.946475455745,41.934842044181316,8.352414313828847,1009.886864815432,0.9636885310599568,0.0,NNW,1.9225842995201932,Aotizhongxin
918,2013,4,8,5,195.89104336401425,286.2732257618722,22.031480566538058,64.48323794365879,2942.3789698737587,,6.380412391863982,1006.5161401823716,-1.5131388847442009,0.0,NNW,0.8012182933736978,Aotizhongxin
919,2013,4,8,6,195.12753411714007,274.9776914594603,18.276194425449827,67.41433544522297,2928.2710485066846,31.963118103231622,8.892114871435652,1008.6082692838326,-1.6265464324084102,0.0,NNW,1.0659177634380614,Aotizhongxin
920,2013,4,8,7,194.88166887740536,281.2126417806623,18.822293278224073,60.21856939873415,2872.0225990965027,47.57789393020336,10.009376760375714,1010.2997313842316,-0.5615563952675262,0.0,NNW,2.854673078715212,Aotizhongxin
921,2013,4,8,8,196.17918320170554,273.6309093160284,18.378818521200298,53.08341248461095,2965.002551177371,29.311877726282475,12.481332596931777,1009.8725630601637,4.604198967028053,0.0,NNW,2.712797050425096,Aotizhongxin
922,2013,4,8,9,187.30556332612457,253.80346235531113,16.125231083418967,52.097283945477756,2781.906722893316,45.071351601158526,14.90684490028607,1008.1920289231322,8.218796067478554,0.0,NNW,3.1931215830546504,Aotizhongxin
923,2013,4,8,10,181.62423858711566,261.78266181597525,19.213672630708718,61.113500929084516,2663.537526622451,62.04664291385046,15.907521662413558,1006.3193981971409,9.905140747847813,0.0,NNW,0.8237437820381304,Aotizhongxin
924,2013,4,8,11,171.5883266804346,246.76796762366462,20.46602601336248,65.95657908642566,2528.524377269461,46.46330631287399,17.728265812948628,1011.3552005843271,8.393657687388195,0.0,NNW,1.1981438932027877,Aotizhongxin
925,2013,4,8,12,168.60394184305835,245.7660882376789,16.410040983739986,56.05946672724346,2324.961223164576,57.031140173077006,22.650405872482956,1013.3372206707879,12.386547982021039,0.0,NNW,1.497148309601711,Aotizhongxin
926,2013,4,8,13,154.7466228708476,216.51222566540028,14.016050763123681,29.068851059305167,2065.725402502066,89.9235217622813,23.942017648751136,1011.7548614249456,17.34145637809301,0.0,NNW,3.3120679661546766,Aotizhongxin
927,2013,4,8,14,145.2755068348369,197.38748933557318,9.540678502702262,41.83701848440563,1965.693089789456,77.24391065156057,26.06667961058024,1014.5450905341161,16.8446419599327,0.0,NNW,2.0503056947584195,Aotizhongxin
928,2013,4,8,15,140.57115089949855,181.21174130905953,13.014941891540616,25.552565369794735,1857.1245723253844,72.6156947632375,26.10304123996304,1015.3697582884007,15.737438838453818,0.0,NNW,3.4576203667706755,Aotizhongxin
929,2013,4,8,16,142.06568833849917,207.0856963552929,17.138921876265705,23.021355424241012,1776.9728918861992,89.67688269539575,23.446489973766173,1019.1055482905327,14.705972736587523,0.0,NNW,2.5019553700460815,Aotizhongxin
930,2013,4,8,17,138.80567461906833,198.5668392911355,9.028286997169381,,1797.7619453407278,78.46721014131644,25.359141001227197,1020.5372614826256,16.59249255114083,0.0,NNW,1.9100629091598327,Aotizhongxin
931,2013,4,8,18,135.5626513009676,180.129885492715,8.872049261944401,30.648535598843445,1560.1928820216729,69.35084075839929,23.21860860459725,1019.3504289406014,17.19886521905827,0.0,NNW,2.4590703530856497,Aotizhongxin
932,2013,4,8,19,144.10950479005788,196.36756997311477,8.487103475611665,33.35551048581094,1822.508539699825,97.8717851098784,21.036262354786004,1016.6585177650932,14.334713226808306,0.0,NNW,0.6164951951530937,Aotizhongxin
933,2013,4,8,20,141.31446186353182,193.17265848943015,9.201630277594546,26.895243354072925,1823.6632159126905,70.62004245330081,20.962180638993424,1018.6255595128179,11.856099984848427,0.0,NNW,0.35661000887338723,Aotizhongxin
934,2013,4,8,21,137.2867967149882,177.3716710811593,3.2285674330501095,30.209298448204848,1838.2902001303096,102.19479577963659,18.06593814376228,1016.8331103175933,12.162869657596346,0.0,NNW,2.207406168524541,Aotizhongxin
935,2013,4,8,22,145.26005795079797,195.18725716506583,13.715106157567137,38.714109945886335,1795.2853861329288,67.60667624537795,13.44668019880712,1014.3502008472365,5.63421898567865,0.0,NNW,2.0115216349668126,Aotizhongxin
936,2013,4,8,23,150.48726970031188,199.34387401237308,11.16924824542355,44.3675754141435,2164.564978725,87.80312294318159,10.847795808756299,1017.4788758035191,4.4390492616974395,0.0,NNW,3.5468940276900396,Aotizhongxin
937,2013,4,9,0,154.16690978486469,211.70888357993118,10.169210643624599,54.409805654068236,2182.0135727471234,46.31328931479942,9.551414960789046,1010.523963120235,3.5421827229723637,0.0,NNW,0.8968402179638997,Aotizhongxin
938,2013,4,9,1,164.7649069271377,223.28389471469714,18.55366507471025,39.90140509797682,2396.2622745389403,63.78445973509951,5.463815307650056,1011.9137227257065,-2.9300740424542364,0.0,NNW,2.2979619616380154,Aotizhongxin
939,2013,4,9,2,172.9755384291469,225.89570459213815,14.25394664487419,55.16021871843224,2575.274674193672,52.4972627298465,4.485997850722741,1011.1791212911079,-2.657022788086733,0.0,NNW,2.55622285313484,Aotizhongxin
940,2013,4,9,3,176.93242734179643,267.9313005842098,17.519526744281464,50.597940616601534,2718.673032941589,50.69979272588783,6.01013211063787,1007.8894684150198,-2.600005586012256,0.0,NNW,2.274250221834714,Aotizhongxin
941,2013,4,9,4,176.5787684250496,259.7356831053617,23.729454192487932,61.91296984318155,2791.0117110237993,48.02959197215164,4.0560276034179585,1008.7881493568365,-2.5488190037031395,0.0,NNW,2.8791568039288826,Aotizhongxin
942,2013,4,9,5,183.06561041330906,248.50166036343285,15.601981737371801,62.50911422433528,2895.537241538065,30.874402919961575,7.2289001904404975,1009.0613653689969,-0.6356870938539183,0.0,NNW,1.494102204827152,Aotizhongxin
943,2013,4,9,6,186.68864033647162,264.08831043759636,15.402205296206713,64.62600436877838,2934.3017981956987,21.911561579970016,8.164180437938809,1007.4892688410558,1.6046637665373535,0.0,NNW,2.6657853111347563,Aotizhongxin
944,2013,4,9,7,185.26971167002614,263.55224723624957,20.637547700132355,57.92057342089711,2881.174384086493,35.342677039381115,8.715714843111822,1008.1153619952402,3.0028498388395164,2.4535292209373676,NNW,2.4492200886564053,Aotizhongxin
945,2013,4,9,8,189.65924697907792,277.4338043184439,22.7785891109533,50.422189730029345,2884.4802702992783,40.57966748124037,12.450609314407242,1007.8807352269758,5.2714570620996986,0.0,NNW,2.932683406227366,Aotizhongxin
946,2013,4,9,9,180.61134923583657,244.6698386635704,13.81250875273685,42.38663541001173,2673.1958205701994,37.603884258781264,16.957622388207625,1010.0595063171206,8.817432604594847,0.0,NNW,1.5910691436668665,Aotizhongxin
947,2013,4,9,10,168.2960451165412,246.53553100298194,18.723069210511532,53.950558765881276,2508.817020591379,50.27553970159862,17.711746127005963,1009.0420426616124,9.596504312120967,4.047703940339542,NNW,1.051037321958559,Aotizhongxin
948,2013,4,9,11,158.29298419009183,216.13112482405919,18.03709384539768,46.728372055386906,2414.6445027454847,56.82577918418438,20.129821471426965,1010.0823092077017,7.694273844958643,0.0,NNW,1.4971550159518074,Aotizhongxin
949,2013,4,9,12,150.34606877159422,197.12587223854575,8.822518548923039,39.59249868156938,2244.6290245091877,50.899735534561344,22.56454573022237,1012.0411203076983,13.495354250475353,0.0,NNW,1.1495533628560057,Aotizhongxin
950,2013,4,9,13,143.55485521580937,208.21816289527806,16.101408788209056,50.40400680060287,2081.1011945076875,70.42018894446767,24.349036822181798,1015.6614329739092,17.74789710268481,0.0,NNW,1.548017613100826,Aotizhongxin
951,2013,4,9,14,135.3544823374597,202.40385951366784,15.12981763952654,28.12449450563752,1857.1150206168516,69.82787976305355,24.16299756376889,1011.0052737026581,17.617819374291145,0.0,NNW,1.7325733533491685,Aotizhongxin
952,2013,4,9,15,130.54950048792045,208.64839041839548,10.529109374299189,42.19253703337948,1807.0778980259297,70.67786052762996,25.52539157195057,1013.7167952725111,16.42354008479978,0.0,NNW,1.2708868297097218,Aotizhongxin
953,2013,4,9,16,120.77578411322193,157.08884510760856,14.426912067971832,40.67024187846528,1561.733888767982,89.52438647685089,23.08565272350458,1020.8816671154931,15.332514650112683,1.3279933792435117,NNW,2.006218863038882,Aotizhongxin
954,2013,4,9,17,123.55382985437608,179.9645586469344,13.579737591529195,10.074279739903586,1655.928298812495,76.37823354029126,22.461647452593557,1017.380005964994,14.177747819474325,0.31602948578459533,NNW,1.0567863272664866,Aotizhongxin
955,2013,4,9,18,122.20299992947785,166.98618746333366,10.309353777151614,25.739051671991756,1564.5804593735284,80.43332410095273,21.064344149752042,1016.1859279060745,14.098747717815982,0.0,NNW,1.9414396613735105,Aotizhongxin
956,2013,4,9,19,127.69440846715831,186.60575895926195,8.816034697579857,22.483911547530703,1719.3934575386709,84.86865415909327,20.704644034451164,1018.4193328024219,16.017566179470013,0.0,NNW,1.6038222050321302,Aotizhongxin
957,2013,4,9,20,132.06232252780802,170.18235602661872,7.751389303328936,5.0,1634.0163141054145,95.39375130115334,17.828539692359623,1014.7600730185181,10.89124255936251,0.0,NNW,1.9030151790982472,Aotizhongxin
958,2013,4,9,21,138.65689408235988,181.4919539583182,11.351775565968689,19.30073435172173,1914.5826424801862,79.60551030690667,14.798460634134072,1011.3299560815428,5.7931944522792005,0.0,NNW,2.314686378746561,Aotizhongxin
959,2013,4,9,22,147.1491666388851,198.2500850627743,14.209276759112536,41.19948885686779,1959.1201166529074,77.78288332474669,13.447964533352723,1015.2095998954948,5.330335241216713,0.0,NNW,1.6654151455169481,Aotizhongxin
960,2013,4,9,23,156.1754295258787,219.43524179291103,12.733374191365469,55.977213119639686,2126.9018553654337,63.49405076759808,10.568293124113508,1011.832527557423,4.671185503767606,0.0,NNW,1.3776299432094117,Aotizhongxin
961,2013,4,10,0,166.51089191842453,226.70443602041078,8.40749698421391,52.22142514159399,2341.8290762966762,59.215103756236594,7.493967018160217,1012.2027795562598,-2.6190483684162484,0.0,NNW,1.476377143467818,Aotizhongxin
962,2013,4,10,1,179.5920733920299,258.01944618797603,20.100236909242312,52.765440682154235,2505.4102595372124,53.04075153724104,4.786899697925895,1011.3647063541644,-4.135686800307393,0.0,NNW,2.8184986208560554,Aotizhongxin
963,2013,4,10,2,187.61358671776014,272.92796758744333,18.07066966553468,54.8293409469513,2697.292243676966,50.43306236017025,4.111178535269188,1009.7842323391316,-2.823875566720748,0.0,NNW,3.021052022540859,Aotizhongxin
964,2013,4,10,3,96.66280518371063,141.32370266964844,17.396660415902236,72.60343894091586,2019.2638406807614,39.36265473985371,2.7997858019106623,1005.0464752698433,-3.258717318281249,0.0,NNW,1.588080805696035,Aotizhongxin
965,2013,4,10,4,101.07142108449845,157.68786591490652,21.901602184192058,79.5064216913499,2119.9283536408034,51.749363760151134,5.551596062335555,1007.7224346662526,-1.5349520842540256,0.0,NNW,1.8763734989083882,Aotizhongxin
966,2013,4,10,5,109.82890262143523,157.91872996456277,24.40354492089361,59.62377508958787,2289.345849002138,32.12019195775187,5.046537788475106,1008.0595747512834,-3.8635045843508524,0.0,NNW,0.6364810656122959,Aotizhongxin
967,2013,4,10,6,108.1455586245261,139.23481497093485,11.594265291536326,49.00010751751767,2220.086194231033,17.927588647946326,7.1859477151587186,1004.1998814735515,-0.009249332851692715,0.0,NNW,1.8544475113856669,Aotizhongxin
968,2013,4,10,7,114.32709514484142,173.69169833816136,21.132420081211556,47.533016819611746,2262.577379924084,63.27982038647349,9.808613979056704,1004.1320237508615,2.4300531291615743,0.0,NNW,0.8387556005750967,Aotizhongxin
969,2013,4,10,8,111.16945066712516,149.58566857791524,15.050179386491152,72.89555601296719,2167.1262043634565,35.07567799595151,13.977802335970821,1005.531823809369,6.504034986505202,0.0,NNW,1.6093300426559873,Aotizhongxin
970,2013,4,10,9,100.67879158071624,150.05449320985844,20.03286542632956,58.765667297535856,2063.0765111222818,55.45402834124978,16.39318589747523,1009.9579955715877,8.24757538203172,0.0,NNW,2.861897931143377,Aotizhongxin
971,2013,4,10,10,94.97800580476297,148.70655029221922,17.883781607123737,56.46593528366975,2025.4041479242999,61.54790841959759,17.506127744144244,1005.5033685070249,9.585619206422685,0.0,NNW,0.798480296911354,Aotizhongxin
972,2013,4,10,11,85.01837052793907,123.59259884641868,18.201274804834256,35.85117295839672,1741.3779002593728,62.981666994940795,21.89825523410045,1012.3654524767761,12.537005443292314,0.0,NNW,1.2783913915825362,Aotizhongxin
973,2013,4,10,12,80.61637337081834,97.90133458749916,13.502257156516034,38.974488697692266,1608.3493237071846,58.019727804025976,19.052545047884184,1012.7841114965804,14.772851385380424,0.0,NNW,1.2823220584453008,Aotizhongxin
974,2013,4,10,13,70.24130610053315,89.15570687564849,8.086184439029939,37.45977258674333,1468.098928087334,69.33732432630644,26.476084862494154,1012.7790913244488,18.71158402350994,0.0,NNW,0.6649172518471311,Aotizhongxin
975,2013,4,10,14,61.22114372074966,98.93704587790089,11.148895426229998,36.662707066912574,1271.229328076021,59.75489790695073,25.698007834347557,1011.5387406751992,18.52077625592377,0.0,NNW,2.690164381803958,Aotizhongxin
976,2013,4,10,15,147.4497773613711,204.73846144949138,12.685008999486612,27.669128064958983,2008.1632280838326,97.57914726784644,25.154204927529893,1013.9425988161503,16.82733810288738,0.0,NNW,2.221790427040859,Aotizhongxin
977,2013,4,10,16,140.87299340643807,198.01792611843493,13.716049967103476,19.380882337900488,1772.4473875039164,73.13257511278427,23.322218741762587,1017.8939351229435,16.590184235831764,0.0,NNW,3.4470833720331653,Aotizhongxin
978,2013,4,10,17,128.18046342478334,187.04089295633275,6.654876967137084,19.40494753339845,1655.834294193508,81.60913602981795,23.003152988648694,1019.3430795351321,13.05550357630549,0.0,NNW,1.2037452805298918,Aotizhongxin
979,2013,4,10,18,120.82262691951252,176.11490630812074,13.081181280619052,34.666586287577864,1613.7694545960662,85.98986487040251,22.985094155232538,1014.9372743647175,12.366685851961291,0.0,NNW,0.5822789022509831,Aotizhongxin
980,2013,4,10,19,124.88651075541766,177.62911318143932,8.226753999615093,27.63976043104663,1658.9506488208565,83.0737481088571,20.94811907529712,1019.1133561520129,12.902411814160883,0.0,NNW,2.753055055041608,Aotizhongxin
981,2013,4,10,20,131.0267240651599,181.35072997901918,11.757222625861386,32.576746379955644,1713.4680100853727,75.08190227167702,18.59078050691139,1017.7018774843385,13.671863419587988,0.0,NNW,1.7113297402946481,Aotizhongxin
982,2013,4,10,21,137.49611299023647,189.36787372900747,9.934784235470364,23.666873889250407,1809.0698171129727,91.62106005021057,13.907254898450311,1015.5218595104031,7.719736150260003,0.0,NNW,1.6267007379603526,Aotizhongxin
983,2013,4,10,22,139.84141185331603,204.35696484755587,13.046511883136303,11.369412116794997,2019.9327216454908,82.00279283488281,11.017037979451977,1013.0242897407192,1.804368334856317,3.763702879636114,NNW,3.1824211276391217,Aotizhongxin
984,2013,4,10,23,146.88599507567247,211.1760884166194,16.381537678198214,35.638784642873595,2066.572328798658,69.69094817081998,10.292807866528763,1012.1313151829526,3.066938981488403,0.0,NNW,2.1358098899576032,Aotizhongxin
985,2013,4,11,0,154.63615627238585,213.91761877516228,11.318957768134393,38.067435564596025,2215.0047449576628,56.0044694400325,9.083713124791734,1015.6458452323086,0.12972890804589587,0.0,NNW,2.723356651260999,Aotizhongxin
986,2013,4,11,1,157.7672688686913,231.69529954609922,14.25437753527211,52.96847905107504,2333.3733195758377,64.1722825908817,6.3445232364129005,1011.0627884029135,-1.0158517324206462,0.0,NNW,1.5018821186578073,Aotizhongxin
987,2013,4,11,2,171.0162907226843,238.13246586046014,18.05488776202626,81.28578970945473,2481.7901656461363,42.85531367222435,7.562968107437068,1012.1597366840218,0.3195589218061241,0.0,NNW,1.4198842805836125,Aotizhongxin
988,2013,4,11,3,180.73894332058342,244.51789890547283,25.740284889023794,64.703463764677,2769.8350466511447,58.026248873714465,5.049706193285167,1008.9475820606435,-1.5605751253676332,0.0,NNW,1.7077014529703967,Aotizhongxin
989,2013,4,11,4,184.62264530320147,250.88199643544857,16.740557882421708,84.20818935075668,2705.9879040843457,39.46157406022331,5.3396787713598375,1006.7644771298949,-5.008816774376575,0.0,NNW,2.536293286426292,Aotizhongxin
990,2013,4,11,5,,253.0306735049482,25.9500307894361,68.86867408849695,2887.9017991449296,48.149669612500446,7.345585948944618,1008.3385512294249,-2.5527960343376614,0.0,NNW,2.040720071031959,Aotizhongxin
991,2013,4,11,6,189.58295777743666,262.69204072237443,26.01326991102551,59.96091009941828,2906.4206305059242,33.861796738164166,9.757777394522583,1011.3156701441598,1.6444215576651449,0.0,NNW,2.3743687799199282,Aotizhongxin
992,2013,4,11,7,180.39379309241156,264.88855311273807,19.537695679340565,67.10184515074843,2941.518934866492,36.56718616318274,7.976117110293183,1005.8821375475825,-1.5725178932036457,0.0,NNW,0.2,Aotizhongxin
993,2013,4,11,8,176.40807088719026,238.92034743176126,18.435669440322492,76.56561687151044,2666.0921671756164,50.60357551997569,10.734791986921396,1009.4976107879725,1.0702088819440114,0.0,NNW,0.49442533872597405,Aotizhongxin
994,2013,4,11,9,168.91257521726232,238.36236291434824,16.459338309938662,73.77863639430086,2589.0881498635,64.26158198838075,14.530107843383943,1008.8454840586425,6.937893912218344,0.0,NNW,0.27705661410514315,Aotizhongxin
995,2013,4,11,10,158.69289174208626,215.60315498264663,17.29539240900199,50.39730105565537,2462.7383110026076,63.10366817504881,22.3266031279082,1006.6009639672553,12.952549781238648,0.0,NNW,1.6965649165712033,Aotizhongxin
996,2013,4,11,11,150.33306192361806,207.8631962803509,12.073936927833932,52.20185046764481,2296.3156465564944,62.300870066215474,19.607797156188603,1007.7621570888076,14.99428249177129,0.0,NNW,0.8818721003790244,Aotizhongxin
997,2013,4,11,12,149.75923667794052,194.56251922926418,14.771282948038207,33.56586496263084,2170.596663883022,65.89283432957596,21.888393397349624,1011.0960325061229,13.08864441640877,0.0,NNW,3.351723810813585,Aotizhongxin
998,2013,4,11,13,144.55803676993293,200.17586918634072,18.196545596039964,46.42096809548102,2048.887280648347,61.40098922496676,24.58778193255626,1013.9890723937945,16.182433806244724,0.0,NNW,1.9828920269433392,Aotizhongxin
999,2013,4,11,14,135.03789216387736,187.11599523137866,10.66674481256985,47.426837592447164,1817.3250008675318,75.45229741105433,26.124651617110892,1016.256745939377,18.5709624278866,1.1541296508790033,NNW,2.1733507623218737,Aotizhongxin
1000,2013,4,11,15,131.11501985370558,188.96390723554472,10.742293182100111,31.176260009197186,1783.9370903047727,68.54717768969635,25.254677674682135,1012.3937077979703,14.992744602963516,0.0,NNW,1.12816630688488,Aotizhongxin
1001,2013,4,11,16,131.94488292211284,186.95564522351168,,22.340419489430204,1593.0746347592485,85.4084564314587,26.405779505451065,1017.6355220592365,19.168536273699083,0.0,NNW,1.1032095273918676,Aotizhongxin
1002,2013,4,11,17,132.64640497862501,173.72104572055457,11.29255713294779,28.562531084439136,1673.51244151951,88.54865226416244,21.86929726330551,1016.5928686203849,14.381498738056338,0.0,NNW,3.2409909095009413,Aotizhongxin
1003,2013,4,11,18,131.8627012469778,195.44976418620433,10.793445054854121,28.339672250905327,1624.8837752626437,65.39154858531808,20.92193517475139,1017.0066275630651,12.397976901684839,0.0,NNW,3.4259298596757732,Aotizhongxin
1004,2013,4,11,19,130.29717934748345,184.51908148869677,10.36147794785197,26.330634129015593,1706.821501402072,84.53553174914377,21.743730425869458,1018.006852823511,14.154621387263884,0.0,NNW,2.3326576099932015,Aotizhongxin
1005,2013,4,11,20,136.08708527707668,192.5058545596822,10.019391830411378,29.109212918998853,1830.0520742345034,85.79938408550201,17.60460512320042,1019.8223376591569,10.247028892436376,0.0,NNW,0.37460173045529666,Aotizhongxin
1006,2013,4,11,21,142.4285854967004,199.30819616152917,10.586192337749898,29.467345572514077,1840.0333630614664,76.84057095827346,13.106324092487004,1016.142817506745,7.259110160937453,0.0,NNW,1.6596174955009724,Aotizhongxin
1007,2013,4,11,22,152.22256181240775,207.93401206514864,,42.96763942581124,2087.316790956333,76.08048838856573,10.428002651548981,1011.7865260345819,6.17839485351911,0.0,NNW,2.2506139891938792,Aotizhongxin
1008,2013,4,11,23,161.99867766606,228.97617212997125,13.619454969721522,45.71343865927058,2176.6559892559508,53.053253693999906,8.783588791982947,1012.9199101996542,-0.8086626894690618,0.0,NNW,1.8176269839569663,Aotizhongxin
1009,2013,4,12,0,173.96145988041297,248.30192819186396,15.944915614665996,37.13517482284681,2343.3853528868494,52.24135694439741,7.932120501371399,1013.704268046293,-2.0139006135409168,0.0,NNW,0.303867127527349,Aotizhongxin
1010,2013,4,12,1,179.58509038724634,233.9501696286893,16.939043677876246,42.09165607678165,2627.50352274826,63.87890550407631,7.040815316745796,1012.4759915683205,-0.8050602662921809,0.0,NNW,3.479612460833697,Aotizhongxin
1011,2013,4,12,2,92.09009529670801,123.53852504193026,20.870281861287285,52.965004663787504,1962.7595846103643,47.50571665645777,4.847151737193108,1010.8316487481807,-6.2712259838259525,0.0,NNW,1.3316048375641172,Aotizhongxin
1012,2013,4,12,3,99.09369715107404,136.18170630746775,20.5665161980579,65.03683261657238,2075.814215813702,45.7211202834854,5.577498783859278,1007.4444037833891,-1.4483783684024656,0.0,NNW,0.92708069812071,Aotizhongxin
1013,2013,4,12,4,112.16229931951183,159.58892510425932,19.908712548372762,63.50496738681529,2278.0674298248027,32.88415329830325,4.685142007068895,1004.9342223858432,-3.1452368483218196,0.0,NNW,1.975299043214495,Aotizhongxin
1014,2013,4,12,5,112.40256072229245,169.29669507048067,24.38489522340188,59.17331324480012,2299.301568050475,36.04679457554186,8.175626264580991,1008.3493863802025,0.7265561634730565,0.0,NNW,2.947402771648404,Aotizhongxin
1015,2013,4,12,6,120.36864114628139,160.79868945882612,21.260805587169685,67.09214877380664,2359.488158773175,11.979878198648013,11.756692329993058,1004.5715262808042,3.301334427313138,0.0,NNW,2.4104131663029715,Aotizhongxin
1016,2013,4,12,7,120.13805906880403,163.21366422814722,23.7445171978166,61.67203236960319,2281.1530617006597,44.31197372698096,9.411080901873364,1008.556392901405,1.7936045508259664,2.8999691998388366,NNW,0.9474874774572599,Aotizhongxin
1017,2013,4,12,8,114.53537437920734,155.22418302442478,21.150954844082108,69.36439975748183,2249.166319689371,56.428693294913735,13.131708765173212,1009.0564516984671,5.840068131639014,0.0,NNW,0.815525112891869,Aotizhongxin
1018,2013,4,12,9,107.83227236505331,142.9499054100292,13.009776669138109,61.80660310426733,2176.6636625679694,31.6721549781899,15.597616236225168,1007.5290802206051,7.8976513447250545,0.0,NNW,0.24673701563807127,Aotizhongxin
1019,2013,4,12,10,100.3376796966796,137.0008866242288,21.41450428995799,52.47777450038285,1996.5628662890963,38.096678124904315,17.796233590415095,1009.2750734200317,7.778585667221282,0.0,NNW,1.7667163109434592,Aotizhongxin
1020,2013,4,12,11,94.7989148353629,140.42650296938774,16.699623949540612,52.02853107842211,1907.035224780431,57.9383228548118,20.979876418011937,1011.1032605087265,13.237885158814219,0.006643077838354546,NNW,1.6215272524854374,Aotizhongxin
1021,2013,4,12,12,89.12568543442927,,14.844135687297666,55.52038447619361,1732.1882346687737,74.73879290506746,22.789299595335216,1010.7703706533578,17.570246624409968,0.0,NNW,2.41109648371718,Aotizhongxin
1022,2013,4,12,13,79.06631406559933,114.97098364336809,14.549949816956126,35.26657848557856,1485.096078579516,66.44950295373357,22.953673682267045,1010.5307351572925,15.315011769986839,0.0,NNW,1.451591805776522,Aotizhongxin
1023,2013,4,12,14,71.73346704963103,83.40783156930009,11.4650505141288,38.2212558531773,1307.9091385054421,60.20681979187496,26.634076921824715,1014.4215614459061,18.839660340976963,0.0,NNW,2.7789659954849046,Aotizhongxin
1024,2013,4,12,15,74.08934504848206,98.11170310345281,12.1455526752341,30.29418165254109,1302.0131229167291,75.59149716328494,25.302499371230162,1015.6655991268924,19.6425558580664,0.0,NNW,2.523747350900628,Aotizhongxin
1025,2013,4,12,16,76.23195905094818,103.42984966914759,8.89424478204853,31.095361395208027,1237.2340884885807,71.35131429149304,24.082057633145137,1019.0522217462283,14.963634296497828,0.0,NNW,1.4168946835968912,Aotizhongxin
1026,2013,4,12,17,74.98024105450541,121.72093420544822,13.99318764475777,20.44496394145279,1230.2876884015004,77.45968272853894,27.32505782361549,1015.2656449881896,20.65957428374565,0.0,NNW,2.3129396756582237,Aotizhongxin
1027,2013,4,12,18,74.11002975585026,101.00601861066347,9.659235659136849,25.882683465275008,1156.9733551086656,81.95958900846684,21.896747746132075,1019.1369923475622,13.101511716553814,0.0,NNW,3.063177672997192,Aotizhongxin
1028,2013,4,12,19,75.61238027405126,83.84489764916258,9.022619340387358,34.54406973355304,1187.7590953890387,74.85489977481043,20.382415762135626,1014.5354901735925,14.01229077715333,0.0,NNW,1.2314352400705393,Aotizhongxin
1029,2013,4,12,20,81.0634648401118,93.49996170754403,7.895095533919985,20.18343607434237,1354.7510430868647,73.87157785286531,17.851350967895716,1013.6409226195246,11.04842319959706,0.0,NNW,1.8293377026511461,Aotizhongxin
1030,2013,4,12,21,81.73985325725492,114.77609042362369,12.270793461513186,20.22262354966839,1378.4862620148153,78.42300953188612,14.80515808357319,1014.9338090165143,6.18673978858236,0.0,NNW,1.8137694461784295,Aotizhongxin
1031,2013,4,12,22,86.92355054315796,127.83067931832022,13.061321300375274,24.66835548410428,1460.2520510738989,74.65035812137232,13.084806606540816,1012.6181819787805,4.685864917041403,0.0,NNW,1.7138279702892973,Aotizhongxin
1032,2013,4,12,23,87.48464289457196,126.23305862867326,14.871178615519911,30.458318856348058,1597.231615552318,52.23067278935338,8.732500136362566,1010.5768636107557,2.1992174484899074,0.0,NNW,2.641517047801215,Aotizhongxin
1033,2013,4,13,0,96.84610673806873,137.26025049130612,11.918244337484612,49.76258630314131,1843.714416054634,63.96381722509337,8.82374726791911,1015.8886606316296,-1.9594290839158668,0.0,NNW,2.704866062901971,Aotizhongxin
1034,2013,4,13,1,107.19946184995531,161.7018425649941,11.490551629077885,38.92950341512669,1975.8126472543868,49.710185241123,3.702214919566968,1009.8026095017756,-4.960678745275079,0.0,NNW,2.325338552919217,Aotizhongxin
1035,2013,4,13,2,112.50214464768219,152.10709029938374,19.37677390751968,52.61683724205175,2129.664697652714,54.70261523552609,3.3936371102236236,1014.1226071735125,-3.675736664339601,0.0,NNW,2.287148085975488,Aotizhongxin
1036,2013,4,13,3,125.01129513643875,183.9649187512825,22.98945949156226,,2245.321346739757,50.127305677214906,7.738586820752773,1006.4749984962701,-0.7235733363397062,0.0,NNW,1.550233262361338,Aotizhongxin
1037,2013,4,13,4,124.87579116236611,,16.251066151752504,65.65378056007752,2396.737459669434,32.90395309583855,3.4564716970266374,1004.2527798478118,-4.341233232662975,0.0,NNW,2.2644223672098502,Aotizhongxin
1038,2013,4,13,5,122.01530431666572,161.77194771395133,24.597952982130437,61.23404468608148,2478.397878072143,41.993331283150624,3.3998076841003235,1009.7529503064113,-7.661918734390285,0.0,NNW,0.9718642846627847,Aotizhongxin
1039,2013,4,13,6,123.93533680223356,155.43905757380884,,66.52738985404085,2351.909312292226,26.630439603011702,6.081807934535243,1005.5466867354795,-3.1999092089690757,0.0,NNW,3.9828336096271095,Aotizhongxin
1040,2013,4,13,7,127.10150480135424,175.193653715198,19.808440417792852,65.1756791636819,2344.0876702078617,49.089474971126194,12.6100859037951,1007.4481024649523,5.629264912022814,0.0,NNW,3.080213116531799,Aotizhongxin
1041,2013,4,13,8,130.84020289204682,182.7136718762021,18.13748092928486,60.52658043130329,2401.908896841908,30.358002896824384,9.72401693856572,1004.958606011052,0.5975058729691001,0.0,NNW,2.76522936758512,Aotizhongxin
1042,2013,4,13,9,124.23710716263432,175.07296494995322,14.381979847657748,57.45545787449431,2320.5148222679145,45.849826556591445,13.566278726112674,1008.3882398102071,3.612589159879655,0.0,NNW,2.32666990312532,Aotizhongxin
1043,2013,4,13,10,122.33862706076306,171.89291141393963,20.463185547773797,72.88341947805569,2174.1395328835915,45.6239085535572,15.400901724549726,1006.7567478602858,8.99331452398162,0.0,NNW,2.3273456134630246,Aotizhongxin
1044,2013,4,13,11,114.94916453583586,151.6532970420529,13.967276141199797,56.65086813350082,1970.4606145255623,43.360578730060965,19.58880620436499,1010.5580899790655,12.362332285469543,0.0,NNW,0.6479030339082952,Aotizhongxin
1045,2013,4,13,12,106.49408398299695,147.18930913206356,12.660579972787199,64.84520734009715,1846.523463774956,69.00915761785309,21.41703646459437,1011.052134921023,11.784236435368735,0.0,NNW,0.9931107735222076,Aotizhongxin
1046,2013,4,13,13,102.26415237986801,128.1953466457577,16.68168370414826,35.84791403458557,1744.4902146368083,60.32915803889511,22.939119277753836,1013.7546306862848,15.146875044401984,0.0,NNW,1.0928242065913727,Aotizhongxin
1047,2013,4,13,14,97.63801524659732,150.32551109655873,6.851049659984822,34.32026722489483,1560.7525306254756,55.49927835021694,27.443458961998385,1015.7513827422176,17.859537269910454,0.0,NNW,2.046680570159467,Aotizhongxin
1048,2013,4,13,15,85.11924318306392,116.13067972730946,6.893672662062764,20.200858254055877,1428.4739838776386,48.857535897983375,23.201387023543678,1016.0176939043312,14.972698438230255,0.0,NNW,1.774783313489951,Aotizhongxin
1049,2013,4,13,16,86.25784590403075,115.87212307520612,10.615470250553562,21.20295750759465,1401.888144980466,72.90018815033126,24.505976593315015,1017.2322201032465,16.769958877603205,0.0,NNW,2.649062682021769,Aotizhongxin
1050,2013,4,13,17,88.78119864548167,140.18308138811514,11.050224155569216,40.89678866351864,1335.8907899367482,97.90722985021644,24.16815590732549,1016.6115637806463,14.955411308524898,0.0,NNW,1.2275618508161066,Aotizhongxin
1051,2013,4,13,18,85.2567226281156,106.93694634386954,11.454203943906771,20.823725681265948,1280.6563924610102,97.5773846750366,20.60075391875726,1016.1293625968688,13.714253319045119,0.0,NNW,2.821290711744228,Aotizhongxin
1052,2013,4,13,19,,111.75115562215075,9.2649753883659,41.035733875374305,1357.994161531232,76.96216163375138,20.729884971869904,1017.7698664970245,14.075912525352388,0.0,NNW,1.3436957727226844,Aotizhongxin
1053,2013,4,13,20,92.83529539346301,119.00721030216255,18.260981987002875,17.732593838872106,1353.4671602620672,77.90608594759716,16.98847470919525,1016.1072313871658,9.383822996545033,0.0,NNW,1.665629090420321,Aotizhongxin
1054,2013,4,13,21,98.64554913469539,,10.78078841776976,22.43011210368283,1458.586188918298,73.02853877410345,15.561463599284785,1015.3889143417044,8.182436826595387,0.0,NNW,2.716355805166948,Aotizhongxin
1055,2013,4,13,22,102.65753195491011,148.03686103325015,11.807641543691831,32.27015023181262,1607.9316413928316,59.16567854550433,12.249810671686314,1015.2954899308937,2.0705674141331993,0.0,NNW,2.403723669523942,Aotizhongxin
1056,2013,4,13,23,107.20646713008226,157.48580866329348,11.314944768045759,39.313619724516144,1729.5301462589262,56.98215741132962,6.9242031616505475,1011.2276640294675,0.9674840019158388,0.0,NNW,0.9988352089913084,Aotizhongxin
1057,2013,4,14,0,114.86882219919212,186.53630425381866,15.371720449563213,52.38469833960104,1878.7834788290131,69.81149519400785,9.888080257283136,1014.8592221881888,1.751092775198432,2.374249787927687,NNW,2.851248498501635,Aotizhongxin
1058,2013,4,14,1,127.3243096293052,155.75970893901965,18.138978921652928,53.78254423954054,2213.6455188253885,58.56840258623099,9.44543343518672,1010.2071916133749,0.04254888749859642,0.0,NNW,2.071189039456081,Aotizhongxin
1059,2013,4,14,2,136.7341388946073,197.51515034369436,21.11073416360038,51.66947794124778,2402.4727716315733,50.23088858529889,5.075610464207097,1009.7483632319402,-2.7056358171090156,0.0,NNW,0.2862347406431063,Aotizhongxin
1060,2013,4,14,3,141.4648850018593,192.4795332768807,14.067681112612084,58.0756091715861,2396.8765403767143,28.970864353727727,3.653071922200094,1008.3754271982061,-3.2287230892165812,2.965945303640755,NNW,1.3258544734558821,Aotizhongxin
1061,2013,4,14,4,149.3192385223894,203.18278244245744,18.59214100385509,59.76800471741117,2545.550017180309,39.35639704572881,7.599760818872849,1008.975359288882,0.3682851694538041,0.0,NNW,1.6722987817972856,Aotizhongxin
1062,2013,4,14,5,140.922080715008,191.09319171847244,21.16973996387277,57.001286643175526,2504.354835232502,12.813404647893076,9.175320316456821,1007.8487342104963,-0.45171523072582587,0.0,NNW,1.0645292581536192,Aotizhongxin
1063,2013,4,14,6,146.53936872782435,196.06741951087434,21.761172603783606,57.896296507187024,2627.6899118285028,43.42802691260533,7.675739070749528,1006.900152106261,0.8121959050257754,0.0,NNW,3.0741701147081977,Aotizhongxin
1064,2013,4,14,7,138.558288401384,210.82685210797212,19.849275104858958,72.54158765724864,2560.1189158187017,38.43760335014471,9.671979077169228,1010.0678791008283,1.5809904544704427,0.0,NNW,1.7001929208486355,Aotizhongxin
1065,2013,4,14,8,134.1115119606326,196.17909001502468,20.9573989275185,47.69518865227166,2330.4390672643544,24.897040384390728,12.291942902467543,1001.2631817626684,5.043749176043725,0.0,NNW,2.368146384916089,Aotizhongxin
1066,2013,4,14,9,124.86527370419131,175.04334297144155,16.108642227155336,72.08100520329138,2305.565442111431,58.48658604523671,12.488176666132043,1010.9498148550011,3.285849415260093,0.0,NNW,2.1652701305539788,Aotizhongxin
1067,2013,4,14,10,113.47334436571126,172.37283963686576,22.17371629695507,52.256046195182144,2042.4456878676324,29.538353408314187,17.151501632985365,1011.3404308103819,10.720369017065343,0.0,NNW,2.564596304135807,Aotizhongxin
1068,2013,4,14,11,110.88122286830095,140.10842236263258,19.271979534450896,43.99631205091314,2078.4910088811803,58.832585694933,22.572412831323867,1007.0342715088825,14.8464861207211,0.0,NNW,3.338440513252002,Aotizhongxin
1069,2013,4,14,12,101.24584670997777,128.4371340806596,10.965216638804483,50.918074325578154,1831.979175190342,65.55171768978661,21.818034820709634,1013.8585664354345,15.601269791916978,0.0,NNW,2.5405604403242625,Aotizhongxin
1070,2013,4,14,13,94.867290883825,111.03452991540811,10.480595630137127,51.705351771126516,1614.24323211146,54.07377173403821,22.100202246036076,1015.4110301166317,11.797900082751893,0.0,NNW,3.3940913409484503,Aotizhongxin
1071,2013,4,14,14,87.44417992138389,115.42770648870457,9.359234749679283,43.941059532831666,1487.4873699741786,72.12149309189883,25.4042866918474,1015.6235269797621,15.30215801242488,0.0,NNW,2.5618015353845642,Aotizhongxin
1072,2013,4,14,15,83.13913979467996,118.01178097959946,13.49837600675685,34.87268077114818,1367.8215429695128,61.309391108135046,23.99920180225883,1012.41735901857,15.639160032305872,0.0,NNW,2.1052255551502466,Aotizhongxin
1073,2013,4,14,16,78.67886868098424,111.17900193270127,6.815689681825406,36.374399842085914,1309.2764350783893,53.18689193134283,24.55958007738879,1017.6954324540507,18.761017607347963,0.0,NNW,2.257164883339089,Aotizhongxin
1074,2013,4,14,17,70.54988710909107,,9.177297865930418,11.949502857067706,1230.124396565975,73.46938338791011,21.756980867023472,1018.8440228434492,16.70119721353406,0.0,NNW,0.2,Aotizhongxin
1075,2013,4,14,18,73.5127291755517,88.80725253511154,11.364113189250324,20.825355668094815,1130.691468805828,78.83375057738003,20.516131570085378,1015.8555870104383,11.18349212147318,2.0114418505417815,NNW,1.6358756316414707,Aotizhongxin
1076,2013,4,14,19,72.55992805423439,109.61544670206837,9.971873064915354,18.392122994019875,1286.0468189638534,90.59070746533462,21.106488882295388,1017.7118968434174,13.186059429712596,0.0,NNW,1.885133955735752,Aotizhongxin
1077,2013,4,14,20,69.33061313473428,99.45913357101797,11.446535528215925,37.47660177403263,1288.519248955141,82.32471594521915,17.76199062012684,1015.6237112278833,9.994718583047824,0.0,NNW,2.3504434417779008,Aotizhongxin
1078,2013,4,14,21,72.38571116880736,108.67053845099028,8.267057960020988,27.790040224877952,1252.4767984962875,78.61312412352515,13.835913919735777,1017.3062878869664,6.913150339292859,0.0,NNW,1.979592304516201,Aotizhongxin
1079,2013,4,14,22,84.60195376694102,99.5151134978169,14.284563120191732,41.76325245425644,1480.4557198536434,62.35578376716416,12.591112244432146,1013.8729866295445,5.918556244050878,0.0,NNW,2.2671007848224165,Aotizhongxin
1080,2013,4,14,23,95.23826938231936,136.448485723225,11.866269097059401,44.11047463785867,1743.918964223262,61.170363087149184,9.089279936909115,1012.1338602998205,-0.5823173524583871,0.0,NNW,0.9414480440916944,Aotizhongxin
1081,2013,4,15,0,101.60823219776357,130.37387267769373,14.026140976806175,38.10154451069055,,50.70073390130839,6.75329193407927,1011.9214069146606,-1.1498180255946724,0.0,NNW,0.7349257022054312,Aotizhongxin
1082,2013,4,15,1,107.97577273356548,147.19284930147805,17.00729040923056,45.480715222240136,1950.4966484071372,41.2797838021389,8.085797558028071,1008.0226005335207,-2.9269793276268086,0.0,NNW,1.0534942589581995,Aotizhongxin
1083,2013,4,15,2,113.92466117562033,164.8381746322323,17.809234664592545,65.3505415265178,2152.1142801333563,41.56300573012743,6.515058066892475,1009.2228360335353,-0.2687550085469179,0.0,NNW,3.2569555526797958,Aotizhongxin
1084,2013,4,15,3,,180.73373522620327,18.607473962979515,52.938274434255646,2460.2614794242572,43.06745432129965,4.968090725553358,1009.1886515687837,-3.539839076932698,0.0,NNW,0.9856809135767752,Aotizhongxin
1085,2013,4,15,4,134.74015703232305,180.1208200474591,17.078246552991924,63.319448957252604,2429.58941686492,32.622979711147,5.557247742983872,1009.4097915198105,-4.250825375969221,0.0,NNW,1.369115996481235,Aotizhongxin
1086,2013,4,15,5,139.45733629622623,195.3030023765609,18.930980897847764,58.0581862351698,2470.396608313436,32.61682764852357,6.327148936154099,1007.668284345831,-1.1740308489106828,0.0,NNW,2.0841227826294606,Aotizhongxin
1087,2013,4,15,6,144.60069532368152,187.12562030071769,20.00655077251111,62.48838250467311,2565.426555194022,41.94914810911391,8.659446076894833,1004.1347967258272,0.10464221238658766,0.0,NNW,0.7267016452058537,Aotizhongxin
1088,2013,4,15,7,144.53362674845965,213.84975140682647,15.704373431944086,63.949220974021586,2554.9669492781704,30.844310155866257,8.800747512316459,1009.8749131450141,2.6929390584807944,0.0,NNW,1.3021241381014623,Aotizhongxin
1089,2013,4,15,8,140.50044549003795,194.64778349109062,17.942528119982057,56.057575993308845,2444.1868884840746,25.009698595510116,13.705566649027757,1010.5421899938262,4.366693445708435,0.0,NNW,2.5414254370939435,Aotizhongxin
1090,2013,4,15,9,134.9474874157613,200.11198182461905,19.698573543031277,51.4585599918599,2384.50386519142,47.956865686348706,15.530348756836219,1008.6896006046088,10.864781556927621,0.0,NNW,1.6495660798744183,Aotizhongxin
1091,2013,4,15,10,128.4478789425086,174.5617136485516,13.667690188463972,57.29018669421954,2164.862978553694,50.15849648508284,17.193605944190878,1007.9961167577027,10.475439258635902,0.0,NNW,3.3467889861876823,Aotizhongxin
1092,2013,4,15,11,121.06356134954486,164.25322600529697,19.763840180295325,43.41848163172101,2038.7594154869334,56.81611885416012,19.268332952737186,1009.6426689015643,13.199874572513444,0.0,NNW,0.6411551451277209,Aotizhongxin
1093,2013,4,15,12,116.20950817101715,155.05144357304553,18.808839787799528,38.51473955441062,1967.588304175877,66.2583865753571,23.33276422451569,1011.5929552045639,13.789509922193012,0.0,NNW,1.7235174480685092,Aotizhongxin
1094,2013,4,15,13,108.65272036117072,160.87554782256976,9.970453046607139,32.311193948333816,1677.950602271245,71.03689140064247,23.434524563619227,1013.8514321379079,18.117213629319867,0.0,NNW,1.6497775164121824,Aotizhongxin
1095,2013,4,15,14,104.34785202310866,138.99268125906735,16.572858899150418,34.37673562934946,1679.941195784608,72.78728692471304,23.610918619145924,1013.8910294369805,13.792097451033523,0.0,NNW,1.992852676514347,Aotizhongxin
1096,2013,4,15,15,97.8117822670779,143.38244949806082,11.033721327930861,38.407477451467784,1399.0524773767195,101.5921961581846,24.423145349538515,1013.8187588381304,16.108427804858152,0.0,NNW,1.0185891220436385,Aotizhongxin
1097,2013,4,15,16,93.35876435040552,126.87774611387484,11.925416658548972,39.73172101480937,1313.893724345653,68.80094763159141,25.81306523622442,1018.3761467873551,19.77005017733456,0.0,NNW,1.5356176974585574,Aotizhongxin
1098,2013,4,15,17,82.3689489371382,95.55689551307728,8.68041771216992,19.874138786268404,1247.632323828684,78.28397287234112,21.24442423597533,1017.3442009075935,14.004577844732042,0.0,NNW,2.631298744523253,Aotizhongxin
1099,2013,4,15,18,85.01203442462017,113.31370751660356,12.769134481680286,42.20248634664969,1294.439467537929,94.67334364678167,21.537954453494766,1014.895255955128,11.679211577550824,0.0,NNW,1.7844789512963208,Aotizhongxin
1100,2013,4,15,19,87.42021353954009,110.59721681172762,11.38865292510066,17.643844588564264,1379.2545579570628,85.57400857818244,21.605874004513645,1017.4122500440169,15.308989097277623,0.0,NNW,1.1442176758345823,Aotizhongxin
1101,2013,4,15,20,94.40926665411757,132.51200055258798,8.227413211284997,36.347880110934184,1411.745109877145,89.22986543472335,17.335865292870324,1016.6538686764803,9.84579697198413,0.0,NNW,3.664040207919519,Aotizhongxin
1102,2013,4,15,21,87.59180381927956,110.72444799024647,7.968860094171397,25.084292744145504,1405.564037700818,79.3752338250324,15.409225098416764,1014.099428082044,6.784924744334363,0.0,NNW,2.039279848533635,Aotizhongxin
1103,2013,4,15,22,102.15850607399888,152.2816595107446,8.11909269437233,28.03261384103991,1646.2471109912312,86.24056551159983,14.041962995780585,1016.890099519222,3.7289491117061537,0.0,NNW,2.4906751652948165,Aotizhongxin
1104,2013,4,15,23,108.83557620830256,151.4590480880933,,33.86556984367446,1723.6120506020152,56.39536757123059,11.338494480095758,1013.5638736383672,3.990620274904999,0.0,NNW,2.6113154500281186,Aotizhongxin
1105,2013,4,16,0,121.03287882832828,167.6700704120722,16.717414235339206,44.58041840280705,,73.4245988940671,7.268844028574642,1011.5667567158357,-0.976297675874997,0.0,NNW,1.9433937417724727,Aotizhongxin
1106,2013,4,16,1,124.63782647290178,181.05187843993832,18.246992261850927,54.81615827031929,2040.6579169264546,65.23948880447965,6.144155633849858,1010.5389412783366,-1.6213803430292892,0.0,NNW,1.3682050896954525,Aotizhongxin
1107,2013,4,16,2,134.32435074007643,197.69316037686562,17.146056716177867,60.35894430323857,2278.724331764382,35.397108857696196,6.697887589702837,1010.3878335917096,-3.67991445055305,0.0,NNW,2.1593581407259586,Aotizhongxin
1108,2013,4,16,3,136.32389192297822,190.652461174473,15.064544538939646,51.59025550094785,2366.942031565975,48.62898456921304,6.409204230925848,1008.320099265007,-2.2187813566086723,0.0,NNW,1.4399106958786447,Aotizhongxin
1109,2013,4,16,4,138.59637475813173,186.32292166589153,17.283902624850842,54.40323377559862,2414.9677635063586,37.918965583023144,5.208666549136906,1007.508785635,-2.0708765185508273,0.0,NNW,2.2972550372917553,Aotizhongxin
1110,2013,4,16,5,149.24951284873777,191.20962182711156,23.28667504833112,56.98540697887299,2588.6184651324165,29.786034151582655,6.2594274837169745,1009.3023010052054,1.074124400674072,0.0,NNW,1.868607728005843,Aotizhongxin
1111,2013,4,16,6,149.50900845701236,202.45211426946548,18.546114306199755,64.1091647809159,2603.999550314081,16.113808102822805,8.3304577299353,1004.1631913450254,0.02253529565935486,0.0,NNW,2.823532007738947,Aotizhongxin
1112,2013,4,16,7,149.3565147384033,202.92699816728498,20.25988202348977,62.637271692254366,2639.9951490398103,25.743717631600127,12.05035103502594,1004.6672645893647,6.2152996236281215,0.0,NNW,1.0867996327920797,Aotizhongxin
1113,2013,4,16,8,149.83977298601943,210.84625671035016,16.103175568197532,54.71910437913042,2464.846675248792,45.43048630723492,14.013158729961727,1009.2237997010617,7.194181361236497,0.0,NNW,2.5748135384879163,Aotizhongxin
1114,2013,4,16,9,147.0549418599731,202.42544979258207,19.545283042309844,61.298965176236905,2455.4798019695518,50.46074316294188,16.040080055698528,1013.2961656682345,8.39075750507855,0.0,NNW,2.4910242147445194,Aotizhongxin
1115,2013,4,16,10,141.44341404495097,204.90010938344562,16.126946314962765,73.10055046668255,2293.5341923744336,45.392895194238285,15.970186536929369,1011.2529909003041,6.451673861430197,0.0,NNW,1.808781368161419,Aotizhongxin
1116,2013,4,16,11,135.66782940789147,183.80512845834116,19.434233366839898,46.13865720736921,2232.358356212955,61.699375303869815,19.587749890177616,1014.4343223666328,10.132032074881181,0.0,NNW,2.5841564352559683,Aotizhongxin
1117,2013,4,16,12,137.51692039576898,191.95327688554713,17.32067311862044,41.53190543037173,2137.8309664257586,69.45260077894137,21.73763780133062,1011.1312567725686,14.66394910739052,0.0,NNW,2.335114294738203,Aotizhongxin
1118,2013,4,16,13,129.52187385455903,193.17049782835153,12.218786934762697,44.30091166054453,1958.041365048895,68.0168757138265,25.787981586749595,1012.0199328688369,16.998238225591777,0.0,NNW,2.5337214234952383,Aotizhongxin
1119,2013,4,16,14,123.0908413944945,175.74543009184197,12.120007917957011,30.529469666105648,1749.5350682524831,65.27666376149796,24.300961676121226,1015.4130663464921,15.377917597972075,0.0,NNW,2.482812888104562,Aotizhongxin
1120,2013,4,16,15,121.08025554292853,168.91198234321428,9.811117373945377,36.20958023001452,1730.0728610158144,82.08821065782013,26.88016423461642,1017.4428318255868,18.60924872606498,0.0,NNW,2.0400962978745327,Aotizhongxin
1121,2013,4,16,16,120.7348005968237,163.0092764162014,6.4115733914427775,21.931150270078906,1542.9616968236476,86.52048217119959,23.803210257094054,1013.7070252163575,15.557464011585266,0.0,NNW,1.523036562077014,Aotizhongxin
1122,2013,4,16,17,122.48590914392632,165.1479588343471,7.59804357991301,40.338440334837045,1506.7514074561448,90.88758956072981,22.92392810135325,1016.4031923857857,16.27508006564378,0.0,NNW,1.5137958320802434,Aotizhongxin
1123,2013,4,16,18,124.0186048207151,165.11991421948164,10.59465198316246,27.758199780738355,1528.3552885706247,93.6540327000224,22.793248970585186,1016.9459656647119,14.03500242319487,0.0,NNW,1.8282828636418946,Aotizhongxin
1124,2013,4,16,19,120.46881038112112,163.24626587574056,11.146149363243403,20.72129988160494,1575.7064120169962,70.5264999380145,22.352220058357634,1015.4718887000746,15.554080112394107,0.0,NNW,2.674514681849998,Aotizhongxin
1125,2013,4,16,20,129.9995491854644,189.55602724709328,11.115516691855724,22.969958328557038,1727.3444520193543,76.55134264095354,17.270524757123393,1015.2056833658307,9.930082458204998,0.0,NNW,2.5057991055416813,Aotizhongxin
1126,2013,4,16,21,130.18172629132636,180.0355340949342,10.559266932191354,26.747466354604768,1609.8094741555155,58.69145607278549,11.155848207208205,1017.2216725080511,0.644854226165128,0.0,NNW,2.804785181818536,Aotizhongxin
1127,2013,4,16,22,137.60547158787892,179.14992952921816,15.299199817162954,45.98199732999098,1966.9809142970205,79.96996038355348,10.065534445466461,1015.4393689621817,2.507295939941422,0.0,NNW,2.8850225763472266,Aotizhongxin
1128,2013,4,16,23,141.82379683472584,216.23500849921402,13.896530488170203,29.673611037139302,2037.6183664457196,64.34736164775889,10.446942334246689,1014.8909980692315,-1.5546953171689646,0.0,NNW,1.8264053214010232,Aotizhongxin
1129,2013,4,17,0,149.33181480142952,212.26419263345295,17.10976148428784,39.65646663632396,2116.2659010319476,64.30814070697414,5.716738147961872,1012.6737493807456,-3.6260967445161074,0.0,NNW,3.569937341417363,Aotizhongxin
1130,2013,4,17,1,158.41143579571906,207.706576108875,10.972769828905047,45.683096446647,2375.8664529212397,38.7727363905354,5.041401722560994,1008.9593914207824,-2.2639830075956335,0.0,NNW,1.9168159609786386,Aotizhongxin
1131,2013,4,17,2,166.93229330444453,229.28672135381407,5.732799245144973,54.874496265944494,2590.0846171694775,61.5098084969305,5.359254663066703,1010.3462061036784,-2.6567099873223596,0.0,NNW,1.6048828306040719,Aotizhongxin
1132,2013,4,17,3,174.8331797569821,245.8753154880591,19.38689798944698,56.9732580825566,2711.480201295789,30.37893882414356,1.3259491313803085,1006.5602802893122,-9.325889027562003,0.0,NNW,2.2666663841551973,Aotizhongxin
1133,2013,4,17,4,186.05558351115343,277.52373784858855,15.055830057757722,50.39068542456507,2889.808482730701,46.09499794921363,4.771153053121135,1007.0463663030091,-4.907589597339187,0.0,NNW,2.386969576768678,Aotizhongxin
1134,2013,4,17,5,190.86673339234824,256.1323021666988,19.192274023306172,61.11993505701762,2844.9918661845577,37.03135605169871,4.592533125365211,1005.0978735589182,-7.32083654451312,0.0,NNW,1.406751968476005,Aotizhongxin
1135,2013,4,17,6,190.9123320625136,277.0376720810785,19.093708876926183,64.20359453452025,2906.5983947431887,33.10557222473821,5.680162611283398,1005.7782244158583,-4.333682274283028,2.9149932667018223,NNW,1.8730783981055095,Aotizhongxin
1136,2013,4,17,7,193.74645552433907,285.23990200379814,24.591830938691952,59.293733845143095,2890.107363184163,33.150253276651554,8.79672334117291,1007.3513285632637,1.6653183651507357,0.0,NNW,1.6424228628638724,Aotizhongxin
1137,2013,4,17,8,195.50732480489876,267.42371167611253,20.530116677753014,67.8147119880701,2996.3477702051814,31.96873481222773,10.807996161370646,1006.7548917720871,1.9718467535079263,0.0,NNW,2.1132343261552875,Aotizhongxin
1138,2013,4,17,9,185.82933486641406,257.38593262437735,19.033110986328754,66.49740305376012,2801.445533580263,55.27429223934399,15.704220326988453,1006.6981412740183,7.95913863957829,0.0,NNW,2.6366872109383825,Aotizhongxin
1139,2013,4,17,10,182.00573171021708,244.44493192056618,20.01097346390102,54.37290640216486,2798.396333129619,47.626128343522424,19.38298063104953,1011.7755949431642,11.403447203358775,0.0,NNW,1.787272578706372,Aotizhongxin
1140,2013,4,17,11,177.57499403253627,246.57038023474772,17.399587986029722,52.020713596856254,2500.7470936304376,40.837308568904774,19.453359722583407,1010.4667213397316,11.502234328332786,0.0,NNW,2.4581719908258166,Aotizhongxin
1141,2013,4,17,12,168.6201686660207,235.70233638899967,13.6269690210347,27.711552021205833,2312.7276387440506,56.1603979796516,21.17687914329522,1010.9441439071342,14.711577777964798,0.0,NNW,0.8889219332556604,Aotizhongxin
1142,2013,4,17,13,166.35842456619156,239.49829437349186,16.920332565251073,36.45479692065493,2220.1984465587666,67.7538663995924,23.038946536107538,1011.1292970041086,14.734580572851002,0.0,NNW,2.711828659819866,Aotizhongxin
1143,2013,4,17,14,158.52277357113707,232.83371770979636,9.17074961633518,43.03857353406331,2137.100049640224,81.47805281445325,22.996977600982987,1010.7560102297138,16.362980160572846,0.0,NNW,1.6372557144601072,Aotizhongxin
1144,2013,4,17,15,152.81187594942685,206.4556656829811,12.434207656667951,27.470371710834836,1921.3463106520287,71.6314723244916,23.066887156570484,1015.0914398784705,11.35087206716423,0.0,NNW,1.6229908165427285,Aotizhongxin
1145,2013,4,17,16,147.35202997435462,186.6195913218365,6.027163598668874,21.781398513175542,1838.6279581764088,76.27286953656548,22.190926583550677,1013.5736896118823,15.858065518816748,0.0,NNW,2.3202719146825963,Aotizhongxin
1146,2013,4,17,17,144.4173334895416,201.9718190925958,10.782202441102644,43.90299488246608,1773.8028725450465,84.38246692870077,21.66597260036713,1018.2537020501672,11.730855462202465,0.0,NNW,2.362321145250024,Aotizhongxin
1147,2013,4,17,18,139.01000793063284,197.54938640257237,10.578968925318788,39.55261752156644,1714.0549015051722,93.73424819947326,24.51905432253442,1017.058982389197,14.909644737916937,0.0,NNW,1.9101536160433161,Aotizhongxin
1148,2013,4,17,19,134.2720296115836,190.47501833306745,15.199735754298645,29.42208277407589,1655.1859833539177,70.46060030126641,18.96436844695481,1019.9463506897216,9.907442212717928,0.0,NNW,1.2889610352034135,Aotizhongxin
1149,2013,4,17,20,143.6470625396224,197.83915508038092,5.974951300752469,36.790776816151606,1795.9017854076853,86.70418140452841,13.175747743379565,1016.7762755653965,6.801530574626721,0.0,NNW,1.6163448581460058,Aotizhongxin
1150,2013,4,17,21,145.0267758242858,204.28500715063944,9.661804566505825,13.050381032604424,1868.3663640520995,73.03704422837713,14.119414592278492,1014.0822183114135,4.785464818561506,0.0,NNW,2.0761939337664543,Aotizhongxin
1151,2013,4,17,22,147.27440986205698,221.33862189040224,14.96804727972243,28.69958847497034,1977.8170459127232,69.25567418251515,10.02618774383356,1010.7399847952631,1.0423545749790288,0.0,NNW,2.3918729146036157,Aotizhongxin
1152,2013,4,17,23,145.8962780545665,208.07213096601816,14.711856543679316,36.063956112564355,2110.818447303159,86.48623357886053,10.089227409995749,1014.9071829529961,0.64669583295708,0.0,NNW,1.3416407325170054,Aotizhongxin
1153,2013,4,18,0,151.10500241688416,207.81331913360697,15.54091515401251,43.11215920906443,2296.8714210662984,,7.856401705279017,1009.4021034789292,0.23949390656817404,0.3673414757882131,NNW,1.4878863353238552,Aotizhongxin
1154,2013,4,18,1,153.57721459632978,210.00612226390174,13.425688116636985,46.25682873425871,2290.123596678161,61.07646137552278,6.423574418693694,1009.8896157291078,-0.4610130789748039,0.0,NNW,2.2103549084468996,Aotizhongxin
1155,2013,4,18,2,167.38070388379964,232.63446186054216,15.727544955725712,34.59978966786923,2519.445949831011,54.68913837203348,5.27965261899154,1012.8481764931098,-0.1638606073675133,0.0,NNW,1.9334176588310794,Aotizhongxin
1156,2013,4,18,3,177.6331756767666,265.0538455657796,22.270656930602506,62.23033257339943,2662.6575229684427,30.522091329351245,4.440934543070377,1009.6864327921647,0.04066079275053358,0.0,NNW,2.117198626479993,Aotizhongxin
1157,2013,4,18,4,179.64813297399243,249.67437906832743,19.175599437660406,66.66974110193362,2792.9503021668284,19.895421653159996,3.1568975547993374,1008.4496038901476,-3.867831315418708,0.0,NNW,0.2,Aotizhongxin
1158,2013,4,18,5,191.65488887050856,268.1189009735049,20.955708219878762,77.13370685850121,2892.691968604147,44.0616752669424,6.227764854198479,1009.0590157547948,-1.223753865497469,0.0,NNW,1.7640701858646042,Aotizhongxin
1159,2013,4,18,6,196.6041760298029,270.422710732361,19.654435013670565,58.69352588180029,2984.8232499255223,24.164538075514812,9.457319071838064,1008.8140996378111,-0.36869052632425325,0.0,NNW,2.6826155779939502,Aotizhongxin
1160,2013,4,18,7,194.28262528444043,282.98550897263624,16.280372585696046,57.35721126354215,2995.8126783133903,19.21002479706302,12.720509625692806,1010.3322637324629,7.584464356289271,0.0,NNW,1.507300023664031,Aotizhongxin
1161,2013,4,18,8,181.28798974980725,,22.131558297147183,40.88063218797303,2670.4224952220034,48.61098705383101,12.054822558015783,1006.46551428014,4.377927222016701,0.0,NNW,2.389220462152802,Aotizhongxin
1162,2013,4,18,9,185.6842013622335,264.46401240144075,20.045231059530227,56.79360093100386,2792.905317852522,32.12806313258038,14.805585082074472,1007.7110977872057,6.371987819213018,0.0,NNW,1.0330042844438982,Aotizhongxin
1163,2013,4,18,10,173.91270805958268,244.30552032127,24.416910512101566,62.20889424849737,2568.2923120317673,39.77482524315606,18.338831219658545,1007.6552307418766,10.920128873238875,0.0,NNW,0.7497719446364357,Aotizhongxin
1164,2013,4,18,11,160.09568442483072,224.50178652650533,13.247351086560972,45.28223800450866,2407.314206838874,73.27325542332993,22.239862339208155,1010.6405095017194,13.285336248115833,0.0,NNW,2.334254063422376,Aotizhongxin
1165,2013,4,18,12,156.42139479979366,195.14688483185364,17.467718763601443,62.14755854834918,2206.5476865108394,43.40264638618429,21.341622896108653,1011.7355345416596,9.835115549671622,0.0,NNW,1.9564280382989714,Aotizhongxin
1166,2013,4,18,13,158.41583307207515,229.23367494375339,9.771272876376392,,2223.6120959509367,53.90761571349376,24.69923101326989,1009.7841907508414,17.556935394670294,0.0,NNW,1.731290439284535,Aotizhongxin
1167,2013,4,18,14,156.71749569919282,220.74615813882838,12.972039703019234,36.17593827430845,2099.403996495557,67.9030185752608,23.4250293646041,1013.1921984858109,17.438740142504955,0.0,NNW,2.6771731334608626,Aotizhongxin
1168,2013,4,18,15,152.75992874380586,218.14732074793545,14.393985861256757,19.953039731616308,1967.6543249029603,75.27510113131946,25.494773485398255,1018.4137669743307,18.330157438199674,0.0,NNW,1.7505273992585881,Aotizhongxin
1169,2013,4,18,16,50.37138743253025,63.40532046470529,4.453467632788346,29.977254685713465,1096.2222238369714,72.71318227343443,26.115164527818237,1016.8185442086964,18.104545832815756,0.0,NNW,1.4939046011579369,Aotizhongxin
1170,2013,4,18,17,50.78803699251257,67.25868299974668,9.555573445829836,9.846925115397072,982.6529420658646,72.56159468399754,21.723963128022696,1018.2604263676188,13.743870756609736,0.0,NNW,1.4073439948786568,Aotizhongxin
1171,2013,4,18,18,52.801526140331674,69.8118872314326,8.310370797872139,30.54958364010516,991.4310213881889,100.0999432443193,21.283350728838148,1016.7589106642986,13.541770350412577,0.0,NNW,1.2381238553820602,Aotizhongxin
1172,2013,4,18,19,54.94851704753712,87.14415370728236,8.064498973669291,31.476908884101928,1090.8396159055435,86.77800689827386,21.4321746450425,1013.0554420830497,13.644655976675377,0.0,NNW,2.3733181652602697,Aotizhongxin
1173,2013,4,18,20,58.362334138483504,77.91966942784596,11.82551093785587,38.553823319003314,1082.102054455662,87.50232253670285,18.5124322967974,1016.0728551752632,10.421380320576567,0.0,NNW,1.750321550575467,Aotizhongxin
1174,2013,4,18,21,62.87952030482214,108.85793164784897,14.826523213335047,22.698114626127534,1292.4752022968623,76.30541776407833,16.553919210472284,1017.6189270209748,8.59193352967556,0.0,NNW,2.9140167540347366,Aotizhongxin
1175,2013,4,18,22,66.07686538495183,96.81623572908292,12.100163854312532,36.28449694637935,1312.435369515563,75.39454948859138,13.684469018655893,1012.1286324175122,8.016988129316589,0.0,NNW,0.2,Aotizhongxin
1176,2013,4,18,23,72.18959372440911,88.30860461421543,14.322364057167452,44.3341515730416,1499.0838512472953,75.79949273865896,9.488344708124945,1014.7881730789999,2.1967545296447444,0.0,NNW,2.738272217221993,Aotizhongxin
1177,2013,4,19,0,173.18233782070322,241.1698100164649,15.342926259177743,48.53825310664248,2490.42117852838,50.03700985454665,11.22771741072656,1008.5963366614146,3.3854378867634063,0.0,NNW,2.2877036923467147,Aotizhongxin
1178,2013,4,19,1,180.55355066659985,246.2582197116756,16.299505744581847,43.2539867009716,2512.644855670403,56.177883837616804,6.545110948285704,1010.746287250952,-0.4660487072704199,0.0,NNW,1.9273407059397107,Aotizhongxin
1179,2013,4,19,2,183.83461488492057,235.42463614068853,14.231972086863681,35.86414488355088,2674.1150066216037,54.46042313407891,0.7571783133930161,1010.5890369002933,-6.253873206432119,0.0,NNW,0.9668693869771505,Aotizhongxin
1180,2013,4,19,3,185.6334610516539,275.88155487345335,21.860867711101417,61.9178179988068,2820.6195591197156,57.77030393417891,4.57648044143405,1007.8402410455285,-2.0045226144111616,0.0,NNW,0.6720981435944307,Aotizhongxin
1181,2013,4,19,4,191.12059633420455,274.6002602900864,20.2157131233987,61.10051064920942,2922.9388016312387,57.82827470340665,4.6369848516103245,1012.6148160619845,-4.498382266138966,0.0,NNW,2.6008724989877496,Aotizhongxin
1182,2013,4,19,5,199.68561815472185,284.89193859560373,21.014273601453073,59.78515178208984,2967.4645102414343,36.550452312590906,7.532619713206532,1006.1839899943774,-1.188172146015153,0.0,NNW,2.1937172857364082,Aotizhongxin
1183,2013,4,19,6,204.38110979005904,287.7875903090797,17.580471112923252,71.11156290972373,3009.2123564443796,46.386389496871345,7.252154215337328,1005.8431675246436,-1.9681819659540496,0.0,NNW,2.178574985654749,Aotizhongxin
1184,2013,4,19,7,197.07688216423838,262.08745934300936,18.45196793747762,63.9591602205459,2951.3285912022816,9.150175009057826,11.648454993728706,1007.5793549522647,4.798539378969243,0.0,NNW,1.9180233272438743,Aotizhongxin
1185,2013,4,19,8,190.12135694281815,261.3337283243911,18.80172442578986,51.76694765354638,2939.7739053638893,53.872193999156174,13.248958607584854,1006.1599267094034,6.325765069195391,0.0,NNW,2.6798461063489114,Aotizhongxin
1186,2013,4,19,9,189.1168830168343,273.1814439714081,13.933159825586184,43.69051731096118,2781.822483791296,35.06349385312828,13.49986430779491,1005.5817909064366,3.589999999011353,0.0,NNW,1.5313025250924408,Aotizhongxin
1187,2013,4,19,10,178.97373000708464,240.05102171209347,12.435897024406966,45.968293878934674,2635.6956246808504,45.08902551012109,17.37763044760807,1007.3046604501556,9.963887166838553,0.0,NNW,1.7308758827254458,Aotizhongxin
1188,2013,4,19,11,170.83976876017215,213.85798310173286,14.491851433596903,69.32047926018471,2448.9064445762147,57.94056871610719,18.8366998335869,1012.2218782935832,12.895050635388708,0.0,NNW,1.8587235261933182,Aotizhongxin
1189,2013,4,19,12,165.27540580319476,229.1145080466634,16.56756229932717,50.78221419146218,2357.4806746653576,58.46557632684486,22.34820578214598,1011.3901208822493,13.995206824059249,0.0,NNW,1.8290720911492693,Aotizhongxin
1190,2013,4,19,13,153.6374566306646,213.67486374265502,11.746492604697572,41.33251783374968,2133.3482868834913,68.43500992324437,22.488017736991704,1016.6981371265165,14.958977647881161,0.0,NNW,3.0692579930126325,Aotizhongxin
1191,2013,4,19,14,146.82353000832407,206.9085761758008,9.443584407227862,33.54671258251357,1924.4165495286813,88.37692968226143,24.770911108654275,1013.6175275098549,17.86663966289091,0.0,NNW,0.9964496491141885,Aotizhongxin
1192,2013,4,19,15,135.27422459305484,196.66910086542214,9.020409134354253,28.87872085668957,1750.90987856807,73.83546907620396,24.59154137351438,1016.9565546153974,14.610704014416301,0.0,NNW,0.436343585517716,Aotizhongxin
1193,2013,4,19,16,128.10119533931325,185.71773159735062,9.30384571164187,37.01705979118399,1578.4691228729553,70.78139692960542,24.430923380870944,1017.351810977846,16.658905619357597,0.0,NNW,0.8367790106110038,Aotizhongxin
1194,2013,4,19,17,126.38331040074452,179.52433261348153,9.108793980094347,21.756717538991182,1583.130082234048,102.28278423021221,26.736664607541538,1015.9173275170854,20.644838892153743,0.0,NNW,2.546920760953146,Aotizhongxin
1195,2013,4,19,18,118.98911025528989,178.54006823827294,16.496564356619672,29.61536328547434,1591.6101722239277,90.26764217004677,21.53033997180467,1015.2423821416681,12.640526746658447,0.0,NNW,1.9193803011847062,Aotizhongxin
1196,2013,4,19,19,121.77323441845944,155.29283037771006,13.334232754016613,22.89405987188588,1654.0035717326614,103.37053541036134,17.098350368574216,1013.3660217335935,10.347049581962459,0.0,NNW,0.721023570295535,Aotizhongxin
1197,2013,4,19,20,124.6916958978916,179.61419240182215,13.74419531792299,43.20074497899173,1685.4013238302166,90.2869342004,19.11192966812673,1017.4363685782824,11.15267207883541,0.0,NNW,2.0797320242795356,Aotizhongxin
1198,2013,4,19,21,131.66921439349693,190.60228378426513,14.970207186887407,36.796172436895475,1798.2426127053905,64.44172560952933,16.511933852703013,1017.932053371033,7.500176889502502,0.0,NNW,1.7408116988270093,Aotizhongxin
1199,2013,4,19,22,138.77807436535198,181.89368125069035,9.503537391997849,44.964454517468994,1903.8982924463833,78.95384671756882,9.443399288279554,1011.3201386564915,1.2986364620579312,0.0,NNW,2.447595676949962,Aotizhongxin
1200,2013,4,19,23,151.47006473217175,197.02938453821656,10.038810929525674,35.14834090044366,2146.9786275620645,56.6309954687375,8.948650568187903,1012.5532053555193,0.15945868205855485,0.0,NNW,2.635413122755837,Aotizhongxin
1201,2013,4,20,0,,216.17032646941863,11.67938912539783,53.46508890053937,2292.1981839208065,60.07431802439667,8.582648023404309,1010.6661633396145,-0.7498230392399903,0.9766292610099965,NNW,4.014527164012417,Aotizhongxin
1202,2013,4,20,1,165.78248328441362,225.4800621730261,20.297613625526118,47.67576149889288,2520.0099329156733,52.772379836359406,7.126050853981213,1011.8086430751279,-1.2554663046984493,0.0,NNW,1.0542793438924267,Aotizhongxin
1203,2013,4,20,2,173.50710194346715,250.4441373558783,15.858424633352527,55.8802785914628,2583.1345498388996,31.323361953669437,5.333656091930236,1008.8426946240946,-2.5637044394905804,0.0,NNW,0.5097918724810422,Aotizhongxin
1204,2013,4,20,3,181.89349749520912,248.5055086563818,14.781465359214877,72.22251698868662,2805.1410966230987,,5.0267380683999265,1011.1104272349029,-3.222343505423376,0.0,NNW,2.4712940348688965,Aotizhongxin
1205,2013,4,20,4,186.85649645444866,253.03560985341608,18.037138418262753,53.97830762163742,2884.9678372402577,60.401237906980036,3.9328599274845404,1006.901086599144,-4.465200444208721,0.0,NNW,2.78937010961877,Aotizhongxin
1206,2013,4,20,5,190.01587589440305,259.9058888852187,19.11381253630146,65.94449837622456,2943.26950198106,38.23562839118494,2.739972891972084,1004.6976039494829,-4.921033283579518,0.0,NNW,0.9794444920365246,Aotizhongxin
1207,2013,4,20,6,188.230134354504,274.7085114378477,20.805239821083685,68.50404206814981,2805.266508562941,33.244038653370474,11.00319316540983,1006.0623893495783,3.8003021278814018,0.0,NNW,0.9802169445615629,Aotizhongxin
1208,2013,4,20,7,184.55630547297227,258.50926140593066,20.58248219358147,68.47855157218784,2909.280252376791,53.98075654218255,8.546999083439928,1006.4531416682371,-1.1691437658196815,0.0,NNW,2.2754930296082323,Aotizhongxin
1209,2013,4,20,8,175.9488717106346,244.5359101413193,16.84558532730167,58.714232130941056,2747.6257362533947,34.387011804697345,12.676568084071516,1008.7220728720671,4.297974280000604,0.0,NNW,3.371586255280234,Aotizhongxin
1210,2013,4,20,9,178.17962000544563,248.35141302061336,20.592503083473872,75.8322484301956,2686.0833477964397,41.40812685064511,14.761728006510996,1007.7174279833363,3.8014166415202224,0.0,NNW,1.2987129999280258,Aotizhongxin
1211,2013,4,20,10,166.99096362828405,246.7079524228629,15.582419398749526,44.64054491727792,2461.7820569673763,57.4080285612285,18.933986779435525,1010.3801930268007,10.69071174088422,0.0,NNW,2.069653436276591,Aotizhongxin
1212,2013,4,20,11,156.98391419017605,212.28576260021404,15.825266215397477,61.847464011110176,2359.1195748640075,49.52216588627348,20.17234582022324,1009.1249362303093,12.398139389330671,0.0,NNW,0.48068421860146193,Aotizhongxin
1213,2013,4,20,12,146.34571377482362,218.0390821941541,17.060322211510066,54.720524844733106,2172.443290039501,52.53479260647499,22.301229241503474,1011.4106466404107,15.15589925975163,0.0,NNW,1.8411315671442146,Aotizhongxin
1214,2013,4,20,13,142.16083992952576,201.1301388905511,11.780440562654372,55.03072941477906,1968.6090053044577,43.93291197395584,19.708776665830992,1011.7240266720876,11.939933875575448,0.0,NNW,1.909081800545557,Aotizhongxin
1215,2013,4,20,14,133.74561256943326,185.63966377745308,10.79194572925659,,1796.3008919107815,63.135016866172386,23.4092496540773,1012.8067168206477,16.231513120158674,0.0,NNW,3.1740323563233392,Aotizhongxin
1216,2013,4,20,15,132.52337742453176,210.54173337368726,13.239470243146657,23.907212473151375,1801.6752809280408,68.21739206976754,26.116949569898495,1018.0852010205008,18.21478704240241,0.0,NNW,1.434657765008819,Aotizhongxin
1217,2013,4,20,16,125.06185624961955,164.5302038514814,8.096673451262749,39.61503639760436,1697.6699450362498,83.23630204929707,25.641260600498576,1014.8998678760037,16.627983033224865,0.0,NNW,2.549128315060421,Aotizhongxin
1218,2013,4,20,17,123.18082022337587,168.91629071705617,9.015994797742447,10.665170237176163,1608.5903767675006,78.04356299994895,22.23277480241857,1016.1344195671498,12.558872049834022,0.0,NNW,1.3825904806551037,Aotizhongxin
1219,2013,4,20,18,118.81720679900889,154.01977712697243,11.667226534128677,12.14832879167669,1608.0793868762892,106.58019010857195,19.704024937783792,1019.0892089198989,11.309520876850998,0.0,NNW,2.0722658089369297,Aotizhongxin
1220,2013,4,20,19,128.42002852143037,189.31265963536418,16.332648192862585,21.775021180526696,1636.6706484382407,73.57185635487865,20.189868960084397,1018.3296319239885,11.040454654973962,0.0,NNW,3.661856949892046,Aotizhongxin
1221,2013,4,20,20,126.66664752045122,194.2251958651485,12.486086495366047,29.21544223328937,1664.2054549298243,95.65710196318501,13.228029377831486,1019.6125414522453,5.048450705885031,0.0,NNW,3.4344811434573135,Aotizhongxin
1222,2013,4,20,21,132.67348903929607,202.44211246906087,12.882385383037297,43.59566496545924,1732.69379840271,79.87519908093918,13.276988621493357,1016.5011376349411,4.539173116262213,0.0,NNW,3.5684543505789845,Aotizhongxin
1223,2013,4,20,22,141.42179999862088,210.23000752952927,14.092404751018186,33.517872680557126,1853.3623011112809,80.56774035712391,15.052051161707759,1013.2992012206279,7.680672680553831,0.0,NNW,2.318057766369118,Aotizhongxin
1224,2013,4,20,23,150.31242503535123,208.46119037153204,10.486333952286245,34.95770591343325,2191.7048889347802,73.93067207492174,12.167600993310657,1017.4083845234244,4.241033529996509,0.0,NNW,1.8317900291289042,Aotizhongxin
1225,2013,4,21,0,157.33584575291604,216.61777427918398,15.346790216039723,47.49111950157142,2315.2517185358156,37.81764469687583,8.659806226282242,1013.1641614891105,1.3310477306681148,0.0,NNW,2.227940545301891,Aotizhongxin
1226,2013,4,21,1,164.58113430705794,213.70189030494043,,53.93315276840562,2350.551064140548,53.41399708267141,6.800750433877497,1010.3965140968841,-0.535672481210661,0.0,NNW,2.3728386180049568,Aotizhongxin
1227,2013,4,21,2,171.99180884189877,261.1472677304762,18.46475362111827,58.52991857736217,2583.7220661267543,44.87771862766168,2.4154855603227188,1009.614931099401,-5.854024005251926,0.0,NNW,2.3114517784714526,Aotizhongxin
1228,2013,4,21,3,177.61700427098125,253.3535867608584,18.88505806336035,57.71824596012019,2698.7764310872853,30.992549523423637,3.8889991450263253,1008.8230292529687,-4.288505372355655,0.0,NNW,1.4308907672367481,Aotizhongxin
1229,2013,4,21,4,186.24007941609761,255.81654213384184,20.46922605117353,46.67981916434357,2822.631173184404,42.94562527754772,4.897988840160653,1007.1962492314991,-2.3496044273573053,0.0,NNW,1.3987521736776882,Aotizhongxin
1230,2013,4,21,5,198.0791840976019,290.5914266265124,18.895227546747737,56.9775886129307,2950.5529109056956,53.01725750154801,5.260625337903831,1004.4186596647203,0.9295337339150187,0.0,NNW,1.5229936678904439,Aotizhongxin
1231,2013,4,21,6,196.87144216889854,265.89237386885793,20.175826752115377,76.3621686821397,2994.034994699587,8.26996356115934,7.403567185772728,1010.2534421044932,-2.0801295346306463,0.0,NNW,2.8562523415892547,Aotizhongxin
1232,2013,4,21,7,190.3700050392543,270.58422739718276,16.146143433274364,65.81506802959416,2950.239147103235,30.507157584356086,11.948836636519442,1007.126702716205,4.011463868503632,0.0,NNW,2.943229701317706,Aotizhongxin
1233,2013,4,21,8,187.01986417071038,260.1015184960862,18.37040518491345,59.74033112283232,2862.688633330869,25.891703264252804,11.59907495706781,1008.036866006483,1.80551243623175,0.0,NNW,4.546747134620131,Aotizhongxin
1234,2013,4,21,9,192.57114284339093,275.9863713795503,22.708034550462667,68.08748401072275,2817.385936502787,43.04010873271324,14.488591229164852,1012.6207542128562,6.457222704827985,0.0,NNW,2.3405166172793184,Aotizhongxin
1235,2013,4,21,10,183.1432411359156,255.76480219842063,18.45642501888477,45.95906694104841,2657.2845932427686,44.24378716850004,18.697487381050834,1008.1334294735648,9.686396025569273,0.0,NNW,1.369256698612084,Aotizhongxin
1236,2013,4,21,11,182.46427971076747,240.9407126839622,16.231332113363376,48.37359583234635,2610.0825715732817,47.47275174486519,17.870786422095794,1012.0168754239156,9.690926805517552,0.0,NNW,1.616887935606439,Aotizhongxin
1237,2013,4,21,12,81.41051161399761,,20.68836982876304,46.1020672413923,1674.456339817784,66.89506828329058,20.810760943607207,1010.41540263286,13.043726444528994,0.7760280965442353,NNW,1.8739982637943868,Aotizhongxin
1238,2013,4,21,13,71.43158729409002,110.49286363047965,9.623399839584158,36.29259907159255,1471.5595534634838,82.832289138134,22.553670156209122,1013.9361375506035,13.81958348757318,0.0,NNW,3.2049988983676974,Aotizhongxin
1239,2013,4,21,14,66.47209096390674,92.76876329092957,9.171633333661342,35.8061025832128,1329.9816628312485,99.11318651757836,24.742646482718303,1014.9030114925027,14.06700846843723,0.0,NNW,2.586351054238875,Aotizhongxin
1240,2013,4,21,15,66.77247402082448,101.23261484504512,16.602600327896084,29.356312924894933,1268.6006051725915,70.2813790449778,24.4825568987595,1017.1167361002134,18.62086041448871,0.0,NNW,0.922553114668639,Aotizhongxin
1241,2013,4,21,16,60.488404378937794,74.22847127377237,10.80775578922461,16.48474754202423,1114.0796390897544,63.44187957643027,24.189246898869982,1018.7464644543029,17.448162368568948,0.0,NNW,1.954525136947632,Aotizhongxin
1242,2013,4,21,17,56.67707026338944,79.08529043604669,9.442621759685277,27.133306529251083,1108.1231724568988,89.74010999801011,22.662973057190648,1015.670586949046,14.46713421382435,0.0,NNW,0.8228187744438324,Aotizhongxin
1243,2013,4,21,18,53.32812139626691,68.4142654038879,6.40238702471307,14.37318566789706,972.8320430782419,101.10484735323203,20.464822421543342,1019.8333496814479,11.1227229242275,0.0,NNW,2.473982357563914,Aotizhongxin
1244,2013,4,21,19,50.29131968482339,,11.513459667739694,27.006404474992408,995.3874014746358,92.285045327634,20.913714386315867,1019.804591008568,13.041251271740409,0.0,NNW,1.434553764428958,Aotizhongxin
1245,2013,4,21,20,50.69122217969826,71.28262667419752,12.303252589660193,38.67257851751211,1089.674920696112,97.71410548991408,17.08148427258183,1015.8301562495352,9.62296751014394,0.0,NNW,1.511012734241024,Aotizhongxin
1246,2013,4,21,21,150.56301979058597,217.68896447018648,8.180983011562574,28.60967879806061,1865.0173051823551,75.4228028236425,15.928528470221062,1015.5223687431265,9.083546193860474,0.0,NNW,0.4970149429394253,Aotizhongxin
1247,2013,4,21,22,156.91255709921927,230.55468420048564,12.079173243348713,25.628134960232103,1976.6500296612792,66.40425560226873,10.744368553253071,1013.5112997601011,4.037701799854251,0.0,NNW,2.605454724063166,Aotizhongxin
1248,2013,4,21,23,161.0680928219091,232.41151570188657,12.699357278388193,38.807716592309724,2188.171008305726,67.62483520157618,9.002136763375539,1012.6832127978253,2.578151221343308,0.0,NNW,2.9669333723063422,Aotizhongxin
1249,2013,4,22,0,169.76780782214772,240.40611529394323,15.767931439256314,38.34423113537175,2273.319554854858,56.69446812633112,7.5971576463643755,1009.5930486894998,-3.0141318878780936,0.0,NNW,1.445646190009597,Aotizhongxin
1250,2013,4,22,1,171.3087965904088,229.85019264145828,12.936344498850671,54.93245292310217,2409.0578130616855,60.160464085840424,6.147945406931297,1012.2609763191458,-2.3090194141004194,0.15462427990605138,NNW,1.8703880353016065,Aotizhongxin
1251,2013,4,22,2,179.867746166191,251.78698352599838,21.25584236353947,53.816090019817175,2676.7716752548495,57.19767778003491,6.472294826007632,1005.3994122149504,-0.03805394307492693,0.0,NNW,1.6165544571709642,Aotizhongxin
1252,2013,4,22,3,189.41506544822315,259.85018760735403,21.28300525072555,72.82024163704753,2787.9239731801176,52.80316711605517,4.354236065611462,1007.0702763925418,-5.031211488345485,0.0,NNW,1.825392090872131,Aotizhongxin
1253,2013,4,22,4,186.20768155587405,257.2501146111814,18.24060034272374,71.62442484110747,2900.3459614462167,43.455291613432934,6.46085510132563,1007.5775488789386,0.2897564670981396,0.0,NNW,1.3442756934272644,Aotizhongxin
1254,2013,4,22,5,190.70092051040325,263.235947207062,19.180372996530227,63.09387248993014,2851.7369775519805,38.31007760952629,6.902161974995156,1009.7699655294106,1.6177283977025696,0.0,NNW,1.1197989600184117,Aotizhongxin
1255,2013,4,22,6,196.63382169162435,265.48809462045165,19.59073354916715,70.72487254378473,2968.3729552513805,42.94426689250848,7.768653273010101,1005.9095108613961,1.5555347521988423,0.0,NNW,3.094895770020133,Aotizhongxin
1256,2013,4,22,7,190.77303240553158,247.50885947640427,17.49470347242583,61.172625252478596,2932.533817420268,16.22193526624608,8.57305180525522,1008.0260742107598,1.5654374159100426,0.0,NNW,0.2,Aotizhongxin
1257,2013,4,22,8,194.46630927774348,265.5714025055632,17.99983876421709,62.59216315701013,2843.614889229278,40.45507242872845,13.547122447169773,1007.5079047521773,4.8758631061255,0.05717205266388292,NNW,2.4032914152118368,Aotizhongxin
1258,2013,4,22,9,191.37482663727093,269.85855181142085,17.72472280290891,56.250662052928455,2865.4294207977678,42.84711104204082,13.610493799029523,1010.3547038950119,6.032946004651332,0.0,NNW,2.2266657797071585,Aotizhongxin
1259,2013,4,22,10,182.34157577864087,241.7964356358223,22.338605112121385,61.13164767879767,2684.2665503874287,49.63080395971555,17.556269880789287,1010.2511714979147,7.537127907708352,0.0,NNW,3.3231351525524784,Aotizhongxin
1260,2013,4,22,11,174.88307082108565,244.99312151423615,,61.64028711572704,2422.1278302753217,52.653288409894664,19.91908933559588,1012.3663235505669,10.747423338708247,0.5541147880448422,NNW,1.8108913043853,Aotizhongxin
1261,2013,4,22,12,169.35180711809693,256.0952142084453,17.80396412200987,51.38918565752915,2352.9273671343453,64.31855493461616,21.760425097939553,1010.8987301696908,12.694219874172347,0.8859633460260932,NNW,1.7029576730718219,Aotizhongxin
1262,2013,4,22,13,161.89125733067095,236.87832581546172,14.815681613500566,47.199111908232425,2210.900277417291,60.72444691222287,23.076274453366413,1011.2660454371959,15.169233314315333,0.0,NNW,1.3532311303466709,Aotizhongxin
1263,2013,4,22,14,156.81085265353204,235.97060880615015,9.148018973206298,42.384267497885844,2024.9839875518535,83.7952342945363,23.426143220448175,1015.2342566381067,14.837877322305738,0.0,NNW,2.284450951338746,Aotizhongxin
1264,2013,4,22,15,146.91495484561818,209.5922155531927,11.339992780335127,35.26791175494674,1818.483681014886,82.41416730379842,22.574595343944882,1014.5600778678543,14.966995278874979,0.0,NNW,1.4334147525635847,Aotizhongxin
1265,2013,4,22,16,,211.62987347922046,13.581338359917947,18.565202650629086,1810.1114936692009,83.15749367344957,26.76496536215121,1016.3907747626222,20.081705599467096,0.0,NNW,1.0969716584483675,Aotizhongxin
1266,2013,4,22,17,134.17296880106693,180.60250901681582,6.3955769804527955,39.28925562955063,1797.5755674070363,77.17297995086551,22.922668841458517,1017.4641790119736,13.858077527151625,0.0,NNW,1.410332872179954,Aotizhongxin
1267,2013,4,22,18,132.70583934434416,179.34477241186195,11.909659620619793,39.4352866135874,1642.2975097968688,93.15316885207905,21.87889966918927,1019.4838150613094,14.101801308594847,0.0,NNW,1.2425494674926596,Aotizhongxin
1268,2013,4,22,19,130.11243398981293,154.76600552436338,17.138198544342956,23.810446647711682,1732.9912004671116,86.21474264217161,19.79865892409909,1018.4027704182254,11.174705439372186,0.0,NNW,1.1952346459458023,Aotizhongxin
1269,2013,4,22,20,130.16732689459278,194.09571239285287,13.855322919047003,24.713908602581775,1657.3140125548935,74.0958011592418,19.23159695686833,1014.9681076733742,11.516840697354102,0.0,NNW,2.0682470917135505,Aotizhongxin
1270,2013,4,22,21,139.87925827337125,211.2342013809186,15.706553500753223,35.75715759959205,1846.9686354628486,77.11105410553131,17.89979133227646,1013.2454894304177,10.92905022959419,0.0,NNW,1.844370723510231,Aotizhongxin
1271,2013,4,22,22,150.45770219134477,205.10901061440995,13.15501625132648,39.406502681468034,2042.2377440745638,78.79082619241241,12.651580678357822,1017.9147622095089,6.03343436462114,0.0,NNW,2.4396741548045076,Aotizhongxin
1272,2013,4,22,23,160.1296833218978,221.64203958668458,16.609700620782363,38.20805054792542,2177.0891652356054,71.9862115157613,9.764495997314627,1010.1287758815639,2.7699521762541854,0.0,NNW,2.1177839011050885,Aotizhongxin
1273,2013,4,23,0,163.52500361628316,221.39638392588677,12.846440356937894,34.99979475529916,2293.3132464862033,64.87008967808156,6.243746677395406,1011.0949943046179,-1.135274879211103,0.0,NNW,1.0378226273781168,Aotizhongxin
1274,2013,4,23,1,170.02394117057958,241.8600531535863,18.681686662536283,52.621990428048626,2500.0255234731635,54.45483778984775,4.174363288036465,1011.9963944151316,-5.955956621492829,0.0,NNW,0.30195938225527774,Aotizhongxin
1275,2013,4,23,2,182.11176061742066,266.2057903174213,19.46316440218229,59.411492305404366,2751.466840702826,57.75819533301897,2.6797793426431658,1012.7775224939,-6.942119551675669,0.0,NNW,1.1550732257105678,Aotizhongxin
1276,2013,4,23,3,188.8918317075767,247.02084465179695,19.405267428045725,64.94870480804133,2809.0067123671893,54.70029550845241,3.8062325607147978,1008.0851430438188,-5.430034858985939,0.0,NNW,2.611013171205386,Aotizhongxin
1277,2013,4,23,4,102.93670854544021,148.2057772700388,23.278149278077684,65.11485025452244,2144.10082105078,45.722591062144446,2.204459541139645,1007.7245589696196,-5.257610148649068,0.0,NNW,2.5928879007250965,Aotizhongxin
1278,2013,4,23,5,107.50699257815658,147.74307189222776,,62.14959533888609,2236.938693277896,29.97734159421622,7.957990892765783,1005.4203160253597,-1.9785164758200267,0.0,NNW,2.787742015616173,Aotizhongxin
1279,2013,4,23,6,109.29741425544466,154.15032387728942,19.438827450579012,72.95201631605022,2400.364696325826,24.419382827094825,8.563576554124662,1007.2532322242704,1.0698600463764483,0.0,NNW,2.670351970357421,Aotizhongxin
1280,2013,4,23,7,107.0387231873067,154.44415247897228,20.11601525552023,64.84530450630871,2249.425471830987,30.412456673057356,9.62253922797283,1004.8700629099529,2.0192431136718025,0.0,NNW,2.8697164355022515,Aotizhongxin
1281,2013,4,23,8,104.57587413129693,144.52419939608745,16.241294105653992,58.60112396077101,2153.2964696352524,57.885932385156266,14.075885520115978,1006.1693030746405,3.172351861836451,0.0,NNW,2.3250531073196727,Aotizhongxin
1282,2013,4,23,9,99.198436107838,137.8419420169154,19.21632973733348,57.696908567365185,2019.176805513196,45.13928960860984,13.393265883895088,1009.9922472023442,3.7618616512437604,0.0,NNW,3.442352787411245,Aotizhongxin
1283,2013,4,23,10,95.81766737899594,132.00598265504792,12.34320876113846,41.03224774020015,1875.2462843263372,68.76441827526385,16.358218867978373,1008.6328463662761,9.924032230263498,0.0,NNW,2.23492046485084,Aotizhongxin
1284,2013,4,23,11,92.40904799924989,139.07582921683266,19.434958828797235,48.718446308622106,1860.9792157273173,52.32754043656261,17.099310079547383,1012.5404026185936,10.145423802139753,0.0,NNW,3.5994110542280513,Aotizhongxin
1285,2013,4,23,12,81.50051880414247,118.28832592707442,15.139912099697897,50.50749215899735,1684.736250074365,57.41186329507079,23.232598354395794,1011.6929857467018,13.957007358603393,1.899126134406179,NNW,1.4988891402274187,Aotizhongxin
1286,2013,4,23,13,68.41101563683573,97.98125726894362,12.143226062776105,42.54188327506342,1423.9256980554171,65.72991076112228,22.444742108380474,1010.556415039771,12.892450630258798,0.0,NNW,1.4784484592281772,Aotizhongxin
1287,2013,4,23,14,153.83076549749816,202.6535544855746,9.996879163114638,47.165313383849494,2029.897603078438,71.57825919946697,24.682801682804417,1016.8367305514226,13.007281655186546,0.0,NNW,1.8460939593439694,Aotizhongxin
1288,2013,4,23,15,149.64952736955195,205.72354088524116,,28.754065064143422,1855.8304210173656,69.94116041098643,26.503864600862016,1012.904881735829,20.71081113244399,0.0,NNW,1.9700164369489923,Aotizhongxin
1289,2013,4,23,16,140.4685022669197,205.6425947770793,12.734652113395047,31.577997228737757,1783.9842798629572,70.1621524129442,26.715534396139812,1015.1265520012009,18.77711594878638,0.0,NNW,1.7430047832585276,Aotizhongxin
1290,2013,4,23,17,128.85992721997087,,11.81358780476734,32.023404884664814,1668.5838532724958,89.16151192903534,23.616534510608535,1016.4302309675691,18.442120593626335,0.0,NNW,2.431734302370489,Aotizhongxin
1291,2013,4,23,18,129.3920164267668,187.74413769336488,,43.74285606629927,1608.3779180557524,95.54900717597363,22.64742396627251,1019.0116572413184,14.359917335814124,0.0,NNW,1.9181435066547676,Aotizhongxin
1292,2013,4,23,19,140.3862397078259,,7.6322518506717545,26.839607403159754,1821.2422206262718,108.59795866389072,18.64422463093451,1015.7766594860649,11.068108579268888,0.0,NNW,1.5142597800388804,Aotizhongxin
1293,2013,4,23,20,143.35896873680522,211.08861692361546,12.64056910003675,19.325994493399044,1758.6062720433208,77.31350602770074,20.11325046553651,1014.476692693982,13.450198172679404,1.3248101951046842,NNW,1.683177424746729,Aotizhongxin
1294,2013,4,23,21,151.48049051254853,213.00427009456536,9.297423880222174,37.6412944031113,1943.1750418267184,74.15111466102294,14.750774159550952,1015.8608800490535,9.209038188822317,0.0,NNW,2.97409854006675,Aotizhongxin
1295,2013,4,23,22,158.0210113823352,216.11952423331198,12.67972932223851,49.92581884774765,2106.5839520439113,64.78770705548985,12.532236976776973,1014.0720685535467,5.283769464503609,0.0,NNW,2.2537326755867,Aotizhongxin
1296,2013,4,23,23,164.86088141649498,205.26973802253397,14.077168702060224,37.24322941613659,2211.494958283482,77.72775042129872,9.389720391605165,1012.3593140274343,1.3933312185126039,0.0,NNW,0.6589784867394732,Aotizhongxin
1297,2013,4,24,0,76.30175870152172,105.13861295740189,15.936186395180215,,1600.9902286674492,68.14987454796264,9.72780568575516,1012.4329707129757,1.7697421774282047,0.0,NNW,3.2084995354689294,Aotizhongxin
1298,2013,4,24,1,82.90523187784275,112.80719967081136,18.868906516058217,60.006205343881774,1695.3261655412673,44.76017805369172,6.639136846780397,1008.2987123437011,-2.929616556530006,0.0,NNW,2.3468068877687354,Aotizhongxin
1299,2013,4,24,2,91.21022978105475,131.5979836374304,13.711111189398032,63.136524351761224,1997.548913034252,38.47801913027057,6.482143603229753,1006.0563189180687,-2.090680697068723,0.0,NNW,2.5113046326726476,Aotizhongxin
1300,2013,4,24,3,98.71022444143523,136.65526194826242,12.802055930151274,60.146603803519575,2064.0298479227213,51.84747805629529,5.530937209968323,1012.7419263086038,-2.3922335631090426,0.0,NNW,2.743257147555247,Aotizhongxin
1301,2013,4,24,4,200.80542130479978,277.9237392323517,17.627785175237136,56.7327180099836,2979.7218031989146,42.181326417473116,5.01012766228531,1007.878245167801,-0.9170315250620469,0.0,NNW,2.784585689593429,Aotizhongxin
1302,2013,4,24,5,107.77060337808477,133.08485542424646,25.234214354941898,63.668280141672675,2282.1711819333127,43.43574147288473,7.733948804105002,1007.5187326324792,-0.9111159861170123,0.0,NNW,1.2647091270379855,Aotizhongxin
1303,2013,4,24,6,108.09298956263109,141.93050709618285,26.066522300262136,68.66880363102105,2233.328991900161,26.17231521661087,8.446906479997596,1005.4360212386458,2.0408884482082743,0.0,NNW,1.1438281697943393,Aotizhongxin
1304,2013,4,24,7,104.04778371333175,150.43340760667004,25.323160538143004,71.58429671851519,2208.8761700077202,17.074605703671228,8.558531408729149,1008.9657685555427,0.43577439183335953,0.0,NNW,3.917120951779335,Aotizhongxin
1305,2013,4,24,8,103.19681041247449,161.63461088879123,18.751182915640126,64.9920684596811,2238.7087623507464,29.59971473858733,10.927992473260723,1006.6029024607861,4.79333031263438,0.0,NNW,1.441537800683811,Aotizhongxin
1306,2013,4,24,9,194.8353798073736,271.7942778928668,13.189188659978251,56.10287189140634,2785.665867646586,49.19999777044858,15.223240093547451,1002.8921707185061,8.238323834506879,0.0,NNW,2.302922776083758,Aotizhongxin
1307,2013,4,24,10,188.7349010012537,267.50697213749635,10.470882695044477,59.44303724919815,2816.275111747892,68.61057978634891,18.949377304606646,1008.3659333189827,11.863170348883674,0.0,NNW,3.3051719734343257,Aotizhongxin
1308,2013,4,24,11,181.4629963677525,263.57297648438157,14.451980740864373,57.05706144399298,2517.987949719215,49.23488397716089,22.459130822759604,1010.1430786186385,15.927370812752898,0.0,NNW,1.6451952339615845,Aotizhongxin
1309,2013,4,24,12,78.04200727800318,101.14987082720195,14.40577910955192,48.036880451315845,1565.360185392,82.75855881876865,19.405247625494273,1011.6598327913309,12.65498749242321,0.0,NNW,1.7119020477354798,Aotizhongxin
1310,2013,4,24,13,72.17622885644737,104.71486083188074,17.60778097765527,33.13412218164298,1480.4976638449975,74.7686738024799,23.698743811492466,1012.8960719000235,17.294463905048204,0.0,NNW,2.741171269318235,Aotizhongxin
1311,2013,4,24,14,,83.37206826103778,15.103416378627339,33.54875172226249,1429.1429522133328,58.56967698291174,25.393729756153174,1013.2101707660474,20.591375695014023,0.0,NNW,2.1702990977947882,Aotizhongxin
1312,2013,4,24,15,61.89855413574715,95.30622017495611,12.146681331042126,38.44043058756879,1116.7974238317483,79.81800790777399,25.443503702492144,1014.052491786526,19.868845769515538,0.0,NNW,2.3960899638127295,Aotizhongxin
1313,2013,4,24,16,62.691825653879654,89.28258639494884,8.000338668254383,16.61534945435544,1148.073657792777,90.29037787872957,26.173248920441246,1015.7341696853382,18.87288527168869,0.0,NNW,1.935658738948312,Aotizhongxin
1314,2013,4,24,17,61.9260542041482,89.68099402562187,7.288032193819989,,1132.8513539803862,59.893316671699836,24.643555002581643,1013.5386769573736,15.980934714526162,1.2636912019004143,NNW,1.5789070855607248,Aotizhongxin
1315,2013,4,24,18,60.94523947219378,77.4973492868854,10.762383061214306,37.06466280115217,1089.2444137043267,91.44451157913382,20.592817536494966,1013.084807412379,13.142444221031203,0.0,NNW,1.7336471111183596,Aotizhongxin
1316,2013,4,24,19,56.720119754121086,86.47849125187737,12.261523805073837,29.772805514393667,1086.4867110174916,95.87535745545783,18.477812466963904,1017.0257401112847,7.588518878476121,0.0,NNW,2.9551807312703953,Aotizhongxin
1317,2013,4,24,20,55.456677776958486,98.48647810005204,11.84551676781456,32.53333194447208,1061.3416065932788,85.63931633592239,18.056872735252796,1016.5595967674521,11.300352654004332,0.0,NNW,1.763504968730854,Aotizhongxin
1318,2013,4,24,21,59.00333763747656,72.52555573818512,8.360672215247298,22.2433285872526,1159.1978963286244,77.06045742284945,16.48575813663379,1017.2943350660407,6.895708344773375,0.0,NNW,2.342978937909793,Aotizhongxin
1319,2013,4,24,22,62.778492264435855,84.49229909373496,14.452002886376256,40.9002245077323,1294.8068057575267,70.77073416998594,12.626935878403836,1013.9888693792584,6.310657792365596,0.0,NNW,1.22495967792978,Aotizhongxin
1320,2013,4,24,23,69.26603569941842,99.2885247208667,14.983637675791627,42.02560859849648,1394.1062631592013,64.15725285064482,7.6331003956475865,1010.9068407992976,2.603533946183662,0.0,NNW,3.6322233143321228,Aotizhongxin
1321,2013,4,25,0,77.25720675208251,116.02415157287368,11.788000781429465,32.325379377212826,1615.8233339446506,48.24020196232891,6.358175065160115,1008.120706369604,-3.818226448867249,0.0,NNW,2.255099848283764,Aotizhongxin
1322,2013,4,25,1,87.14054912258506,116.40130591872439,13.941132314611835,61.57064821624127,1781.2147463381139,46.65428555338731,7.377019745953609,1008.9255126225737,-0.6984368483577719,0.0,NNW,2.271689650898696,Aotizhongxin
1323,2013,4,25,2,94.09398265727307,103.40127281875489,19.5654879236847,56.26946658894983,1929.2496020004412,43.3340595434784,4.817774100733619,1010.345039488115,-4.778845178267527,0.0,NNW,2.7410229815331104,Aotizhongxin
1324,2013,4,25,3,102.25319266817431,156.74636467708427,17.832011300495065,55.9734638950968,2116.8935744499454,43.457273932593736,5.176935954804932,1011.3473639008851,-5.415528991099808,0.0,NNW,1.615283382265158,Aotizhongxin
1325,2013,4,25,4,107.27864900535153,157.79516980333355,24.097568923831563,59.29659010780703,2113.6063788966226,32.78121732881837,6.938868795836953,1007.7780438066209,-1.2206136809688621,0.0,NNW,2.954998501272203,Aotizhongxin
1326,2013,4,25,5,202.37379541507494,265.8938382762383,21.33301695963907,48.19674128232235,2993.9061886670693,27.16056191779399,4.536432390725682,1004.7431910878825,-2.5108170536264978,0.0,NNW,0.7869559859553008,Aotizhongxin
1327,2013,4,25,6,199.63867905112787,273.41846275378344,18.540106435432193,69.74669279705091,3112.977120689766,42.59770859125845,7.307568204281593,1005.2401587949898,0.43916884826015967,0.0,NNW,1.5084636305412265,Aotizhongxin
1328,2013,4,25,7,198.04010361691343,292.93796935895205,19.799012330272543,66.41337418374717,2916.3856751346534,39.55799406225185,9.215690779939084,1005.4729590204261,1.446579498787101,0.0,NNW,1.3590178006749816,Aotizhongxin
1329,2013,4,25,8,190.20431197041012,280.7640009431528,19.520277196835348,60.76786701702402,2932.319682101277,32.95706953749336,12.944913353766593,1006.8578957779482,2.4485652688462483,0.0,NNW,0.49552175302026,Aotizhongxin
1330,2013,4,25,9,187.83646821245821,272.35745572423093,16.35036296620761,69.37001728334432,2788.2672642199195,47.385115185212186,16.15933226740799,1010.7062569440569,8.344400411087946,0.0,NNW,1.5770519582861942,Aotizhongxin
1331,2013,4,25,10,187.74626810623658,261.0836510091326,14.76223540546712,43.92912784803323,2671.8222544058217,42.96842106314065,15.367789265677033,1011.8978189003136,5.128967241308727,0.0,NNW,1.9584387033213624,Aotizhongxin
1332,2013,4,25,11,85.38588686610147,120.37011580066715,18.398264906941105,45.4022010911095,1720.5826299933299,54.160174167318175,19.991695461250597,1010.3613929849377,9.851213074163802,0.0,NNW,1.128065184846736,Aotizhongxin
1333,2013,4,25,12,76.76754402930501,106.16530358976574,17.535819891126287,38.19993396191691,1621.1244504987017,69.75044054722866,23.375061467934792,1012.3661402202272,13.879831635549952,0.0,NNW,1.0125414349646815,Aotizhongxin
1334,2013,4,25,13,74.96587722362919,116.23462594576924,15.517249183146271,37.593259259777156,1568.869255038759,60.43306519590038,20.878074360653134,1011.6989794397657,14.452791147720763,0.0,NNW,2.0328601447163335,Aotizhongxin
1335,2013,4,25,14,68.32511840551325,86.89674170276744,17.045954282971408,35.53976020205779,1327.1403899842678,60.77588392166257,24.56266960073127,1011.0801831112926,17.380552619253585,0.0,NNW,1.9360067896846955,Aotizhongxin
1336,2013,4,25,15,60.763571085444696,77.01100297078052,9.839146386032459,34.297972566759896,1199.2177849721,76.22632369945026,23.176323338825156,1019.1122106128582,15.660209385649058,0.0,NNW,1.7874044840013357,Aotizhongxin
1337,2013,4,25,16,53.5424017533442,85.06210832304204,15.692685279291197,24.90370429947029,1132.4475950224949,68.01598493275634,23.69690790756638,1011.6851529177351,14.402986636311129,0.0,NNW,0.9870946045680387,Aotizhongxin
1338,2013,4,25,17,49.33551033225278,68.62609991003828,7.467607512892201,18.662637592979486,1025.357291709709,81.37366056371695,19.902702153622105,1013.1579484961162,11.321039078295016,0.0,NNW,1.6843704257530516,Aotizhongxin
1339,2013,4,25,18,46.76057784675993,79.24948254000199,6.961943309894521,38.488055598163555,895.4708337878506,82.19362520686543,24.160168989998017,1020.5928117103193,14.104985230762423,0.0,NNW,1.4669805048057447,Aotizhongxin
1340,2013,4,25,19,48.464467947589824,61.135133056820294,4.890494222106907,44.97460500852718,1006.2897738578505,59.51130441817108,19.46625630889473,1016.8628599407863,13.512708299232877,0.0,NNW,2.068702830206602,Aotizhongxin
1341,2013,4,25,20,52.103776546928174,72.39750356231119,9.332487039597357,28.825785299367432,1146.0317963949299,86.95698673205607,16.377402654971338,1014.0782972047461,11.673289666326776,0.0,NNW,1.552934165864145,Aotizhongxin
1342,2013,4,25,21,56.88351930547856,70.41279717923044,9.953299083578901,24.80362144010211,1170.3783826458346,75.85077186285048,15.492400568185728,1016.9009411681114,8.327298189295416,0.0,NNW,1.9689968432973035,Aotizhongxin
1343,2013,4,25,22,64.84447542006036,90.85589240232017,14.07781184076395,46.80363304833835,1181.6813318866139,,10.848344199943918,1016.046106612092,3.94597551645946,0.0,NNW,0.9513459129535988,Aotizhongxin
1344,2013,4,25,23,76.84248916613008,92.79401546259412,14.437577599348744,28.249562247321848,1530.6230448675856,68.62579592550387,8.294133206678062,1010.6287239352171,0.05569299786100779,0.0,NNW,0.8825225207483449,Aotizhongxin
1345,2013,4,26,0,88.40527706097103,118.89105367580981,11.42107988694259,42.32181340236138,1697.3193945105666,67.35608570315549,10.194425942855116,1010.9343092470608,-0.23475260263243047,0.0,NNW,2.44603199840529,Aotizhongxin
1346,2013,4,26,1,90.23025654024703,111.95982050706465,15.11591651023515,44.60744449128,1733.9149496669236,65.42991140450741,9.052740504645811,1012.4583965018988,-0.21320668129497777,0.0,NNW,2.6122819330302787,Aotizhongxin
1347,2013,4,26,2,187.25000064756358,269.0892332385016,16.385613936736945,45.72371559639609,2614.0396006778196,46.182829172292536,4.452646228685595,1007.866188507259,-4.245430594714664,0.0,NNW,1.685820696139386,Aotizhongxin
1348,2013,4,26,3,97.20048372811709,143.2465706169604,13.207587165047059,56.90194176035679,2109.201939463996,42.314098581697294,6.6010320648742695,1009.028793571295,-1.9768519508948632,0.0,NNW,2.02210890216619,Aotizhongxin
1349,2013,4,26,4,196.50052761239215,257.79811135250554,16.387286837882083,55.40713144229705,2881.7952451331585,22.613932671486722,5.874802403091446,1010.5194973538104,-3.0482880397639796,0.0,NNW,1.6402294436674183,Aotizhongxin
1350,2013,4,26,5,198.5984786799603,291.3767276069501,17.517188239603072,64.4197522389706,2929.78334091851,48.24723179511571,4.21899902459009,1002.3854012054724,-3.7093710125525594,0.0,NNW,2.87778058649576,Aotizhongxin
1351,2013,4,26,6,194.9402517870508,297.8905037660697,24.30087505946284,65.21741734137971,2957.740086249823,33.54302600278445,6.536734347359847,1006.3175033613425,-2.7385192854381764,0.0,NNW,1.8375192261748667,Aotizhongxin
1352,2013,4,26,7,186.71010482540277,261.85421062292727,20.4039812793174,59.347862737605524,2847.8410192028523,25.794548839293476,12.326649698795404,1007.6936428656896,7.578235879724846,0.0,NNW,1.6008994777042034,Aotizhongxin
1353,2013,4,26,8,185.87894306308303,253.81937768606974,21.316633280764695,59.35640122293782,2838.4441374073267,,10.271616999738526,1004.085774209191,0.22355597724414755,0.0,NNW,2.7730390824558273,Aotizhongxin
1354,2013,4,26,9,184.14800502635688,286.0505129469301,14.039627414485102,57.295343880501264,2745.8907512136407,20.52451855069379,18.42149900711229,1007.4052433135623,11.752463323146115,0.0,NNW,1.380735754648899,Aotizhongxin
1355,2013,4,26,10,175.62875998785358,232.6905789999699,21.082643449041974,61.47876848895542,2545.0303008981464,43.20725777126822,16.731147187157536,1011.5889972882836,8.338365121914704,0.0,NNW,2.125293069205278,Aotizhongxin
1356,2013,4,26,11,158.02916217234957,221.44189170998035,,48.988945693536934,2342.201025491736,62.612634284555384,22.371222359439848,1009.2972744769996,15.06541950233262,0.0,NNW,1.1612240085241154,Aotizhongxin
1357,2013,4,26,12,148.079613026264,209.10768096308882,9.004965098566121,51.59761392628878,2206.7745702755674,55.62278148034095,21.61272211990122,1009.0313471282285,14.374894420667658,0.0,NNW,2.531639695953148,Aotizhongxin
1358,2013,4,26,13,141.88225769479857,212.08663697724214,11.589954602739851,44.510122966386824,2033.6263455293115,,24.860109425096113,1015.5557588718372,17.095674270277094,0.0,NNW,2.652335087635594,Aotizhongxin
1359,2013,4,26,14,128.7311827727777,183.82104563315664,13.987296719046533,39.57224557520594,1825.7523380626299,68.33845202887049,26.751807973071713,1015.3890033870608,17.05175185167228,0.0,NNW,0.9690449613399992,Aotizhongxin
1360,2013,4,26,15,123.2514190162979,167.56564766493253,13.397631454681811,41.960632139036846,1800.0378517147335,57.578376884977935,27.084930726521513,1015.3978213229235,18.586871100966373,0.0,NNW,0.8442865664218331,Aotizhongxin
1361,2013,4,26,16,118.42262094166918,156.27982561445728,8.634388789616143,18.72436488634395,1637.5226822888549,88.8054194124413,23.782709966701226,1016.1333433647062,16.03635287500024,0.0,NNW,2.230833362810973,Aotizhongxin
1362,2013,4,26,17,117.74277426493465,161.42166576844716,9.253872479393701,21.896018623761726,1598.193926844917,82.91928523745757,22.3741718879957,1018.8861940736552,14.53382264092188,0.0,NNW,3.552655191382925,Aotizhongxin
1363,2013,4,26,18,117.19887052726332,154.0091451287172,8.207856816864572,39.106390402396556,1529.2925438283603,82.27675390005238,21.949249797238775,1017.5890566500185,12.414551835065735,0.0,NNW,2.7071768579150506,Aotizhongxin
1364,2013,4,26,19,114.32881997506506,160.5386011629379,10.501625009393017,23.622951469504493,1539.2674888024571,81.46145949313629,18.04928056844903,1018.1208534239825,11.986099257011382,0.0,NNW,1.83013215953151,Aotizhongxin
1365,2013,4,26,20,122.11211865686192,165.31500432100182,14.261408575463545,5.158502405064432,1608.9317882648354,81.7914330792568,17.947086714441046,1014.944994229308,6.206726575564525,0.0,NNW,1.3165589806859983,Aotizhongxin
1366,2013,4,26,21,126.24555904269079,161.80340472686956,9.151339622643649,29.23411763108596,1765.9992481431136,84.21204323638436,13.768805021583729,1011.7008238883193,5.393617689936772,0.0,NNW,1.0271027523786012,Aotizhongxin
1367,2013,4,26,22,132.34954432024745,197.84081993209546,15.50246149330524,36.07951624130599,1853.276359357027,71.97936458800753,14.035874209289165,1015.7438274004169,4.653896076510737,0.0,NNW,2.5736594868915317,Aotizhongxin
1368,2013,4,26,23,135.851901130879,185.2159363489402,11.360888557446728,18.88671415849988,1994.4064784525513,52.85411064576492,9.144831375672796,1015.495951068845,1.4180795002115842,0.0,NNW,2.7382192949528275,Aotizhongxin
1369,2013,4,27,0,141.84334347918863,185.89931282111095,12.457118362509348,55.671485119103586,2142.7773129412676,65.75516121544067,5.3155437339144935,1011.5508760646551,-1.159367482078867,0.0,NNW,1.495072483846347,Aotizhongxin
1370,2013,4,27,1,146.06870397615666,202.8135942217439,18.749879080542243,44.466681191125595,2271.168905779989,58.51522078247925,8.441118126409556,1012.4814179420745,-1.6693353903560615,0.0,NNW,1.8026174578317717,Aotizhongxin
1371,2013,4,27,2,152.6123483833873,214.3410033964188,20.26580913402285,57.628504921500124,2567.808190424887,49.5552699821646,5.615793742107113,1008.8295744136461,1.1462015905397802,0.0,NNW,2.0375650704917625,Aotizhongxin
1372,2013,4,27,3,165.6723857395531,214.476672779584,21.089763716220702,57.33428326097845,2574.890834516308,53.0747435399495,5.04370233563011,1008.2830677714303,-2.653524708933097,0.0,NNW,3.450277167089197,Aotizhongxin
1373,2013,4,27,4,164.9523398457644,234.24975245532778,15.382734794267767,52.01369672205644,2632.2433037719557,38.65315166951863,6.982333914528631,1011.1747305578523,-0.44508010032816603,0.0,NNW,2.0521225268344754,Aotizhongxin
1374,2013,4,27,5,161.49510692939634,215.62157401425222,18.431776197229187,55.754451448698006,2713.036023291386,46.965615232665854,7.6471107156028495,1006.5873307611417,-2.51252078741827,0.0,NNW,1.215238516062366,Aotizhongxin
1375,2013,4,27,6,168.40201345069872,252.87310692288605,22.468965776009963,57.51933730857962,2717.457657651831,49.07211021478396,6.786151872118886,1006.2988612148932,-1.2836989103813277,0.0,NNW,1.07468615682749,Aotizhongxin
1376,2013,4,27,7,166.5424935307633,238.39909606383594,19.954254653137024,73.00389179925047,2704.139960694289,41.67498319801812,9.32532759096076,1003.4304118221401,2.7828398232375973,0.0,NNW,1.271020581437593,Aotizhongxin
1377,2013,4,27,8,160.86918990098476,221.2178659602855,16.109048480329804,61.14020257088757,2579.0431330538727,30.870028686609658,10.742376673885786,1009.0500193010398,3.057259032213803,0.0,NNW,3.011217607438052,Aotizhongxin
1378,2013,4,27,9,160.26124997263233,216.91407225851174,19.910487723309064,54.96721149131698,2589.510608225807,41.0144732853119,12.803321917312777,1007.0447833631587,5.013615277903153,0.0,NNW,2.410512319263166,Aotizhongxin
1379,2013,4,27,10,151.62558437808843,211.22614105368757,15.355578223025589,47.523128699278146,2438.217537248915,59.88856034058374,18.45607925339829,1009.7944500220253,10.378289900380707,0.0,NNW,1.723605077329311,Aotizhongxin
1380,2013,4,27,11,151.6941945853518,218.4997798353254,21.677669770689242,59.74558267425943,2301.3215717276507,38.55324521174191,20.588276465062524,1010.075826599622,10.521276327567392,0.0,NNW,0.2,Aotizhongxin
1381,2013,4,27,12,146.64132671763326,205.04291611883457,19.634524387254775,56.713610180188695,2208.8714481650695,56.080463318213916,23.21231162914925,1011.1084145690161,13.136748622554071,0.0,NNW,1.3178942893401018,Aotizhongxin
1382,2013,4,27,13,136.92510973197483,189.52356555339617,15.518197053554097,,1898.9670091281107,63.04082776309558,25.5826622000883,1013.0586362457893,19.336652890049365,0.0,NNW,2.2751755416866093,Aotizhongxin
1383,2013,4,27,14,138.31891393811244,194.23018242153637,16.58302011430932,38.93949871323334,1871.2086414291825,63.84789399646266,25.82097045527919,1014.4182953208812,19.144400514193833,0.0,NNW,2.2817340916026474,Aotizhongxin
1384,2013,4,27,15,129.68285081050266,175.51740182233416,11.658840144437407,33.17650471123475,1746.121134698856,86.40645902885154,26.29518921445789,1017.8876920252033,19.840595973158813,0.0,NNW,2.2747672588036987,Aotizhongxin
1385,2013,4,27,16,127.88367362060316,175.60508380041404,12.966185464202855,17.951989380504017,1618.0451026059022,85.41878580501873,21.542316375632474,1019.3705507323074,12.308086309925544,0.0,NNW,0.9221561686711788,Aotizhongxin
1386,2013,4,27,17,126.08383126709025,155.6594393848763,14.603531754460885,23.714930460530173,1534.8646677501588,77.03756209122179,23.1997761749569,1018.1310593363286,14.96342453320352,0.0,NNW,2.1416011124468435,Aotizhongxin
1387,2013,4,27,18,130.2685712133575,192.11326200722414,10.736496045382939,19.529118373228506,1626.7537714549376,91.05512920235839,23.517932553870455,1019.5431118269418,17.365632832872173,0.0,NNW,1.219271605555213,Aotizhongxin
1388,2013,4,27,19,137.53684121159284,195.5395554994476,9.404809354011807,11.077386602340953,1748.6254035301527,82.56398331054453,18.247686895692176,1018.5379240729388,8.404703908552715,0.0,NNW,2.001512822001757,Aotizhongxin
1389,2013,4,27,20,140.66187048299483,189.19206023585846,5.55600710654646,36.135839277634155,1842.990221921509,72.74868936238754,17.725697525281856,1017.3193552227939,11.420521136611756,0.0,NNW,1.3857805736312128,Aotizhongxin
1390,2013,4,27,21,142.41575767954683,218.36941056491793,11.215065516902781,25.291224805130845,1829.118954801487,70.54848542723502,15.779196660920261,1018.4458197765197,6.899417271984422,0.0,NNW,2.8563455493328975,Aotizhongxin
1391,2013,4,27,22,150.46884968689972,211.52655436558345,14.970269553686933,44.56753525948245,2040.411589376277,76.8605107477594,13.076089789732523,1011.8830507381493,3.7932398390807656,0.0,NNW,2.269957571192734,Aotizhongxin
1392,2013,4,27,23,154.99341685481562,206.6293478769899,16.542805057190282,46.87759030402967,2168.2468187012996,75.86057491278143,10.553194461937453,1011.9251708230141,2.505320012227685,0.0,NNW,1.8854138528825646,Aotizhongxin
1393,2013,4,28,0,170.81153719799778,247.70352629190145,16.51309519715523,49.45374381306735,2427.422706300707,55.13231767045214,8.827301266702888,1010.3581969462878,-0.8482015969648078,0.0,NNW,3.1043021303659426,Aotizhongxin
1394,2013,4,28,1,179.12224987540435,254.75163199065872,14.670197940625883,55.079453476155884,2518.996065526543,58.9739372091271,6.610861804547942,1010.1031289412085,-4.234478587197646,0.0,NNW,1.702005989905187,Aotizhongxin
1395,2013,4,28,2,184.8963923170803,262.80074909875464,11.569535293157228,50.07748894341034,2589.246113777409,63.317541575774825,3.1463494260227973,1010.8718007161685,-4.739606044003767,0.0,NNW,0.8679416010289713,Aotizhongxin
1396,2013,4,28,3,191.84831697613637,264.330087720075,17.049888611918533,74.00493683405627,2821.138540904847,29.733624906633782,5.76043330310524,1006.2342591896937,-1.4381680413226765,0.0,NNW,2.844698828478136,Aotizhongxin
1397,2013,4,28,4,191.22737049595432,272.22327593211634,18.417092405760336,62.665511523313164,2825.539438432924,41.906063633775275,5.767861577939933,1008.6754713747,-0.4092031631037347,0.5704098591175097,NNW,2.201767886945453,Aotizhongxin
1398,2013,4,28,5,190.33792701705062,263.8555149216599,18.890842229875297,66.733970006731,2872.898491198932,44.15841125572737,4.1651232858724345,1005.9962490317462,-2.9244146443703363,0.0,NNW,1.7450582549174158,Aotizhongxin
1399,2013,4,28,6,196.16180786015624,280.1859455206772,21.85566907093377,59.80738933146689,2954.233505678591,34.048501834011695,9.998535004764381,1006.3058718936261,4.94663078201344,0.0,NNW,1.485003773251732,Aotizhongxin
1400,2013,4,28,7,192.51200553294274,250.46736320601343,25.78665836448986,56.86919443956568,2909.519993211712,48.234686451329765,10.80075654962206,1007.5712021954223,4.842369013226785,0.0,NNW,2.4086268345393362,Aotizhongxin
1401,2013,4,28,8,185.3273489270761,255.1195538681146,19.700714624445474,66.13887614616416,2836.106916275174,60.33773528800187,10.341287067508604,1011.0323692592008,3.448405195038527,0.0,NNW,2.65090803547,Aotizhongxin
1402,2013,4,28,9,182.7064012592485,273.01051274102986,17.88533853846335,60.882243591241235,2779.6517383695877,45.75588395419934,13.774162254041775,1007.039771989559,6.477090492075764,0.0,NNW,1.3866280649712999,Aotizhongxin
1403,2013,4,28,10,181.23601444230408,246.0597456652227,16.722334560987722,48.68518107277938,2631.5013363746343,45.16410267722001,16.742112388405936,1009.3398132130131,10.587265663015781,0.0,NNW,2.452272162953328,Aotizhongxin
1404,2013,4,28,11,176.87639903803995,241.58857567832405,16.66724952623575,38.668967151847184,2538.323685675728,63.29935194905654,19.152854841799027,1008.5494543232933,7.833321674806228,0.0,NNW,2.200484880934699,Aotizhongxin
1405,2013,4,28,12,173.0960184281876,237.85481241496288,12.515118718954803,34.84061530137962,2385.508947922026,68.42068860377901,22.510643095093137,1010.5561045673105,13.790557533198712,0.0,NNW,1.3364644447790888,Aotizhongxin
1406,2013,4,28,13,162.3042667208341,215.0779120502813,14.066500450725561,49.39268883467844,2241.681235519587,41.28216657838117,22.19572641125699,1011.1194123556636,11.408004840815925,0.0,NNW,2.003086744025384,Aotizhongxin
1407,2013,4,28,14,149.38159540694238,187.0514258074368,13.852437008995402,30.093969482799434,1985.6231707002232,72.47264443908887,26.351463383573584,1014.9895701759332,19.346109832152734,0.0,NNW,1.5626779354452476,Aotizhongxin
1408,2013,4,28,15,149.17372657916792,206.53735322559893,12.093524284790728,28.146596010862385,1906.6007663699968,73.73167486227254,26.56870517705199,1016.3861514449103,17.45455936093564,0.0,NNW,2.9922705635292868,Aotizhongxin
1409,2013,4,28,16,143.11544854586262,201.7202222050242,12.042498783092151,39.282213994383724,1779.7934044531803,85.61769200975013,25.588234227290066,1017.7042257123699,22.11771394079713,1.9290646808445842,NNW,1.4808661817602595,Aotizhongxin
1410,2013,4,28,17,139.11510380490353,194.2360946414784,11.471613696600265,16.704278982327317,1718.4380729256761,82.2115628542888,23.726616700935164,1015.3223297096326,14.949728003678993,0.0,NNW,3.2070990369036254,Aotizhongxin
1411,2013,4,28,18,143.40565516097183,199.3191316058817,4.684309953260669,19.184041394263545,1708.070834870481,,23.47723908459278,1018.0158861570901,15.636783831916567,0.0,NNW,2.1051291445298896,Aotizhongxin
1412,2013,4,28,19,46.65280040990241,65.74432928236725,12.080981343740866,19.531348845733085,942.7222084564163,75.51601806261588,19.586078415793985,1017.0558292879414,10.982678614512485,0.0,NNW,0.6035895572279131,Aotizhongxin
1413,2013,4,28,20,51.47336417336774,82.29112455822248,8.656828444090447,40.624039773639545,1104.1650211373028,88.99592727885583,16.501457158950394,1016.2146220244196,7.7682103017345785,0.0,NNW,0.261505115881701,Aotizhongxin
1414,2013,4,28,21,64.90093223090881,88.95684326398016,8.176948605055388,46.804932380928356,1182.2046612134213,94.228091744351,16.785164468429613,1013.0526882509173,6.915381642682665,0.0,NNW,1.8331142850472772,Aotizhongxin
1415,2013,4,28,22,68.54006274498464,90.21526207210579,9.18664451643501,41.01250580321736,1332.3645974749816,64.02328050784966,12.888123684503308,1014.8065069986362,2.9678995695918453,0.0,NNW,3.066900949686671,Aotizhongxin
1416,2013,4,28,23,79.48685190423394,108.47033781704666,15.00652960590498,46.090696891183484,1583.1343365064126,52.499925896093316,8.973913539127917,1013.664008465335,-2.295325964281561,0.0,NNW,2.9844958755506488,Aotizhongxin
1417,2013,4,29,0,87.47947575689793,128.26473365722484,14.33227521832544,40.35715997717815,1682.200766305003,60.20003219827464,7.302318637572156,1012.2034568890845,0.12051209177731304,0.0,NNW,2.133050462874871,Aotizhongxin
1418,2013,4,29,1,96.31841622542659,148.9660515010297,11.248188873556371,65.75500879728467,1915.5119705286995,53.24296726208434,5.235103986507711,1011.5060062890418,-3.401866163284261,0.0,NNW,1.4103451445877973,Aotizhongxin
1419,2013,4,29,2,109.66771857800109,147.25336861750972,18.934113445576852,57.1415700348693,2047.7894625876665,59.209327861203604,8.374004025352225,1010.8891913181388,3.274446364416194,0.0,NNW,1.666161004960515,Aotizhongxin
1420,2013,4,29,3,117.912265038756,166.06650892454724,14.216709513536255,65.96701773932887,2173.5826524671575,30.03038094655099,5.006147656175787,1006.2684194761518,-4.860062619925082,0.0,NNW,2.165879955103941,Aotizhongxin
1421,2013,4,29,4,124.83300803289126,178.14978566540736,19.749591094476823,61.47630856552114,2265.3329330318643,32.96981315514806,5.57739870398982,1007.2364808082211,-0.2081295157777623,0.0,NNW,2.869845186904634,Aotizhongxin
1422,2013,4,29,5,132.12005005726934,175.04229001288883,20.545125908464502,62.17425582716048,2508.966934437415,,7.421574533948525,1008.2019060716831,1.7799635369758064,0.0,NNW,2.4553598213309904,Aotizhongxin
1423,2013,4,29,6,131.68246435042576,184.55962176272524,22.656731245085133,78.30433807676894,2396.6161557216856,48.74983636211823,6.1058907142240155,1006.46321035825,0.02145546397473752,0.0,NNW,2.7746276529578577,Aotizhongxin
1424,2013,4,29,7,127.30340046974179,163.56802208421755,25.174683490845894,68.63630596368782,2442.1568637798164,38.35730062600693,11.644820899429334,1009.0892179826783,3.99701686512761,0.0,NNW,2.5149397257536323,Aotizhongxin
1425,2013,4,29,8,120.12715101851876,150.48750838853226,15.236098041220568,73.93151176425184,2257.4300183222567,33.715035765581064,11.500040352793013,1007.8502299744629,2.9927317649639105,0.0,NNW,2.7511079255578648,Aotizhongxin
1426,2013,4,29,9,107.494165983078,154.15929645523175,18.37811233774359,61.184760997691306,2208.6652362362343,29.09961568442455,17.745024429172723,1004.5546208118201,11.65912597457865,0.0,NNW,0.2,Aotizhongxin
1427,2013,4,29,10,109.50579106724285,,16.670994114867348,48.21306770861528,2186.385464768698,35.19523941822749,17.119202356003317,1011.1788578383954,7.932007641746794,0.0,NNW,1.2859537590358885,Aotizhongxin
1428,2013,4,29,11,97.85752895743174,139.0233446166166,17.595344283395495,45.50963743902251,1802.0613467159458,57.67219287035089,21.55646002214478,1010.4716983207768,13.962521415313361,0.0,NNW,1.1161497696246463,Aotizhongxin
1429,2013,4,29,12,89.20794311001302,124.71217058393471,15.647006312800857,45.82372193971688,1659.4257231721635,48.9257495439929,18.325870636186846,1008.4605783337495,10.260248717153654,0.0,NNW,1.0401145809909322,Aotizhongxin
1430,2013,4,29,13,80.33611855738171,102.70656549369642,12.648266046277536,34.81161736960297,1577.8179236082067,67.51053035904872,21.89755442371543,1012.789515504939,12.560429129671402,1.0642098768851174,NNW,2.0044561550832216,Aotizhongxin
1431,2013,4,29,14,74.33031670169373,103.60990036272784,11.177293434167435,26.140308730978482,1420.2946797818406,92.92944861135031,24.218847524394242,1011.9632712427708,16.635917982820697,0.9674532471347201,NNW,0.8421764722236722,Aotizhongxin
1432,2013,4,29,15,71.3800621162545,87.60107391260775,8.11511352851512,40.469200630565254,1327.0438771934266,74.20179330021547,21.953825502812663,1017.0417964771211,15.066582880202182,0.0,NNW,1.244986974239869,Aotizhongxin
1433,2013,4,29,16,70.05439739175674,111.98587992847342,13.633457728297335,23.320531357723134,1185.3372401000597,72.03619065486717,25.560584936152786,1016.2584450586298,16.164342621994322,0.0,NNW,1.9210355881485217,Aotizhongxin
1434,2013,4,29,17,64.7250749623421,77.0554014986793,11.547983413353247,26.7870254565492,1230.8069772342778,87.96821771175433,24.129691225998762,1014.9821384018418,16.819871506672538,0.0,NNW,0.7171129696191039,Aotizhongxin
1435,2013,4,29,18,63.0343628958685,86.29025534453008,12.753304593385412,27.369068719084837,1110.1773765014368,72.74208259218273,20.58482633707566,1018.6216961139257,9.24128405597594,0.0,NNW,1.6110655180665188,Aotizhongxin
1436,2013,4,29,19,65.18690790914964,80.83895519233701,9.239182459128116,20.97625847165408,1074.2768039153937,101.34799096052075,19.97606205520325,1017.7466804634379,10.4023290436129,0.0,NNW,2.511074418203371,Aotizhongxin
1437,2013,4,29,20,67.18915607955435,99.76903024498404,8.699366574994515,39.28588765478114,1178.4456621205122,95.6868317798943,18.797906295909897,1015.8585975448715,10.111887711592964,2.580411013079802,NNW,1.0196659902086513,Aotizhongxin
1438,2013,4,29,21,78.38609706157106,106.42622217338445,8.22952089417958,21.920730286632143,1284.067719206508,76.03595334012725,11.84542572469504,1013.04433902686,4.3814315801442145,0.0,NNW,2.6370390089773434,Aotizhongxin
1439,2013,4,29,22,86.56320030372048,116.00181322899657,13.576752751221976,37.09300210864616,1572.052670357469,63.52706818575781,10.501576024622807,1012.8150524129268,3.805548149073889,0.0,NNW,1.355061114894701,Aotizhongxin
1440,2013,4,29,23,96.7381400948441,143.96541158329728,10.586525100902687,41.79256074896224,1637.3609395777382,62.21277739980944,9.497367551164988,1011.5791794061005,1.6216018879107443,0.0,NNW,2.2173193893802323,Aotizhongxin
1441,2013,4,30,0,107.1542365225894,150.31023704840067,20.54598920689965,44.565963177086815,1881.8580664179462,57.043343879145716,7.964517628083238,1013.4929944065287,0.8144112298182331,0.0,NNW,1.115037352748245,Aotizhongxin
1442,2013,4,30,1,119.61270330560633,172.62422908720853,12.37116748223228,39.80107999587455,2036.8955872367499,57.36519518950763,6.251828829753298,1007.344110203199,-1.9890440251508394,0.0,NNW,2.362687782243781,Aotizhongxin
1443,2013,4,30,2,127.57221818734553,168.78784609710908,18.320980357637506,61.96654041490771,2189.8083800106388,57.896323293011164,6.674683915262883,1009.4055303668738,-0.7181938703746692,0.0,NNW,1.7571337727599512,Aotizhongxin
1444,2013,4,30,3,128.59809383111858,165.98916192429093,23.236098027574094,65.09022098640773,2216.114754059515,31.95720416275041,5.7158168684830954,1007.963897312523,-1.7563195315738418,0.0,NNW,2.372957563764459,Aotizhongxin
1445,2013,4,30,4,134.96440431606587,190.02224566289354,21.12739629671362,56.91595984695904,2456.0341261918306,48.45846055881648,6.385693997965906,1009.7409510166286,-2.3778369404854773,0.0,NNW,1.5638402570446925,Aotizhongxin
1446,2013,4,30,5,135.35598941603746,186.30992162750513,20.356650268920678,69.97841418342426,2534.1773084753863,42.028710470886274,4.2549323629490665,1007.6358439839053,-4.278137451871841,0.0,NNW,2.4448496188918543,Aotizhongxin
1447,2013,4,30,6,134.26374790036635,194.23359378505234,17.094549059114314,67.99926149040621,2428.3116041346734,29.922105091933936,8.146167970333595,1008.0704205702873,1.0463587288604228,0.0,NNW,2.677519777051334,Aotizhongxin
1448,2013,4,30,7,135.58697876405876,189.02268574305674,15.684321565742229,54.073619362892494,2393.8047048781636,24.98473538600319,9.539286236143084,1006.1196508610946,4.257417949105186,0.0,NNW,2.0957800229246546,Aotizhongxin
1449,2013,4,30,8,137.54309837465442,194.6110911168625,21.640277345674953,55.48907675911792,2486.920750647903,39.51169207831471,14.604917371477944,1005.2078766060673,8.415145243441923,0.0,NNW,1.6163666078795316,Aotizhongxin
1450,2013,4,30,9,132.86062600366193,169.77105110571426,23.053975628257575,68.24838718284758,2263.415653048602,31.72644563331547,15.26159345606685,1007.8135141423143,5.567919371890749,0.0,NNW,1.813044177580624,Aotizhongxin
1451,2013,4,30,10,127.88275461846138,197.92022586198848,16.183450028565485,57.475329481136406,2284.0386837451038,57.73680849162606,16.58460954895116,1011.0543247718529,6.896236940112295,0.0,NNW,0.988588180173529,Aotizhongxin
1452,2013,4,30,11,127.45618575007795,176.7962401997888,12.876910702663553,45.66195733556541,2077.957347893901,42.29069615111493,21.27875191393256,1012.255686036791,12.475304890780164,0.0,NNW,2.1623347670461968,Aotizhongxin
1453,2013,4,30,12,120.65462711495661,175.89234766433123,7.6254917083529445,38.132192870618866,1910.0723797784215,65.47706193163144,22.916014505662446,1011.1388248577686,15.064396512478837,0.0,NNW,2.498370620056818,Aotizhongxin
1454,2013,4,30,13,123.29678821860254,164.25458680384727,10.763610243499782,35.70046871302621,1895.2698087643766,65.6643124794122,22.427851528883664,1011.5726076162155,14.500235914345144,0.0,NNW,3.2530152355965605,Aotizhongxin
1455,2013,4,30,14,118.32339815420437,168.7328564380595,12.159029472502882,31.44416376097837,1694.680220983063,66.89375115624799,24.13652370873692,1012.3866417501856,17.996944124129442,0.0,NNW,3.046648451568423,Aotizhongxin
1456,2013,4,30,15,105.06714368198469,134.0655535195311,16.261835816577467,24.090160115235044,1522.338882916598,76.64935446647077,24.50283031058746,1015.2622807004797,18.445500269357623,0.0,NNW,1.2181437239066084,Aotizhongxin
1457,2013,4,30,16,,149.1588104664492,12.689274057776712,13.74537902524481,1497.7925470275036,92.45046679095299,26.500449901309988,1016.6032293623608,18.508948277933253,0.0,NNW,2.1696859780208646,Aotizhongxin
1458,2013,4,30,17,101.8405723528583,139.0170604501433,11.085627082674918,,1306.8986314489068,72.22557156728881,23.965116848662053,1019.7760121573968,15.623571984120742,0.0,NNW,1.8936109197948994,Aotizhongxin
1459,2013,4,30,18,105.97735815786132,148.6602064603615,8.799641016096608,32.765069380891546,1529.9398275593067,80.87843444808183,23.161241529705734,1017.2466615152377,15.936361178137133,0.0,NNW,2.9743969780463066,Aotizhongxin
1460,2013,4,30,19,109.69230877426911,160.5489725852777,8.420873716786788,15.495439859763755,1493.3501463018126,76.63071001035483,19.260092418304875,1018.0571611190596,12.854894398382141,0.0,NNW,1.4326618715529986,Aotizhongxin
1461,2013,4,30,20,112.1354975134729,144.66429340665925,14.886815773601699,28.76998228882057,,81.26446375912381,18.090390887734372,1014.7691910431138,10.919046102700694,0.0,NNW,2.702464776900981,Aotizhongxin
1462,2013,4,30,21,112.00586324625215,149.96329123862503,12.06668171634243,23.63995875455091,1562.341925031056,70.83086060453715,16.95504135439449,1015.618935915791,8.307722649308426,0.0,NNW,1.2103741075001722,Aotizhongxin
1463,2013,4,30,22,117.38297365270448,168.90940592465392,6.1921979242369325,32.90746221418771,1788.6461081346756,54.81918757613387,11.870194401098821,1014.7801569110737,2.951813608537837,0.0,NNW,1.915214996882813,Aotizhongxin
1464,2013,4,30,23,121.21632048279163,,11.685285830795664,37.065486458960315,1896.2555925750296,55.91910065823942,10.172732205756668,1013.0130341698239,0.5068266280580818,0.0,NNW,1.2923909432044463,Aotizhongxin
1465,2013,5,1,0,126.65879803664839,175.94149390469292,12.425351904685119,41.57732627425702,2082.6094171574478,76.37755018538112,5.883972803778113,1011.9563624062602,-1.8257969248290076,0.7906154576481861,NNW,0.42796738122320743,Aotizhongxin
1466,2013,5,1,1,136.77768300740644,197.4001173896083,14.655303197980208,66.1999575746607,2163.611939860048,55.99680598529971,5.191408827290571,1010.9583417097276,-1.873911025229898,0.0,NNW,1.2764662167342276,Aotizhongxin
1467,2013,5,1,2,150.69272967173646,209.90010684184625,19.188731980855255,51.47739452259048,2420.3710292314317,49.62362053808077,4.839077399112583,1010.4620736261886,-2.058654811193232,0.0,NNW,1.7939900794947146,Aotizhongxin
1468,2013,5,1,3,158.48461922662483,241.30092286483773,18.213199260549988,52.67602502319555,2572.0480618768015,39.49620657024993,3.4087410365724184,1010.8027021808948,-2.863618408795234,0.0,NNW,3.140935445093304,Aotizhongxin
1469,2013,5,1,4,158.46864565642085,204.3838872493366,19.099530797911203,56.21985663971239,2648.9227017777544,37.833110664297344,7.323702253392087,1003.1387773977983,1.5441666543849855,0.0,NNW,1.1301186337945923,Aotizhongxin
1470,2013,5,1,5,163.2440690044403,229.48790705290997,23.77004861542105,72.6687321769954,2748.686938722753,31.553735114459492,5.0827354317933455,1009.397845896832,-4.979713039722659,0.0,NNW,1.5154160152453104,Aotizhongxin
1471,2013,5,1,6,169.05282016235088,220.4185078916706,17.910616730639934,51.78318134645652,2716.5593660065897,40.26928531041065,9.109130076310393,1003.578383767364,1.7162737264573844,0.0,NNW,0.847720708013781,Aotizhongxin
1472,2013,5,1,7,165.59146333374537,206.76233296187633,25.42222770910739,58.217533194297204,2705.393523797566,36.859942885367026,10.280254356297215,1007.7878965106281,2.9391435903682286,0.0,NNW,2.9242232826582297,Aotizhongxin
1473,2013,5,1,8,162.0583819919148,229.8563553198589,17.316204244808937,73.89509079658104,2612.3697301700868,26.636682803802877,12.458087471740487,1012.3811309192547,4.347167859113484,0.0,NNW,1.6316303435617787,Aotizhongxin
1474,2013,5,1,9,157.3495760928949,221.68438449152742,18.80312849577045,61.09402512771212,2539.0087275499595,44.85957550137824,17.229245467447736,1008.3793855172157,7.986728612531319,0.0,NNW,1.729306664793015,Aotizhongxin
1475,2013,5,1,10,147.99677940496952,204.3471217895353,16.656389213791698,56.53537604028891,2418.895874342905,22.912580767284496,14.197290005633835,1009.8600382788293,8.364234757738991,0.0,NNW,1.7218123488800934,Aotizhongxin
1476,2013,5,1,11,143.3544724934206,199.63432059039127,16.66435262601549,67.23355258320004,2167.661622975338,57.66811586921483,19.705692654765343,1010.0853853466465,10.82279188819419,0.0,NNW,0.4395431142958375,Aotizhongxin
1477,2013,5,1,12,135.10610854591386,220.13154630499196,16.333775985219386,46.97078362358799,2136.317446840275,45.906431431634786,20.45049730701731,1013.3345246945298,9.161644017867904,0.0,NNW,0.8267154914708941,Aotizhongxin
1478,2013,5,1,13,129.01966696846637,178.04578237553858,15.007410494754025,34.158129807072925,1871.6706114935353,65.50992526586226,20.718123424144828,1014.0185123307921,12.74823185181018,0.0,NNW,1.2385742299082538,Aotizhongxin
1479,2013,5,1,14,118.23426961033357,170.62922106696774,10.240648008138262,32.743383544989214,1730.505640897807,60.55372396803811,22.867160662254143,1013.1479055104419,14.510365161925504,0.0,NNW,2.4928133753715693,Aotizhongxin
1480,2013,5,1,15,110.2712329734435,147.88607796668208,8.095722061724551,21.774405904024505,1661.5242475612356,77.70590152499464,25.025856302504607,1015.3068277955631,19.812402211724812,0.0,NNW,0.2,Aotizhongxin
1481,2013,5,1,16,108.39319972681784,154.702805367951,18.17938835379494,37.726988244436804,1537.1359221999376,87.43342028737318,23.571237569081013,1014.0932540113678,16.305778500371638,0.0,NNW,2.43304538597069,Aotizhongxin
1482,2013,5,1,17,103.90485444331186,143.08445947008045,8.718417849753,30.277977214512358,1461.8450024440508,99.17641650972251,25.00517442258211,1016.5917462889807,16.547280302335263,0.0,NNW,2.2744787496541456,Aotizhongxin
1483,2013,5,1,18,109.79048463691754,149.60149366438725,12.097637316015959,33.99531319976711,1419.2925748305847,69.58642344988522,21.75029903995348,1016.1612556261665,13.455016404363867,0.0,NNW,0.5480883083700694,Aotizhongxin
1484,2013,5,1,19,109.2141651057871,171.08881647010517,5.347446936985067,35.3853549026136,1435.1386935394776,93.90287521393806,19.512892467918586,1017.1027110346267,11.20028720616196,0.0,NNW,1.746422313797662,Aotizhongxin
1485,2013,5,1,20,113.10991668393353,170.12573298935033,9.831034821363776,24.365805676890968,1605.5319917911388,82.96216214838567,17.10776902526607,1014.9102992246384,12.433469087111146,0.0,NNW,2.9310883555315552,Aotizhongxin
1486,2013,5,1,21,121.60783868936261,171.61844063909993,11.082867942119933,23.299841560197926,1660.5628197660624,73.17099800141744,14.852258390805693,1015.1066705257604,7.865484193012459,0.0,NNW,1.1435829563407047,Aotizhongxin
1487,2013,5,1,22,122.14757919322692,147.964491511078,13.918445209783496,34.58629510953563,1752.4350398808226,80.09856505059462,11.784091746560662,1014.5175455503763,1.6733514881496463,0.0,NNW,1.5584186448890083,Aotizhongxin
1488,2013,5,1,23,122.33977259222819,167.66558939659376,5.538542351511575,32.84153053164126,1923.3881252495526,64.11122761671098,8.723119453653759,1013.4509306214259,0.35645953150228094,0.0,NNW,4.208844773214064,Aotizhongxin
1489,2013,5,2,0,124.00171868702347,200.6326818058837,15.498421839234991,46.319655003272196,1939.5180722277114,67.17530516400679,9.412709514098578,1012.5485674314117,1.3772608420978156,0.0,NNW,2.260718300244888,Aotizhongxin
1490,2013,5,2,1,136.81662645380783,189.23666036893388,12.844870859408925,59.233155948727926,2211.522386315784,43.606826741157036,5.403603386572194,1010.3575694439254,-4.257748918624209,0.0,NNW,1.7936048392650246,Aotizhongxin
1491,2013,5,2,2,141.8446225171624,209.61464724456394,18.47303713358477,53.65488283160666,2336.9023464456836,41.17002967703708,4.7654518125900385,1007.9266126821366,-5.9089813732805965,0.0,NNW,1.6183531028439142,Aotizhongxin
1492,2013,5,2,3,158.29062309543184,236.0262963531306,15.42654631541825,60.34209634299286,2549.033410944912,51.758330998282304,5.6441076201354665,1008.6286126393663,-1.4625473071842667,0.0,NNW,2.2984476973533754,Aotizhongxin
1493,2013,5,2,4,160.80119137873902,227.31130708879436,16.763678931145446,61.56974314590184,2606.8979109498127,53.20337014109326,5.818853606345196,1007.3121573298863,-3.3880958872616596,0.0,NNW,2.5479266265777327,Aotizhongxin
1494,2013,5,2,5,164.53640926666606,221.93275665465094,19.008746300265535,70.74033710528295,2673.6688455757894,35.5015353512448,4.99958886863654,1009.219662152769,-1.1272537035234875,3.558129605878801,NNW,0.2753907902635364,Aotizhongxin
1495,2013,5,2,6,171.7270742882655,216.06478068574282,16.843011591190415,59.65774084569368,2719.8983861163806,7.127110746442199,9.061405104300643,1009.3014830018208,1.0736967532123949,0.0,NNW,0.21285155336803419,Aotizhongxin
1496,2013,5,2,7,178.729220629574,257.06254096749313,18.403025791239276,46.74694643263657,2840.3373468542845,33.861361516688746,10.806505509757606,1004.4262099976806,2.095102279365003,0.0,NNW,1.20156226148627,Aotizhongxin
1497,2013,5,2,8,183.97822226098071,249.4219511371375,15.74999971329225,66.08745895069183,2784.8284800257848,38.67362608361333,12.678771800255674,1008.9041820779133,1.0536713250372811,0.0,NNW,1.87692528252267,Aotizhongxin
1498,2013,5,2,9,184.04412850541655,259.42328442646004,13.036022550836556,67.0448109941949,2803.632971576314,39.99459670340459,14.353024724127762,1010.0999544162471,8.18650149856966,0.0,NNW,2.060455411486937,Aotizhongxin
1499,2013,5,2,10,181.92717517306596,242.19984184639867,20.55387115728808,58.570993958068286,2644.189649304995,50.86338561665531,16.978094415243092,1006.8083374082718,9.418384664211045,0.0,NNW,0.6372331570628835,Aotizhongxin
1500,2013,5,2,11,177.06185432294632,245.2342206474228,12.405949147040822,45.054536938306306,2467.0999281535273,48.76042459646376,19.697304345497585,1011.8648504123129,11.025012267271542,0.0,NNW,1.8361730770275417,Aotizhongxin
1501,2013,5,2,12,172.41072727453724,241.71220873336264,14.46395733717605,35.91990321451145,2367.395124088877,68.38870860678027,20.223319900173827,1013.7919098355326,10.887882818803524,0.0,NNW,1.9425288808781096,Aotizhongxin
1502,2013,5,2,13,162.4414130561475,230.10391408904945,15.96457801896875,43.77959935219215,2175.460826451348,54.8033434002526,23.60135136494895,1011.3948019497554,17.999988178495833,0.0,NNW,1.3201220719976883,Aotizhongxin
1503,2013,5,2,14,151.93318887553386,201.55824255222325,10.655167692451872,36.131831623477396,2065.9206815906737,84.86848707354142,25.99741132356118,1014.0273167537579,16.401081772551898,0.0,NNW,1.5724077164889692,Aotizhongxin
1504,2013,5,2,15,145.7064876102936,215.9581921420246,8.98896839483065,29.851523355002417,1864.3591789451534,93.1784577692746,26.314556784751034,1015.9081737775732,17.761585597297056,0.0,NNW,1.418799319811993,Aotizhongxin
1505,2013,5,2,16,140.25819044225716,190.3925187718403,11.348587247080072,42.259198668261554,1761.8448429642656,72.52003771400788,24.087980605976,1017.4710431391208,16.942598259061594,0.0,NNW,2.3714402451375127,Aotizhongxin
1506,2013,5,2,17,135.44826556980917,172.8828771932004,13.524172336736115,18.10708272076798,1767.793129317468,75.01214740119607,25.256378946932692,1014.8527503105502,19.432528906967754,0.0,NNW,2.005495619288649,Aotizhongxin
1507,2013,5,2,18,137.21159014830806,191.00599200799664,6.492054204740594,39.20029616901972,1723.106087259632,89.10695313777528,24.929924643659643,1019.3140133956313,16.60544508310297,0.0,NNW,1.0861730646998087,Aotizhongxin
1508,2013,5,2,19,142.05503619391806,199.2208037617499,9.71992737250234,25.93575471318375,1833.2052598358919,72.27594155979781,19.52568869710576,1012.7709328713141,10.423463235756946,0.0,NNW,2.7640373992198617,Aotizhongxin
1509,2013,5,2,20,145.40567641422433,205.17384131163163,5.4723891961758255,12.994928109344231,1879.7875000032145,76.72460638358775,18.62546251067346,1018.9776181167732,10.465353697840484,0.0,NNW,0.9061658961255974,Aotizhongxin
1510,2013,5,2,21,56.08335541638212,92.13802161978576,10.284863083020692,29.42424314171592,1121.4660014382953,88.70293909422384,11.605785055963814,1016.6360688415126,4.9624910503998185,0.0,NNW,0.6296730604812639,Aotizhongxin
1511,2013,5,2,22,157.72980239544455,218.45723498626376,12.602614053614225,42.67596861279552,2111.335961883561,79.87606764476965,10.524589456701806,1013.2564569777144,4.21868178459661,1.1962242690194045,NNW,1.8038794307774113,Aotizhongxin
1512,2013,5,2,23,,228.6706342436623,11.142030849222195,36.9031788355098,2286.2622922047212,86.27243954445893,10.136681544000284,1015.0229069109267,0.07394282043221212,0.0,NNW,1.7998242965229918,Aotizhongxin
1513,2013,5,3,0,169.08787527591448,225.6911815739493,13.629024498524306,33.20177167009284,2429.3436588234867,61.70784147600208,6.418832594356942,1009.9044019127957,-1.408757225077543,0.0,NNW,2.0582296177268273,Aotizhongxin
1514,2013,5,3,1,169.38630016069783,245.3463552538559,,48.86026464768105,2508.022818505425,47.421143849655124,9.398549029239286,1010.9357768832751,-0.7528490842028126,0.0,NNW,1.054943192722705,Aotizhongxin
1515,2013,5,3,2,176.2910060642514,248.65049913073298,17.73123583414448,48.14262100886636,2658.70419825947,48.012435116530206,6.237561268054147,1009.9770097476172,-0.436112975479944,0.0,NNW,2.714464372253121,Aotizhongxin
1516,2013,5,3,3,182.0172194663147,250.62382997989894,21.702616652582186,63.07665083243465,2723.847416021359,40.816447076249965,6.448747470287196,1008.9367357219853,-0.9176766788380749,0.0,NNW,3.3717902775048234,Aotizhongxin
1517,2013,5,3,4,192.83857711721998,250.92726102945332,16.0386954096108,68.50770660422967,,36.983793813357686,5.297202127868436,1005.9904378668471,-4.084576318557658,0.0,NNW,1.9826812943049705,Aotizhongxin
1518,2013,5,3,5,198.35883653057795,292.14649309336,17.961613831788192,55.868353263796514,2955.630156815378,35.61381726181597,4.834933932360136,1006.1782165238395,-0.8638477125631181,0.0,NNW,2.2528083285491816,Aotizhongxin
1519,2013,5,3,6,195.28431444458909,261.1212405778641,21.507638739362545,59.353567559074804,2879.0350654850745,25.682332911537635,7.150716764872204,1007.2534897323017,-0.34676301511671503,0.0,NNW,0.30788719500119366,Aotizhongxin
1520,2013,5,3,7,201.67845949859787,276.43706320433995,23.465901289413548,70.37165624663686,3066.9377722754957,38.674031892479725,10.381570719439539,1005.7168833826215,2.719359440139482,0.0,NNW,1.652088041322048,Aotizhongxin
1521,2013,5,3,8,103.5655816055604,148.57525935854457,14.850557582295401,55.4497538492971,2160.770166387373,24.26273222780312,11.454936541361276,1008.212778569631,3.1862693178423367,0.0,NNW,1.443202804081618,Aotizhongxin
1522,2013,5,3,9,101.12641374149814,129.6113999519305,18.02917969368489,50.48487053710699,2156.420558859852,35.15406439125517,16.006787987590798,1007.2362141576141,7.994731086088812,0.0,NNW,1.3135162460829126,Aotizhongxin
1523,2013,5,3,10,94.00727391050236,116.67508569217186,18.349392466958577,45.570470945629964,1890.483212422939,46.31121236860183,18.655312904832165,1011.5000000521545,10.083089152697983,0.0,NNW,1.4739993468301429,Aotizhongxin
1524,2013,5,3,11,82.93408831668405,94.86824781635102,15.987926053626062,52.99268980571538,1821.1315706245916,30.93399074588106,20.00747195590938,1013.8312746756293,10.895659211585,0.0,NNW,1.5538279155387342,Aotizhongxin
1525,2013,5,3,12,173.68068985932422,250.36293533211025,7.569623799368738,47.47326175613971,2364.701485965628,67.68991536344917,19.332615181339975,1011.4050716506855,13.176311062748065,0.0,NNW,0.8360536280327404,Aotizhongxin
1526,2013,5,3,13,70.27111298506536,92.92769573182827,15.209174802413711,34.35125085491725,1394.422815424056,45.93893102908797,26.232431438343326,1015.1346127474528,17.493317553844804,0.0,NNW,1.6101856287111787,Aotizhongxin
1527,2013,5,3,14,70.5740295618794,128.07634231136444,17.058009053271935,35.04068316902588,1445.948139103023,79.19587690898179,24.340248977856405,1014.0753909168468,15.550636921258821,0.0,NNW,1.1666548538363282,Aotizhongxin
1528,2013,5,3,15,70.53380023937173,88.80376967881169,11.814451347575774,43.0749234495101,1336.7932729073939,64.74957663038205,29.063914972706556,1013.6626715124501,20.869973837483233,0.0,NNW,2.6306666821153364,Aotizhongxin
1529,2013,5,3,16,63.81084387428991,80.12067118971666,7.5765548211950176,19.887010668965456,1174.666210489833,77.60144818757597,25.638061807418975,1015.4786915378119,19.774833528701187,0.0,NNW,2.264263759267398,Aotizhongxin
1530,2013,5,3,17,56.33536146599498,73.21557634953895,8.63098912946181,10.067542602135038,1066.0094554690809,89.339452126721,23.345321422746302,1017.0007686129578,17.04207026329227,0.0,NNW,2.2653600106377905,Aotizhongxin
1531,2013,5,3,18,55.87668124231186,80.6587002906215,15.309739202966778,28.640604605762963,1068.9889508794508,106.98139519479483,22.742800626612482,1013.4260846711459,14.15052807226125,0.0,NNW,2.781429109273482,Aotizhongxin
1532,2013,5,3,19,49.82514899138839,65.05317520009064,12.900258491136334,24.798274163005924,1021.9622903113503,85.3126654343002,16.97107172438208,1018.0809426543364,10.811249862720098,0.27423996084668056,NNW,1.3389766970283254,Aotizhongxin
1533,2013,5,3,20,54.11483252326639,81.88408767259806,12.589952836230795,21.99929122979042,1046.894700963782,61.82437181261588,19.127404055879158,1016.5021687167949,11.289584311521665,0.0,NNW,2.215831219128961,Aotizhongxin
1534,2013,5,3,21,,71.82288929852524,12.53370384467039,36.074506275108305,1162.8905208842023,87.21462085602143,18.850411856294215,1017.5366218208711,9.585273954282162,0.0,NNW,2.8561758282140883,Aotizhongxin
1535,2013,5,3,22,62.64103828413185,73.88153641314878,10.51658866342708,41.71380115735031,1399.1641978749897,70.18081595140983,9.277959338209724,1015.7162751075427,0.5637653162046147,0.0,NNW,1.2830711553407048,Aotizhongxin
1536,2013,5,3,23,163.49765466198903,210.91456913269354,13.104191232520087,22.157394938908826,2338.061456386304,67.16954267215128,9.568886485261443,1013.5339918598404,3.628767289187034,0.0,NNW,0.37666299620165766,Aotizhongxin
1537,2013,5,4,0,173.31662644134354,220.40753533850898,14.766231792964453,39.77921672534809,2464.6664367922826,65.57863029887615,7.7709250039472355,1011.2883301293011,2.895192899300905,0.0,NNW,1.4474459446260877,Aotizhongxin
1538,2013,5,4,1,178.9503944357715,245.3498620153295,17.942818173705934,68.71651075162525,2559.0419705353115,31.27574430337984,7.652588905900209,1013.7516282178934,0.13231404403001246,0.0,NNW,2.765216661254839,Aotizhongxin
1539,2013,5,4,2,181.50615573985476,251.09881491186442,22.02675668280071,59.66723932638553,2635.1617942837415,47.56536847735196,8.499705248357621,1013.839745373672,-0.35010049416690703,0.0,NNW,1.2375442323403525,Aotizhongxin
1540,2013,5,4,3,176.2303103223246,240.40806417642258,21.89054831631212,64.55096473010815,2652.775900358368,38.22539157080936,5.574323183893347,1007.7861672839476,-2.6130530176175726,0.0,NNW,1.6279206374864637,Aotizhongxin
1541,2013,5,4,4,180.8878093800588,265.6769911039539,15.07197395153407,71.7036623047406,2756.8985160327356,,8.553429473432608,1009.7544599284829,-0.5902367994757727,0.0,NNW,1.3762439429757598,Aotizhongxin
1542,2013,5,4,5,190.97382844187666,279.6436619147087,20.501614038148485,64.45506712737917,2886.4975751163024,43.12299197616072,6.5953946774826075,1005.756871550624,-2.3297503909022668,0.0,NNW,1.847717099285302,Aotizhongxin
1543,2013,5,4,6,198.6410905113961,274.7494968415095,22.21029003550369,71.37347328073297,3096.6869261624574,18.729980772184526,8.606067916328868,1005.8246280926219,-0.46650378036636053,0.0,NNW,1.161198165775041,Aotizhongxin
1544,2013,5,4,7,195.79048027372306,256.1674612512926,21.686210121879245,70.06301287647898,3043.0082875245416,48.47811286626378,10.492353349240382,1006.3978809655576,2.3733377279923964,0.0,NNW,0.8135005955071968,Aotizhongxin
1545,2013,5,4,8,190.38461935713707,260.8714160194413,17.442425728759936,66.63284004971085,2906.801035867642,42.84461578699114,14.242259223482423,1009.0392383562905,6.423280778169313,0.0,NNW,1.647322476639746,Aotizhongxin
1546,2013,5,4,9,187.49215770350042,256.49080684572994,27.277861553237823,56.56603985879171,2734.749315281981,26.84991449580413,14.366518412834695,1006.3146395053891,6.144276701812012,0.0,NNW,1.7836729703376066,Aotizhongxin
1547,2013,5,4,10,177.2854125111508,241.62822789283052,13.668746313006643,56.37647137893007,2662.9360964247585,48.05753103492773,18.81562058916747,1012.5999284540085,10.483636187385112,0.0,NNW,2.8931850835365887,Aotizhongxin
1548,2013,5,4,11,171.25715146350427,232.7828230099235,13.044529885514457,45.46948838759619,2461.6539783235125,63.877785010995524,18.15380509061536,1012.5816492892335,11.2945425258739,0.0,NNW,2.0530097399170506,Aotizhongxin
1549,2013,5,4,12,166.55690122396743,226.64503275630634,15.700785243784729,45.10251443653196,2224.8047378595334,47.859561274266056,21.644311654888362,1013.3230304108578,13.300498267500192,0.0,NNW,1.062627928557856,Aotizhongxin
1550,2013,5,4,13,163.70006276642903,225.314671714023,20.056313939378956,30.475691961155448,2220.427915960487,80.24624948601719,22.705138603436172,1012.7064658935072,14.45761488748557,0.0,NNW,1.4146544646459895,Aotizhongxin
1551,2013,5,4,14,156.06401781358483,212.13421395086317,9.991415447887489,28.675008069816386,2006.4164904669758,57.373712258724744,24.791200600817593,1016.1589751797135,16.526360194278432,0.0,NNW,2.570794241653806,Aotizhongxin
1552,2013,5,4,15,149.03611937728056,210.73379221444867,10.666980997126288,28.59936804086962,1869.0435710891238,69.76539776319383,24.525880375894328,1009.7008081833267,18.84081197532123,0.0,NNW,1.660946963980061,Aotizhongxin
1553,2013,5,4,16,140.7566303523176,200.6629696522932,13.901754000124885,20.12984847287062,1767.122481626365,72.22192674071404,26.357458801576144,1017.2119297459072,17.620636864337524,0.0,NNW,1.1255144860519866,Aotizhongxin
1554,2013,5,4,17,134.45209626101928,179.12648389360209,10.116784403891458,21.641345308257222,1664.3302909254062,97.91748297311332,22.342251895086925,1017.1498732667709,15.236696055499227,0.0,NNW,2.065863214500292,Aotizhongxin
1555,2013,5,4,18,132.52395548208523,198.24419093498963,8.996188436409113,23.688592185955873,1658.4788029014815,80.08983863450803,19.47409390814896,1013.2275688695643,10.351527367242767,0.0,NNW,1.3680894616195958,Aotizhongxin
1556,2013,5,4,19,135.01564272067793,179.22127679054296,11.867269574214818,28.89958223153365,1689.638283748936,72.51997563061673,17.964074270432665,1017.6421350969097,10.48899151757056,0.0,NNW,2.3825158604297902,Aotizhongxin
1557,2013,5,4,20,141.6669939007498,182.15578532289632,11.487426951766587,35.2735503391345,1693.1353350498414,86.10274388375159,19.079442520477187,1017.5119104706744,11.898792308159694,0.0,NNW,2.2903729147432275,Aotizhongxin
1558,2013,5,4,21,143.22183677596513,204.3183522000017,14.555782450977636,27.147589405244183,1938.9458811772438,84.28947943559088,13.54566398502567,1011.8280684162644,7.172052915229777,0.0,NNW,1.082095806783803,Aotizhongxin
1559,2013,5,4,22,155.40579448739965,209.3940309382161,16.374406667196087,45.680836938148985,1994.077519751763,79.17536094794133,13.008576172255855,1012.1264571646958,4.432173918317008,0.0,NNW,3.4279748444460054,Aotizhongxin
1560,2013,5,4,23,161.55672873015368,229.392334929789,14.626913954503477,47.332507726953516,2141.306292543697,63.757084475302946,9.557818745127884,1017.4228735292145,-0.11312510210988824,0.0,NNW,1.901640924325741,Aotizhongxin
1561,2013,5,5,0,169.2358309058356,212.8934772571645,15.875198176134926,49.03275065555154,2337.45898465717,62.54534301036948,9.165298270264408,1011.6272929077951,-0.010679714626454118,0.0,NNW,0.2,Aotizhongxin
1562,2013,5,5,1,174.0115555423199,257.5407371740785,16.936428172371002,51.405573936423366,2490.2033200111027,47.027193010144124,5.993597404480697,1012.6571568934842,-0.5595902358142957,0.0,NNW,2.304443805958654,Aotizhongxin
1563,2013,5,5,2,171.55002314815255,246.89296648781757,18.96739166994786,57.55296673494833,2645.3491760268125,64.2480167793573,9.487264511285021,1011.7536038485794,4.60989193001503,0.0,NNW,0.2,Aotizhongxin
1564,2013,5,5,3,181.29940816919316,238.81440594524037,18.70104581954713,68.638544829062,2746.709150430909,53.76438205691563,7.847175523727757,1009.2523397220577,1.0988556417468354,0.0,NNW,2.8318640158464055,Aotizhongxin
1565,2013,5,5,4,189.0143424354996,249.83230817123658,19.328301571955322,72.10914535376295,2886.848175203249,49.17893319579579,4.867926466500778,1009.7043556834564,-5.02528267818175,0.0,NNW,2.045649939137377,Aotizhongxin
1566,2013,5,5,5,190.8860448821656,283.9631218760071,23.419510493927067,,2927.185498952116,43.79301368850875,5.661544078513136,1002.9445941522252,-1.137476599817608,0.0,NNW,1.8830544612625855,Aotizhongxin
1567,2013,5,5,6,192.17623296239304,261.67292711237064,24.54834854106513,65.33061465501602,2948.982942824083,40.19733305995001,12.627421414347218,1006.5389411766387,3.2117347778149057,0.0,NNW,1.9322801908063607,Aotizhongxin
1568,2013,5,5,7,193.21776462188149,262.16302198330783,15.306970297545078,68.75825384577027,,23.408229501275414,8.381723558007115,1001.0091734142068,-0.14199036768974382,0.0,NNW,2.4013954763629015,Aotizhongxin
1569,2013,5,5,8,183.97056851919643,234.8982749853822,19.360190474143902,73.06888012866519,,,12.329274227097269,1004.1776856519433,4.61012084239521,0.0,NNW,1.547875884346583,Aotizhongxin
1570,2013,5,5,9,177.0867991318745,244.41373672860874,16.469450605597032,54.15240734439981,2687.0411812876387,43.46498277096951,15.033673379558142,1007.3724371000974,7.566726662764588,0.0,NNW,1.9240867574992535,Aotizhongxin
1571,2013,5,5,10,174.0506544147654,241.39372003231404,16.567085600541784,52.45266517025357,2650.518290846681,60.13364084950919,17.584683604303343,1008.1692311220077,9.682846746310169,0.0,NNW,2.0266985351357305,Aotizhongxin
1572,2013,5,5,11,161.798068075164,233.67222627292443,17.50164385471857,50.304674206158246,2595.0287131826544,61.60371569626126,17.39193241920421,1010.7887253527724,8.490264198629827,0.0,NNW,0.2,Aotizhongxin
1573,2013,5,5,12,155.20772845075493,203.30003554921214,17.008315114627404,52.19678990383525,2181.446380979064,65.50380470153021,22.815971426379384,1011.958698976794,16.405908823390885,5.2748969989420615,NNW,2.4074424463046933,Aotizhongxin
1574,2013,5,5,13,142.0168298791857,183.6206939084539,13.36952544365336,47.14499630369856,2053.761019008695,49.62822815226146,22.20472890075591,1013.561580085475,13.41337929341002,0.0,NNW,2.5424821007742207,Aotizhongxin
1575,2013,5,5,14,136.64712116199541,195.81559597455833,6.7599789958315935,33.15308711041652,1864.6246404022463,71.60999463391529,26.813241949144288,1014.8494192972613,20.695011067187274,2.5324810592345237,NNW,2.293944482746229,Aotizhongxin
1576,2013,5,5,15,130.29135179720907,192.47519322836334,8.569329352338725,18.78898874123138,1861.8706970978963,72.09874693062712,22.816052436348066,1016.2013793551387,12.776982600163565,0.0,NNW,2.237373656339394,Aotizhongxin
1577,2013,5,5,16,119.06326585565029,150.97704868673156,13.359371991678305,29.64896347867897,1538.4068272918528,84.1742943364417,24.748457153953897,1014.4120376640983,17.07175266687053,0.0,NNW,3.209161737681465,Aotizhongxin
1578,2013,5,5,17,120.72521059834007,179.83043570067352,2.0,18.334954375591423,1610.6783287868873,79.99266294280027,20.336073067416557,1015.3800444927177,10.496846622569258,0.0,NNW,1.8967568800225583,Aotizhongxin
1579,2013,5,5,18,116.76461907981991,163.84588512661608,13.562281455046,13.08051036287822,1463.7563976633498,82.24054223906694,18.83949225235439,1016.9262438814105,9.588368304365435,0.0,NNW,1.9242949438382053,Aotizhongxin
1580,2013,5,5,19,114.54583454309032,171.28222175107288,11.734060840488281,,1514.0680124260537,88.73848470629375,18.740972062561053,1016.7869432300995,9.971453749160926,0.0,NNW,1.410280085251117,Aotizhongxin
1581,2013,5,5,20,118.345124007153,164.98096999483803,14.618401225667874,30.29053998707571,1598.6351640059581,77.3292539589232,16.540875327519668,1014.1662722883297,10.821783509616129,0.0,NNW,0.40100966410130057,Aotizhongxin
1582,2013,5,5,21,127.70723208280458,153.5673457410469,10.868758533424382,41.7461632637315,1792.299728274798,78.89358492540381,17.198589619484153,1017.6986526679589,11.160626618637643,0.0,NNW,2.29835051842167,Aotizhongxin
1583,2013,5,5,22,129.85714824248743,180.280333716322,6.315783727931283,35.311156129889945,1784.9988446319728,57.30588109125695,12.350921794581945,1015.9496013551017,5.662294938417739,0.0,NNW,1.4966485843158603,Aotizhongxin
1584,2013,5,5,23,137.33929628880367,202.8764529910378,14.996992699006885,41.51466433511729,2028.35590471179,58.14646135996246,11.938610351367334,1011.5746618547863,3.9885389766926322,0.0,NNW,0.3922781052461135,Aotizhongxin
1585,2013,5,6,0,146.8191336432016,196.60932690964512,18.823959372115024,54.463159511023406,2175.4919553150103,66.5604356720296,7.359252296119509,1011.5832679741666,-0.35865927982347634,0.0,NNW,1.8718494887090296,Aotizhongxin
1586,2013,5,6,1,157.35612742532982,216.41892870638722,19.068260642052866,37.82074162938198,2376.0163067579456,41.227602705472236,7.24887373647611,1014.7249840760817,1.1485924792231443,0.0,NNW,1.8494877731653505,Aotizhongxin
1587,2013,5,6,2,165.2973222933631,229.65491617519854,15.511925549535894,59.16141137280217,2570.2952140811617,59.95725077602997,4.252528761730966,1009.8211540756686,-2.6955133089588363,0.0,NNW,1.7478658617803733,Aotizhongxin
1588,2013,5,6,3,170.04241437262624,209.0642413229919,18.79581713232068,59.04941734918038,2579.0541928053644,52.06632402334952,3.8097903963520983,1009.2558380044674,-4.163196968591767,0.0,NNW,2.0405351064649233,Aotizhongxin
1589,2013,5,6,4,171.4996121679681,256.81293278953007,17.73161821258242,66.84896774634531,2758.93680751495,35.66706555199117,2.609466528732475,1006.4520018788155,-3.1605261012431045,0.0,NNW,0.6832267147169606,Aotizhongxin
1590,2013,5,6,5,174.8412003752925,235.76392372643772,17.371829738877224,60.450645258550836,2756.654690863496,65.83919539779794,6.843376952932527,1006.544146651498,0.06517125717779848,0.0,NNW,2.7257194541325425,Aotizhongxin
1591,2013,5,6,6,171.574869538678,245.26217167887717,22.86616571353955,58.45650167658814,2827.3926290582654,47.431035778482936,8.322057310184748,1010.0226519715668,0.6856871089432752,0.0,NNW,2.278825669599963,Aotizhongxin
1592,2013,5,6,7,158.8672423933716,221.54712798923813,16.237032197649853,65.4425877600662,2674.036151389494,26.359059275715943,11.165969330928778,1007.3969597231397,2.477504160556056,0.0,NNW,2.926216484875427,Aotizhongxin
1593,2013,5,6,8,157.6164689348634,233.23924707240235,16.648677727177358,75.51403866236447,2596.86549391683,45.81110544238951,12.734186979686886,1007.528016543332,3.9103235997473664,0.0,NNW,1.4883185191327386,Aotizhongxin
1594,2013,5,6,9,156.46464962127146,223.11107069406083,15.22345700551558,66.02941646006265,2505.0586109902497,42.98096113353388,18.03929396579095,1008.4797482659402,9.53503093299053,0.0,NNW,2.276149812059068,Aotizhongxin
1595,2013,5,6,10,140.7997164435077,194.770360305701,13.02925743010286,50.938457838559266,2367.562481265828,39.73287909140589,17.85223190604147,1014.5907655768303,10.53771823468445,0.0,NNW,0.4370795168058639,Aotizhongxin
1596,2013,5,6,11,129.52536497774355,172.40036004364816,16.733338101040417,39.44860461420018,2202.7781221370037,42.830432440774885,21.48774007150718,1010.7855197807831,14.74141429540639,0.0,NNW,1.2652679124401007,Aotizhongxin
1597,2013,5,6,12,124.23741066868874,181.91088194998562,18.484509145445926,31.543461730417718,1967.2567083065007,69.9489333488838,21.58490418736682,1010.3398466015728,11.418466419040266,0.0,NNW,0.8342833391130842,Aotizhongxin
1598,2013,5,6,13,124.70282119445993,155.84953663269772,13.151274505751598,50.35241471275343,1837.4446232256014,60.49102148132168,22.297548986392304,1011.9833934222821,11.37765096991546,0.9597226514894936,NNW,2.1399030070448393,Aotizhongxin
1599,2013,5,6,14,117.55056737823719,171.02969853229098,7.982756598307502,27.359341694913386,1775.1150911731588,71.48123644962948,25.735801018170637,1016.0615120047762,16.308566308282437,0.0,NNW,1.0484514962265938,Aotizhongxin
1600,2013,5,6,15,108.42535217772424,140.80504553326517,13.984299713293346,28.253757072309565,1512.1335578454903,68.46741024739839,24.86627801826949,1012.6785716526392,16.25476309820647,0.0,NNW,1.582113815222388,Aotizhongxin
1601,2013,5,6,16,102.92620773536814,156.61952744908177,15.726978243182721,38.249180932931836,1411.7238784900212,74.16905572162506,25.907322831785113,1017.2312929818506,19.701243632769405,0.0,NNW,1.9288351168428508,Aotizhongxin
1602,2013,5,6,17,105.428700736822,149.21317645817774,8.231643896114875,12.7702718303867,1403.9242616025538,82.87885365651199,24.189658850611412,1015.3819940761465,15.76903159863663,0.0,NNW,1.6060410826380154,Aotizhongxin
1603,2013,5,6,18,101.82261880899591,148.99290401109536,8.564337199846845,36.93811607580047,1393.8084263200299,88.88182292724152,20.88154782168024,1013.282460887096,13.263707845138079,0.0,NNW,0.8790759258099912,Aotizhongxin
1604,2013,5,6,19,99.64807599372286,140.32719452945918,11.71735275880484,23.652359843078614,1343.9976829733832,58.26455402171222,21.611506816515544,1014.8694846976182,14.23836358449705,0.0,NNW,3.2488858364600857,Aotizhongxin
1605,2013,5,6,20,100.71411458013361,123.47598946077707,15.535494224432961,18.49082540240132,1362.3627596582146,81.81983308627846,16.28140552034821,1016.3851946382796,6.746049230091679,0.0,NNW,2.0243157886288485,Aotizhongxin
1606,2013,5,6,21,101.66835882503548,133.72841072109628,9.904963656891583,28.87905695907774,1473.7319484088086,,15.937989394943259,1018.3258686929184,10.127822642760664,0.0,NNW,3.25608051420157,Aotizhongxin
1607,2013,5,6,22,108.37224352461108,158.44503431056933,8.502650657005383,29.219225748788173,1699.1016705255195,86.52362653450226,14.334226216263572,1016.3266588238932,5.337017387293692,0.0,NNW,1.1065566991326143,Aotizhongxin
1608,2013,5,6,23,122.10638600541368,172.6154985811776,15.600160593304611,43.350177489195296,1809.7462663959625,95.89800258761741,9.423107742377267,1012.706714773171,3.7627949263266878,0.0,NNW,1.6314428942987063,Aotizhongxin
1609,2013,5,7,0,131.16327445095345,195.43848328439154,17.397204219426897,39.81494052889778,2032.292711709919,56.407209650462846,9.662923868642997,1013.9443741396362,1.4736598664474239,0.0,NNW,2.00166501992468,Aotizhongxin
1610,2013,5,7,1,137.91843179552393,197.1185501441052,16.312489576818283,34.88324321469807,2304.209995523478,36.30723826530504,6.936171213235402,1009.9923451160093,-1.5700837331842576,0.0,NNW,3.157992732367948,Aotizhongxin
1611,2013,5,7,2,143.9866153667861,191.91424260647395,15.825600221027647,53.235499724728086,2349.4342164329346,48.66876969918567,6.618657404703712,1006.5669768305082,-3.04752637078074,0.0,NNW,3.250426369758708,Aotizhongxin
1612,2013,5,7,3,143.9470555675959,193.5652364174279,21.518670098908878,48.28977520543864,2451.545706501866,40.26803717540426,3.7448664633461206,1008.5066413653326,-3.9592055998560083,0.0,NNW,1.5847459547030989,Aotizhongxin
1613,2013,5,7,4,152.24705335412128,214.17504860100215,20.914235032566083,63.95506714759533,2517.084587434168,58.06287139540194,5.662192085189939,1004.6580049910642,1.0437656762438472,0.0,NNW,1.3483533226805755,Aotizhongxin
1614,2013,5,7,5,154.93271724120893,193.76536347769144,17.52432258073486,54.82147386751477,2734.005811130306,52.51774777652872,4.227623997118859,1008.7531874835248,-3.1519935672781365,0.0,NNW,1.9277081617190361,Aotizhongxin
1615,2013,5,7,6,155.2330227981744,234.060650773674,20.147284193917013,61.095897574623315,2614.7994579284737,43.653749705965645,10.49588296110022,1008.6117601780138,2.9015382690235767,0.0,NNW,2.892321590845598,Aotizhongxin
1616,2013,5,7,7,166.98322785822586,238.19398636529178,15.774506535371401,65.77921895949605,2710.8309191588583,29.98491353064671,6.97900251762324,1005.4104309894941,-2.0209029210604976,0.0,NNW,2.040699200632335,Aotizhongxin
1617,2013,5,7,8,165.18122681654972,243.52406351365832,21.387798388235954,60.62083827541462,2733.7129099445415,45.12703056719707,11.879681819531518,1007.9610679947291,4.767657442449188,0.0,NNW,2.1866366980893144,Aotizhongxin
1618,2013,5,7,9,157.40650393823228,204.56306610543348,17.74883319778417,61.14557788773931,2533.0080317377965,44.97239406101935,13.602437108700567,1008.7365645624501,5.838863819384991,0.0,NNW,2.884902296646697,Aotizhongxin
1619,2013,5,7,10,149.48787011781366,221.72866976849167,16.19286750284579,60.442297325742054,2398.29740007627,49.91323203299391,18.600241073828563,1011.2439267635344,10.505989361716354,0.0,NNW,2.755855358919789,Aotizhongxin
1620,2013,5,7,11,146.84622430767627,227.89970314102425,16.195471770055303,40.912911304199966,2264.212996462962,37.94722538675828,22.885918918894877,1008.2157682665197,15.628111095387641,0.0,NNW,2.7867806021249684,Aotizhongxin
1621,2013,5,7,12,139.53473459675172,182.1398448816792,15.120923097990744,44.484819675002335,2102.5362578711524,70.61795338453646,23.053440459896763,1013.1989750471364,12.329671491666923,0.0,NNW,2.4976338149986472,Aotizhongxin
1622,2013,5,7,13,126.0170513304066,184.1378898116069,16.390694959184078,13.187588717884548,1923.1338931436492,67.54855941067537,28.10217958327141,1010.6605567235016,19.951392844678644,0.0,NNW,3.0816773281100724,Aotizhongxin
1623,2013,5,7,14,122.45853842178303,171.45305323736915,,36.978666413460196,1807.3154668341695,71.49158652455425,22.59234799805242,1016.0543774753457,12.796806230374365,0.0,NNW,1.0279607831551105,Aotizhongxin
1624,2013,5,7,15,113.57275864403063,143.55752361916043,10.995238257688856,28.451351333270317,1593.576935116998,71.6761045795754,23.04822380120715,1017.660928708599,15.091571548687066,0.0,NNW,3.799410133060195,Aotizhongxin
1625,2013,5,7,16,116.29839107096404,167.74658721786835,12.960877430234792,19.81189381648746,1545.6729442465905,73.71447009807719,23.319586915467582,1014.9909442316424,14.23328785201755,0.0,NNW,2.848287332586241,Aotizhongxin
1626,2013,5,7,17,117.62157065868375,173.00623097053074,11.372582629629498,28.207238852590827,1524.1454303109647,87.32073147001653,23.84212108078825,1019.2678868645285,14.858361304946444,0.0,NNW,1.871753320631644,Aotizhongxin
1627,2013,5,7,18,114.81005786472082,154.72281548392067,8.720201091141888,34.38158061748054,1448.4177622077782,67.50837198141917,20.530684248940602,1013.8519340739624,10.530522324762051,0.0,NNW,2.8877717914095125,Aotizhongxin
1628,2013,5,7,19,120.95634852298922,180.99805313473712,9.7962163938452,21.873341493427084,1501.7589447423218,92.04313325372713,18.87250586854246,1019.0287960218665,12.546003325412693,0.0,NNW,1.722042876597656,Aotizhongxin
1629,2013,5,7,20,124.22478324023774,157.24706246844084,10.225204314548446,,1662.246461769372,71.10958072465411,18.518915736916142,1019.2070394952475,9.502295989514325,0.0,NNW,2.3798604220976385,Aotizhongxin
1630,2013,5,7,21,132.40343661866336,170.41724980163227,12.980250123589867,32.17806647577874,1823.3145706334435,57.090862667610764,13.141242175329275,1016.2271642942359,4.204884239878643,0.0,NNW,2.4735798974915273,Aotizhongxin
1631,2013,5,7,22,140.55557132343768,198.14377380870025,11.398932155835073,24.315146666829108,1967.996835244762,,10.71201552951964,1014.1089484379413,5.007938136278266,0.0,NNW,2.689721310550389,Aotizhongxin
1632,2013,5,7,23,144.40557335039853,202.42165547028063,12.534677215222493,34.54056813366525,1932.6174051053465,57.88960563410726,9.402191870514896,1013.9189348657125,2.2541280196647717,0.0,NNW,1.6322602851902968,Aotizhongxin
1633,2013,5,8,0,149.59594537420435,202.268588639645,20.906271928301877,54.77921729320402,2184.514308641472,52.77840838478304,7.472267581875543,1010.7924832625378,-3.57969127514243,0.0,NNW,2.7067067471272845,Aotizhongxin
1634,2013,5,8,1,161.48035999760458,234.16844835636525,19.113301670753916,50.673814740548714,2340.265900242217,64.87490718251773,7.854769537987586,1015.9551581328129,1.932809795570309,0.0,NNW,1.6464785248018845,Aotizhongxin
1635,2013,5,8,2,167.3766873161028,239.6363053847034,15.218198006724583,39.96426428843067,2546.200370419865,66.04430900516641,3.989782115142136,1008.3269374191315,-1.53838192230891,0.0,NNW,2.584779046602828,Aotizhongxin
1636,2013,5,8,3,171.97529689873124,249.3468063675639,20.248356887759332,44.76620244549574,2637.753911724,26.99231468430201,3.9195800238186536,1011.0992684333819,-1.7488558437968251,0.0,NNW,1.985696886151379,Aotizhongxin
1637,2013,5,8,4,172.92236525927058,240.8599470094561,19.685177215887723,63.61719361686298,2759.384678900169,28.787684302882344,6.213246911527827,1006.1874181462294,-0.7844692239554769,0.0,NNW,0.5408321720327158,Aotizhongxin
1638,2013,5,8,5,177.6137741967833,254.68508655528,21.004282657225623,71.21764113312287,2806.3228695698267,27.025066121167328,7.541837447830688,1010.3639874275619,-2.1107271920658297,0.0,NNW,1.410592490578709,Aotizhongxin
1639,2013,5,8,6,186.88609908508386,257.18403568881746,20.412023973695312,52.0590283309908,2800.2886979347763,44.34801662695654,10.072018888824406,1011.0246571635104,1.9981806278021181,0.0,NNW,2.678498079049626,Aotizhongxin
1640,2013,5,8,7,181.5937422167388,274.76942600430027,23.39855706790105,67.91621738575343,2790.7659746095605,52.24317562206863,10.703680532297131,1007.9423524905933,0.5310125787225717,0.0,NNW,1.7570796505099837,Aotizhongxin
1641,2013,5,8,8,178.69360736829094,242.04559261438743,20.366988052876533,72.96325613560653,2776.2482762014356,27.546839289608243,12.607355638917532,1008.243187518212,3.3083315556644273,0.0,NNW,2.9708382766460257,Aotizhongxin
1642,2013,5,8,9,179.57493091201593,272.45787757140545,18.349267811289877,74.24500752740006,2723.947681232301,56.469783850018516,15.862557610119232,1006.5513080444981,6.196227524175143,0.0,NNW,1.0293658576089184,Aotizhongxin
1643,2013,5,8,10,173.04316191143664,242.60930614690537,20.626571730949053,57.649782078879014,2514.061454906293,40.40965888471298,17.187071242192385,1007.3486647808635,8.246525559408106,0.0,NNW,2.556910142728647,Aotizhongxin
1644,2013,5,8,11,167.6172204495112,220.90899973362824,16.993950348776224,54.23080165847021,2367.642396459792,56.8907529018927,19.587848608436783,1011.3017339848186,11.833779443753977,0.0,NNW,1.9619741639686223,Aotizhongxin
1645,2013,5,8,12,155.60307498384805,231.52509848227328,15.364435737987174,27.934524578974848,2247.6368667494435,47.28546300572182,19.409902343447346,1014.9163849543622,10.742534419699076,0.0,NNW,1.802571821299301,Aotizhongxin
1646,2013,5,8,13,149.55173201960304,210.63143871139383,14.647972581945739,56.6216394819175,2022.7028728132896,65.25117199174304,25.000377972878386,1012.1976902472145,16.268585339943417,0.0,NNW,1.0573554636845346,Aotizhongxin
1647,2013,5,8,14,141.56772631266045,,,30.396078295231035,1849.1103391762445,71.38887285927284,24.976446680468303,1018.9158584355883,16.5401050133831,0.0,NNW,2.1680162752629597,Aotizhongxin
1648,2013,5,8,15,139.29744285978347,207.2549791891228,11.49214707305367,23.390095108868724,1809.279804772082,74.52608646651093,26.165558899552458,1014.3152420266731,20.41476791888028,0.0,NNW,1.1928825198473643,Aotizhongxin
1649,2013,5,8,16,139.27942838810577,198.37075528479832,8.90978921479219,25.637842848794232,1743.4029610241382,85.50034490780793,20.43554252117474,1016.7889109004221,15.681175774700943,0.0,NNW,1.4911512779610379,Aotizhongxin
1650,2013,5,8,17,46.64067028104135,59.37452994532975,7.916869209683023,37.774870787702085,942.8350078657385,74.07783700870145,23.58960147600407,1017.2936620642527,14.913557206275286,0.0,NNW,1.8874656972711414,Aotizhongxin
1651,2013,5,8,18,47.93697776256772,76.8689026442873,7.0042888405526815,42.664368380348385,948.3089742642936,76.16276701813159,20.787245552299026,1016.7969312495289,13.291356856044462,0.0,NNW,1.7074197804982907,Aotizhongxin
1652,2013,5,8,19,50.262388240224354,70.37489861086006,5.99442100816343,26.684752910025384,1016.4205615672872,88.52686710672026,22.25204375723035,1012.7419740987929,12.990126813395381,3.4719525100546615,NNW,2.8222318545325864,Aotizhongxin
1653,2013,5,8,20,54.03693812167256,82.51029155642577,8.030720896924137,35.66416530514047,1049.877198275614,95.07098840436825,18.509515824250954,1015.0919808180604,11.660992781535716,0.0,NNW,0.2,Aotizhongxin
1654,2013,5,8,21,57.39183162836656,62.39183162836656,10.941664990666485,31.203496765753076,1179.8267916355555,77.44953258918446,15.351353116215842,1015.9348124905385,6.636678023324228,0.0,NNW,1.8572995827391074,Aotizhongxin
1655,2013,5,8,22,64.95897043780973,95.41237578303213,12.80935274733691,26.697636215854523,1300.6483366966108,77.53670773462174,11.763910094963256,1014.3080298080396,2.6972528003285605,0.0,NNW,1.7097771162098443,Aotizhongxin
1656,2013,5,8,23,71.01279344417794,93.03205257039882,12.89201508504447,51.63756846425589,1472.9572372817477,74.05127623053644,10.595812465197474,1014.5665005443182,5.598193363921019,0.0,NNW,1.9931911847223227,Aotizhongxin
1657,2013,5,9,0,79.45120870233205,127.76478855505017,7.932889529617926,40.022980157148886,1679.5199478904888,68.30505188633492,6.536653744067368,1013.5136718239837,-3.4974501204200408,0.0,NNW,1.5645801832474395,Aotizhongxin
1658,2013,5,9,1,92.48617019783951,135.71151175586624,21.01785429879963,62.46062708902547,1885.379371893254,43.9942766140706,6.190157940626964,1010.2257478521296,-5.489083091404996,0.0,NNW,2.8191049079817305,Aotizhongxin
1659,2013,5,9,2,95.69542858364531,136.3721774755964,20.759440368671147,65.38833063815267,2029.9739522224666,39.72989769795096,4.473196656628187,1007.5751392553691,-2.4245579741483114,0.0,NNW,1.7938297346715044,Aotizhongxin
1660,2013,5,9,3,106.46814626375794,153.91850470276333,19.872813459584123,64.05442573538862,2176.4952274295406,35.421584530900965,8.399734482472537,1011.561101504834,-0.15170813395717486,0.0,NNW,2.1063570147644137,Aotizhongxin
1661,2013,5,9,4,116.50416521105416,153.12142276670863,25.052599036581995,76.9523061257236,2290.371359779299,,7.545663371395578,1004.9589483200465,-1.4233314974853055,0.0,NNW,2.7138046492048744,Aotizhongxin
1662,2013,5,9,5,119.02890377822872,182.87303219480074,16.89753677899421,82.17728479126727,2316.92997885945,40.93378373449234,7.93431718812986,1005.9797564216904,4.0318056887908265,0.0,NNW,2.0416020302832045,Aotizhongxin
1663,2013,5,9,6,111.56370939352229,176.10289733510024,25.662875361878015,63.59805309628551,2273.121629007367,39.63315720385017,5.693465654903288,1005.3000801520524,-1.2111944862226687,0.0,NNW,0.9846323795419984,Aotizhongxin
1664,2013,5,9,7,108.11019623381658,155.28340983282538,16.9339869011937,57.84816357844991,2207.3630350643693,39.51421187461068,11.29623566842608,1008.6632861121589,3.208464522167866,0.0,NNW,1.6587325353721516,Aotizhongxin
1665,2013,5,9,8,110.30116174492213,170.32566212862733,20.046340794796265,47.406349377637,2229.0459200257305,25.14143086919404,12.693309561687698,1010.303916930039,3.631412102096151,0.0,NNW,1.900706311318849,Aotizhongxin
1666,2013,5,9,9,105.44213081778986,141.92750115818046,14.714021930530125,77.099593667173,2161.2491329525346,61.7042351781067,16.83519020927422,1008.1170793430454,9.50387198252175,0.0,NNW,0.6827502531999583,Aotizhongxin
1667,2013,5,9,10,95.2317184530138,125.3532701719695,17.5440822866331,51.482543928652404,1925.5703674799593,52.2918753078696,18.071783093715617,1009.9595535206698,7.472504149924092,0.0,NNW,1.430552574352002,Aotizhongxin
1668,2013,5,9,11,85.97719012117655,120.7773136569364,17.452594719507772,59.25667575886433,1789.4842460772322,60.7611249989865,19.989923500942545,1011.5634484164657,11.215771342484842,0.0,NNW,1.9453866236183628,Aotizhongxin
1669,2013,5,9,12,81.57509887411913,118.55454880744577,14.535929006596335,39.069957059924135,1618.7326795568647,42.34478711084198,22.421744256370314,1015.6080081971777,14.366095801673621,0.0,NNW,3.6097631517892688,Aotizhongxin
1670,2013,5,9,13,75.99746179384901,102.45657969895741,15.847537106757809,52.12974422524586,1514.9197928191647,74.2669146511782,20.95180410041057,1009.7469483410862,13.272041847955974,0.0,NNW,2.2968815682634807,Aotizhongxin
1671,2013,5,9,14,67.80630475024589,100.30650855402908,12.797043348461774,29.3990592654767,1314.9812688044697,68.93787549872373,23.508153354638985,1015.9884437982539,15.29450634944782,0.0,NNW,2.126191258467512,Aotizhongxin
1672,2013,5,9,15,60.12580366739071,87.24001995508112,9.897221908934736,21.324111307330313,1161.1881882998043,64.4498397824013,25.56000330805491,1016.2885834018118,16.520186442461565,0.0,NNW,3.3525023752050176,Aotizhongxin
1673,2013,5,9,16,53.79121239327868,65.3246295976796,8.969433027670789,26.011440476681226,1049.9212028858526,72.11299843589299,26.368340800500555,1015.5884479684306,19.74933401899286,0.0,NNW,2.470278472743458,Aotizhongxin
1674,2013,5,9,17,47.10455898014577,71.13431274672129,12.603112186401749,21.427277866525536,1015.6325800178172,71.49920357269305,22.83451436337621,1017.482082602886,12.357034017077527,0.0,NNW,2.5831159491082367,Aotizhongxin
1675,2013,5,9,18,52.5438365266956,82.19665356258905,8.038773910579097,29.7703982836897,1015.5132219470471,72.18215804885389,22.009857492069575,1018.4816579516598,13.592971684046933,0.0,NNW,1.6744833741350502,Aotizhongxin
1676,2013,5,9,19,52.27677986117821,74.90218498155339,12.916579780009467,25.27032405667844,1010.4228218737967,84.7536238608688,17.598511332986916,1017.995954556411,8.821615489505433,0.41273950870849013,NNW,0.9876204057205693,Aotizhongxin
1677,2013,5,9,20,60.14242661961907,95.72587830008362,14.3380083595736,32.7011110807266,1147.7994765705378,77.78300720729445,19.77715667105585,1020.6471282307548,13.294921321119848,0.0,NNW,2.2093180403980406,Aotizhongxin
1678,2013,5,9,21,70.99524950524562,87.21931137237435,6.458324507028872,28.529692591586695,1264.3934726939635,81.01836315127755,16.670612598349685,1015.7904970815201,7.982287956855638,0.0,NNW,3.457759257030797,Aotizhongxin
1679,2013,5,9,22,81.20169653343389,118.36187936812595,15.898779161903102,29.67914103184955,1505.939466951756,89.25975871068006,13.38996347682559,1014.5538103665807,6.046458811991556,0.0,NNW,3.2104256302166343,Aotizhongxin
1680,2013,5,9,23,86.71064392948604,109.69209443731269,19.88717286982149,35.15513471478098,1541.4642257102169,65.17543899128967,10.61020928144634,1012.9314976541731,3.109779475685458,0.07343740695523929,NNW,2.526272639237599,Aotizhongxin
1681,2013,5,10,0,96.09013564390813,123.38537631914048,15.756011283605785,61.35951038424821,1759.372509510401,37.55110706041573,10.25775578585472,1013.1059576742917,-0.49492172730596007,0.5164681681621206,NNW,1.4507163855800083,Aotizhongxin
1682,2013,5,10,1,103.75792457142008,,18.09134778139707,51.9777483598659,1863.3527535290186,51.10994175695882,5.132229475183538,1010.6417882515155,-2.9662416021809017,0.0,NNW,0.7594927884077987,Aotizhongxin
1683,2013,5,10,2,107.37854577542396,140.90936224985109,20.611015973107477,39.12990232437564,2041.684646608887,59.43394436397872,3.970999402619329,1009.5264182901295,-6.643104330042799,0.0,NNW,1.3422021741993775,Aotizhongxin
1684,2013,5,10,3,114.88918633790678,155.3649026856581,17.70908696039567,54.980463516098304,2117.9744282925417,41.462935745368014,6.592279679384643,1008.5001258140798,-0.8807924929340087,0.0,NNW,2.1741692796107444,Aotizhongxin
1685,2013,5,10,4,114.94058585120428,158.7753170845741,19.8769676895358,63.095436335495776,2303.250674451366,53.64267144230605,6.832211809671504,1007.4006558420976,-2.26327049129425,0.0,NNW,1.62319106028697,Aotizhongxin
1686,2013,5,10,5,122.68831608018941,180.135187375579,15.887030542576014,79.0817139757844,2406.2020475074214,40.38127027415148,4.549502583021886,1005.9530252642498,-1.6704930517040177,0.0,NNW,2.8016445476547025,Aotizhongxin
1687,2013,5,10,6,121.8520721023238,167.3813105561963,20.41590508559135,73.22958972711919,2414.0250855048143,16.61730265602611,7.131892365769225,1007.8362130763938,-1.1392597840477174,0.0,NNW,0.8086495413239361,Aotizhongxin
1688,2013,5,10,7,121.63448551448722,154.43202265258617,21.323965118378965,56.94477383392604,2360.8898386402484,36.94767684715688,12.533639696616085,1006.6002757385214,3.378555243309732,1.0235364267921592,NNW,1.8969931487399734,Aotizhongxin
1689,2013,5,10,8,119.77062432553288,179.0795525206976,20.8786160877016,81.66735410426838,2260.581635882534,41.31937784803632,13.02931054129865,1008.8972319867187,6.8290988405910245,0.0,NNW,1.3866491574155062,Aotizhongxin
1690,2013,5,10,9,113.96744575277984,151.18352271774137,21.73180807672548,58.89285270531913,,53.12588848307275,16.180742277027257,1008.6860013519232,6.872907029964727,0.0,NNW,2.793030048355664,Aotizhongxin
1691,2013,5,10,10,110.10101752308452,153.55422026127204,15.175593465593412,64.97063848859956,2157.316742945702,65.69636571611568,15.84962063723117,1008.7268502473419,9.191663229252631,0.0,NNW,2.4340887781524456,Aotizhongxin
1692,2013,5,10,11,100.96597424967003,145.81772901894513,14.696274955492116,40.9363129228512,1983.0392672283588,62.60677906952397,20.984966786805767,1013.8355655845576,13.686259797832967,0.0,NNW,1.3351955517146972,Aotizhongxin
1693,2013,5,10,12,96.68659208642339,137.35733310502056,20.686522037974065,25.81469523799282,1779.6204945389256,64.40479797387218,19.941755493209154,1011.795374828906,11.393608059309747,0.0,NNW,2.683367776977955,Aotizhongxin
1694,2013,5,10,13,83.5381020123608,127.89513829251986,,28.556167175002695,1538.9954963538619,73.23235884334647,20.690521989443358,1014.5397412546362,10.686555281172895,0.0,NNW,0.7017892384116207,Aotizhongxin
1695,2013,5,10,14,76.80819168362206,112.32149979099847,13.100101361936986,8.99733219043436,1482.896704603902,70.81993193550433,25.749494203161984,1013.1000341880158,19.611988015888,0.0,NNW,0.5708040293128569,Aotizhongxin
1696,2013,5,10,15,78.35070424425881,101.07789014499124,11.263435968891601,47.754578994292324,1309.2377634102113,63.04889116158938,27.151667754451733,1011.4844552436704,19.90236384049077,0.0,NNW,1.2918638705607024,Aotizhongxin
1697,2013,5,10,16,69.58182026789979,119.20017011497632,8.20483050216274,29.395755275402557,1221.6868610342183,82.06559595683956,24.27857914926693,1015.1961286835681,15.120657118126674,0.0,NNW,0.41367916375278035,Aotizhongxin
1698,2013,5,10,17,63.87382771066147,91.3666934283084,15.040958501230078,18.284331326634383,1192.2181564395876,87.80104893181576,22.840428015062702,1012.5547317186458,15.207336541954588,0.0,NNW,1.909949280103608,Aotizhongxin
1699,2013,5,10,18,64.9072338979692,89.39672519094182,8.416895764238182,28.620992239840966,1077.4409462005224,72.96342374088077,24.63734079623503,1016.5262742663615,18.14658364433376,0.0,NNW,1.9353695591484208,Aotizhongxin
1700,2013,5,10,19,66.64778623705557,102.9461549624335,6.788514297433868,27.196155763659956,1188.2731386626729,97.41436205222612,19.70782494632809,1019.7669231605234,11.87585313762342,0.0,NNW,1.6755970468502077,Aotizhongxin
1701,2013,5,10,20,71.0473193092887,101.96075649230488,9.317652149169552,32.64695908922316,1247.9964327527277,91.70474524943528,17.48953736568932,1014.5195569747689,9.847135614668964,0.09803764912510787,NNW,2.43113255486084,Aotizhongxin
1702,2013,5,10,21,77.77162650781611,112.87255904033582,5.459348088890662,40.534115585359196,1337.3544724763317,63.96005537678499,17.540935839660506,1011.3234461907443,11.088941455366548,0.0,NNW,1.4212866244948776,Aotizhongxin
1703,2013,5,10,22,86.52371581765958,146.05504213073027,10.546137605050452,32.68063077579987,1442.5180465846206,86.15832288789876,11.881432329432478,1017.500513982025,6.1873264908872425,0.0,NNW,0.9618912015880905,Aotizhongxin
1704,2013,5,10,23,98.19794383240885,134.72590708282192,10.801518980930412,32.78490464914167,1645.8339446130983,63.38733243546457,9.018958585982704,1012.343385698864,0.8395598235400026,0.0,NNW,1.3622145888770611,Aotizhongxin
1705,2013,5,11,0,107.60178981319854,147.46489679830398,16.85228589278197,51.62220171497534,1875.2868721481211,52.21508434881652,9.152194524340157,1011.9685232356626,-0.8539697736524574,0.0,NNW,1.0236991925834267,Aotizhongxin
1706,2013,5,11,1,114.40133054780001,161.32764788704466,14.273852506832986,56.59504312512614,1947.5714226793389,64.32230079990224,5.271961730586939,1012.2824647127495,-4.68190273977713,0.0,NNW,1.5105949129618559,Aotizhongxin
1707,2013,5,11,2,124.32705399953534,184.77303495515986,20.163411806736544,55.80588646497076,2201.153624947195,46.98945587239942,5.123839429926044,1010.5463455299783,-3.9126497893337926,0.0,NNW,2.4768138643556132,Aotizhongxin
1708,2013,5,11,3,138.13978517471264,178.3303589426937,22.7309858851407,76.56256913317713,2415.0135430754035,61.31418367870501,3.021262097431701,1009.965490933291,-6.381075192196775,0.0,NNW,0.5948654156304218,Aotizhongxin
1709,2013,5,11,4,142.3768088671191,179.67197349920167,21.673653027784987,58.817931092795554,2534.6856410911837,29.820484466521528,5.618837369674086,1009.4707309601687,-4.904865974476941,0.0,NNW,1.7282487900263463,Aotizhongxin
1710,2013,5,11,5,141.47570432357543,192.1948333468041,19.183464264865112,57.11965275269922,2448.25811138122,18.535279103046747,6.441892192960254,1003.6781416033757,1.2136296976575771,0.0,NNW,2.7660945845551614,Aotizhongxin
1711,2013,5,11,6,146.92625221205128,189.3575235062789,20.42334349011678,68.34473142005281,2641.222382554474,32.19561718833859,9.38096260021924,1004.1713045197199,2.17311149363374,0.0,NNW,2.8573683764102213,Aotizhongxin
1712,2013,5,11,7,145.42250234490893,199.3431898076161,15.254674311013162,58.919013670473376,2634.5185239838956,43.744079333378025,11.285884804992596,1009.5127101938123,2.5001884097401095,0.0,NNW,1.4543794549041387,Aotizhongxin
1713,2013,5,11,8,133.73481148571392,192.25373304129238,18.928788901358477,66.28464026884794,2436.7962317851666,29.0779350500336,13.239086561679166,1006.1063946948944,5.190311298091197,0.0,NNW,3.7705791099354435,Aotizhongxin
1714,2013,5,11,9,132.35693951637887,176.39222668740777,15.954218501732239,52.47806957701543,2289.795799534417,29.02132664233752,15.591383539171519,1007.1191744041402,4.911784907916356,0.0,NNW,1.1587131053078488,Aotizhongxin
1715,2013,5,11,10,124.00242333696673,159.33512690393997,19.582979143447897,51.798061736544916,2175.613922277722,49.78927402702754,17.478309280396694,1006.9743149556714,11.214292127259807,0.0,NNW,1.817223883278236,Aotizhongxin
1716,2013,5,11,11,116.4048615608257,163.66017780230945,24.012352393246026,65.30310426236375,2032.3866482716887,38.89265177076181,20.914333953493706,1009.8960089957925,9.989918366178134,0.0,NNW,1.0637698351406577,Aotizhongxin
1717,2013,5,11,12,109.96821153002611,162.58093098818824,16.49946490792143,41.75530114601857,1893.2688676767368,63.066926996134136,20.402569551361996,1011.3013678726311,13.167611223828391,0.0,NNW,2.3464687121323426,Aotizhongxin
1718,2013,5,11,13,102.96563889606675,127.2021600693273,7.732484327623396,33.43280674581121,1721.296570759706,63.064245615281244,20.136804930062922,1011.4191738501423,9.379171697940471,0.0,NNW,4.24097658007231,Aotizhongxin
1719,2013,5,11,14,98.56801751769854,146.19754850783778,11.416309421256884,44.36543030965201,1602.602397286319,77.44466488352373,26.40213476971002,1012.3938345102486,17.78112262703113,0.0,NNW,3.474992824133296,Aotizhongxin
1720,2013,5,11,15,90.61286859982273,135.03107807713508,11.831938870190628,22.44952877397551,1437.522898457007,,26.01124069337187,1016.1728600902842,19.87527400177821,0.0,NNW,2.6771150140265214,Aotizhongxin
1721,2013,5,11,16,87.89773311459032,132.59767738199272,10.931945256858599,22.135946083134684,1370.0270581285592,94.63226660904999,24.46877861147081,1014.7147884851454,14.017850474008156,0.0,NNW,1.5140076520879857,Aotizhongxin
1722,2013,5,11,17,83.86253372911578,129.59234936947894,7.9779314917284,30.29397243829059,1261.5037682592333,82.31780080728981,25.272091950513367,1015.6170046174889,17.04902860018541,0.0,NNW,1.8656536170269093,Aotizhongxin
1723,2013,5,11,18,85.79555044133787,142.13390986446916,10.735875227910807,32.50729139098633,1269.4550676815795,92.63522667904823,20.973821686445685,1012.6274433064518,13.915477700036465,0.0,NNW,2.892837108960913,Aotizhongxin
1724,2013,5,11,19,89.27924558871801,121.43002333801465,6.442868357796495,35.44529460286723,1299.0623756702835,93.7469002700756,18.941761201875273,1020.7060296165074,11.638015452391851,0.0,NNW,2.599605015392829,Aotizhongxin
1725,2013,5,11,20,88.53450345567853,125.04402063872851,7.8351468130226065,21.70171726654735,1457.7288428568565,70.07618557095141,16.321983865483958,1018.2137750778716,8.427262865151501,0.0,NNW,2.066333911800957,Aotizhongxin
1726,2013,5,11,21,97.6459905983154,132.54000250516128,13.401859018878397,35.625933760158006,1571.5202516206202,86.50024462574446,15.85143296267383,1014.5459217992789,8.595078231181127,0.0,NNW,2.1135299270828014,Aotizhongxin
1727,2013,5,11,22,101.71534025345561,142.42124480239596,9.45301030736052,31.271134403646556,1641.4874315283253,58.249332248556755,10.037372433152663,1012.7018381286846,1.12113649974623,0.0,NNW,2.8445606563170567,Aotizhongxin
1728,2013,5,11,23,112.18300009350453,172.38493368726947,15.320539590964163,34.97837402986451,1860.2018325704146,52.76909869996412,8.849557589826942,1013.3158728199788,3.7487513728264377,0.0,NNW,3.0427042177148396,Aotizhongxin
1729,2013,5,12,0,121.41672070018552,156.53326414095304,10.891608676031826,54.62570225833828,2011.2568325503782,79.63999235988435,8.363504722988727,1011.9669328208047,-2.052422056349026,0.0,NNW,0.7994096946249776,Aotizhongxin
1730,2013,5,12,1,136.53402676044163,182.53714074296252,21.58857287688781,45.77994573517372,2204.863390100244,64.64805756040323,4.533519348271696,1008.1539716354581,-1.7233745352351422,0.0,NNW,2.181623775826793,Aotizhongxin
1731,2013,5,12,2,142.87559147787863,213.79763743407568,15.177190232787837,57.22563676816784,2267.7261647720447,68.23664175433755,4.350276128617539,1004.3989275421553,-3.365482066207187,0.0,NNW,2.4625385834505855,Aotizhongxin
1732,2013,5,12,3,147.69152772900225,216.96850388962403,17.864534190522406,60.38677137757606,2451.26673830038,38.6201901642572,1.6826486343281544,1007.4123142790339,-5.3916875186253215,0.0,NNW,1.5742750218416426,Aotizhongxin
1733,2013,5,12,4,152.38140798338804,209.70265470857248,20.32196680219341,53.75447306498075,2548.709530779962,39.37365154616912,6.2494517112116235,1004.5431239192787,-0.5587292624127671,0.0,NNW,3.0232165808572447,Aotizhongxin
1734,2013,5,12,5,154.1657015271898,224.37600214927292,18.133579273942058,,2563.042184078538,41.12540181029693,5.307993172142196,1007.5131307620018,-1.8585639226629393,0.0,NNW,1.769183411181402,Aotizhongxin
1735,2013,5,12,6,158.38769434628597,225.15493050972069,20.430217883213913,69.48224714943163,2592.793441039957,34.87804433406106,6.280010312922793,1007.3561631333214,-2.9365223279156636,0.0,NNW,3.0454320658655707,Aotizhongxin
1736,2013,5,12,7,150.90022670121164,226.26306347170615,21.555699305005717,48.42819163081799,2618.208111453672,28.39049413581425,8.057465911062138,1005.2239454718708,-0.371938623171034,0.0,NNW,1.7053261192932025,Aotizhongxin
1737,2013,5,12,8,143.68848434948734,201.90897402755,22.21196671643265,64.53987696558752,2512.143252428215,29.38851792658854,11.784489280667144,1006.6007044457668,1.6071047800788962,0.0,NNW,2.2074997367143716,Aotizhongxin
1738,2013,5,12,9,134.64971398523386,198.76592071805322,20.91002621385161,52.95834815039798,2301.670575353109,44.460952798625804,12.62976661966284,1011.9905494780234,4.1820230306457065,0.0,NNW,2.189809426210953,Aotizhongxin
1739,2013,5,12,10,132.2377409175317,211.55295638947058,16.984568608591978,63.776602451301024,2220.608002018444,36.83140158337695,20.501759966748207,1011.050257052542,12.985538458960871,0.0,NNW,3.3301013606327894,Aotizhongxin
1740,2013,5,12,11,131.84476576093505,190.56366361578372,15.854199903381799,38.61318220780436,2216.346857786197,42.58088894876845,16.42288307424652,1009.8013992330696,9.333575487281575,0.0,NNW,2.5927976267435513,Aotizhongxin
1741,2013,5,12,12,123.66239753370957,173.62063820514183,22.047325674075097,42.148184250963645,1945.4143545938484,63.935720111545926,21.39513908718574,1016.5839186538719,13.982290604677132,0.0,NNW,1.6338837593305082,Aotizhongxin
1742,2013,5,12,13,115.22253928787391,168.53602485523328,16.55557197923527,42.719815505857305,1826.7926414586732,65.51888261270686,23.82061443178127,1010.9002204015693,13.187979819636068,0.0,NNW,1.7821963093245223,Aotizhongxin
1743,2013,5,12,14,108.26731929340224,147.92143842872426,9.734529031039362,35.43472235313501,1656.649639368819,81.87206270581686,23.49618975668585,1012.8746105503669,14.652928858054759,0.0,NNW,1.779064607887916,Aotizhongxin
1744,2013,5,12,15,106.70162906823857,173.26195775078133,11.76443058536392,36.961530429980826,1596.088493624393,73.42855542883525,25.318197605939673,1015.3145055645169,16.32482337188838,0.0,NNW,2.0147979362713233,Aotizhongxin
1745,2013,5,12,16,98.22465785353955,139.3152313719152,9.66444356474323,15.532116036236916,1396.5817186817196,75.83807559485561,23.45985590047144,1013.2681128881695,13.494604000606401,0.0,NNW,1.2443591288973859,Aotizhongxin
1746,2013,5,12,17,96.1811211093398,131.92423635082056,9.76436816678533,38.89679816915766,1387.5828122360965,88.38367961758142,25.955395733354113,1020.410247460701,16.70149563169847,0.0,NNW,1.9349347448092484,Aotizhongxin
1747,2013,5,12,18,99.05968641714156,130.32667093379783,6.311514526875737,29.201157270306172,1400.9136202044265,76.87975125446172,20.39275229070081,1017.3663040774186,12.394671061255073,0.0,NNW,3.094459788302702,Aotizhongxin
1748,2013,5,12,19,102.0862883082289,153.89300554758483,8.9346011653968,36.5592291782258,1441.829016261665,77.56686840165986,16.473164087977523,1015.2497314176458,10.593846869145164,0.0,NNW,3.0589200514998947,Aotizhongxin
1749,2013,5,12,20,105.84162744976277,156.85015255794525,16.104540300659547,34.673413278177165,1504.2765509824574,75.46609119081681,15.640440675345227,1017.2257009217317,6.2108441815317335,0.0,NNW,0.7481194899299031,Aotizhongxin
1750,2013,5,12,21,114.61337049796805,155.48517498301433,13.201694996693771,30.7649834606287,1651.2947175388308,75.58064846670815,15.57974216222057,1015.8276456025286,5.886445509712024,0.0,NNW,0.6214438155271307,Aotizhongxin
1751,2013,5,12,22,110.01364476156753,159.78361611741875,5.026515775545618,24.72641431271071,1789.6976746950804,90.22436543295905,12.234922979651495,1013.8906978317483,3.3357143141846644,0.0,NNW,1.5254947553283411,Aotizhongxin
1752,2013,5,12,23,119.96057468661554,152.85924487913317,17.35607525198123,35.31519364795996,1984.221868290471,52.702587877991476,11.128199361973179,1010.8770648918696,3.634398942602345,0.0,NNW,0.5767162575266942,Aotizhongxin
1753,2013,5,13,0,125.10884330718147,177.0020863807856,18.268888568727483,57.71650666290062,1968.9099394181158,72.95507582117459,8.681549113200974,1009.1275761489418,2.5171109487387886,0.0,NNW,0.9892899690600354,Aotizhongxin
1754,2013,5,13,1,125.55088307283127,180.2987998227307,15.216239312593354,61.259883155301466,1992.0225336060334,60.90739143533615,5.385325437567807,1015.0795067693739,-2.7444379239671477,0.0,NNW,2.2809671317337132,Aotizhongxin
1755,2013,5,13,2,134.83112211785556,205.83686906059,19.651790631349645,50.04320015917048,2308.4237419789433,63.169788473699924,4.607116496415997,1006.79453022978,-5.56170162251202,0.0,NNW,1.9696935774930568,Aotizhongxin
1756,2013,5,13,3,146.5389597341038,197.44635560045842,15.957336273481136,36.59570133411352,2464.467013342513,73.68919095355903,4.422006836520161,1011.86039713277,-5.427617405899914,0.0,NNW,0.6232492791847974,Aotizhongxin
1757,2013,5,13,4,150.75672435352976,198.2758878069184,17.91935987012312,60.61899020124782,2605.516049301192,52.66389511326759,8.167260862354297,1005.9803546858459,0.4496829453442134,0.0,NNW,2.9360263744109765,Aotizhongxin
1758,2013,5,13,5,157.5652352174804,211.63704969522212,24.3252682134549,62.01689342074843,2661.1365072412364,45.108523821851904,7.375979434186669,1008.7504360036353,0.8688610262007532,0.0,NNW,1.6624312088242856,Aotizhongxin
1759,2013,5,13,6,165.03657346076295,217.6855178419189,19.184809880390876,63.00181910367694,2723.2227846623896,21.875036483749824,10.766462536902281,1007.9308661801616,5.490075424164205,0.0,NNW,1.585377759716691,Aotizhongxin
1760,2013,5,13,7,169.2740060637712,250.35018206686948,14.220434145580366,68.54683014043258,2797.007708819658,23.989631727662868,11.26116905851272,1008.5012082691475,1.487567806158617,0.0,NNW,2.8132446529574286,Aotizhongxin
1761,2013,5,13,8,172.8368515061179,257.45798505880543,19.140217350578183,69.33020871026208,2792.544002983411,41.951266749041245,12.316434456592466,1009.1339015255581,4.526096028518944,0.0,NNW,2.3287034249370056,Aotizhongxin
1762,2013,5,13,9,171.03780279246877,242.65508968894454,18.29976872718967,67.06453200052715,2581.8171318753193,,13.470957769521503,1005.2413348493922,3.9261902136537037,0.0,NNW,1.9660633985392537,Aotizhongxin
1763,2013,5,13,10,165.12633391247869,243.38981693432163,21.09510570812038,58.56567312108294,2480.18036194285,53.654392512912196,17.890469957748323,1008.1473080150516,8.542529944371383,0.0,NNW,1.604329609973793,Aotizhongxin
1764,2013,5,13,11,151.4830420179656,213.4158426309542,,35.77021528666933,2310.1123062202996,32.18030496482686,19.908696241675653,1007.9698088560519,10.433728643263391,0.0,NNW,2.4556966286264816,Aotizhongxin
1765,2013,5,13,12,142.7342207123702,198.87679252031057,13.735253065679121,42.27040213845363,2146.7956468951907,71.52233385564615,21.930596883858154,1012.3786021216952,13.429205136696353,0.0,NNW,1.6537499712044514,Aotizhongxin
1766,2013,5,13,13,131.59666297802983,180.90495197870413,16.841073210181012,58.256337366343104,1937.946525615618,63.25347300822703,23.34660542249551,1010.6474065612641,14.023186793536805,1.9145687210225062,NNW,1.817305808219218,Aotizhongxin
1767,2013,5,13,14,133.04500520109667,183.15909736775967,12.862370697503332,37.99373387841983,1886.0704005018677,73.76596945470189,21.580564201526347,1010.5379056458536,17.29883328692655,0.0,NNW,1.0588034195312312,Aotizhongxin
1768,2013,5,13,15,126.1282585157709,161.10154635898894,9.214398049370113,33.80042092381998,1775.9885951174035,70.19394656545884,26.891259724801984,1015.0605792328456,18.201746049873474,0.0,NNW,2.914048267417575,Aotizhongxin
1769,2013,5,13,16,,173.2374743270343,14.13486566270266,30.555379442502094,1714.5534765420377,62.665370992385235,24.583578029064704,1011.9119689139474,18.065245195353942,0.0,NNW,3.2420765983198043,Aotizhongxin
1770,2013,5,13,17,121.06244789399504,169.0840879494526,10.751356162105058,29.004520454266554,1611.074903824978,96.49509844916932,21.538874363801426,1017.3471055208872,12.549582851849229,0.0,NNW,2.1695145771401263,Aotizhongxin
1771,2013,5,13,18,120.21463246815694,175.75409269619846,10.008777900038313,5.935102551312614,1519.1003758226,98.35701394954714,22.793711875475942,1014.4847409532446,18.143572670278285,0.0,NNW,1.6110813532951274,Aotizhongxin
1772,2013,5,13,19,128.01706184120792,180.15912154207717,10.70409604278962,,1630.3973529541452,80.63326800518973,18.71624574709021,1015.1484696352849,11.224843219218453,0.0,NNW,2.7483597948963974,Aotizhongxin
1773,2013,5,13,20,128.523477069409,178.30583088148168,7.457867866828016,27.376349269953714,1678.0100429785189,88.26993074195104,18.431401385481383,1011.7692950726068,11.686798979773416,0.0,NNW,2.470920740749002,Aotizhongxin
1774,2013,5,13,21,134.06946556829473,178.98532149553628,9.88150476553225,41.109827570296346,1815.4450240707968,73.76875532755965,16.322484690768693,1018.8357383335499,7.435868426359786,0.0,NNW,1.644984349553721,Aotizhongxin
1775,2013,5,13,22,137.31278666109898,192.95943369375618,12.510747805498347,35.38138315697836,1917.9106949604889,75.38489844266248,13.94126428497877,1011.5741702260439,7.405925192632334,0.0,NNW,2.920914697648568,Aotizhongxin
1776,2013,5,13,23,139.26812526314052,202.35774767655835,13.121913689413352,,2113.137216619691,74.06186811676415,9.758624910017772,1012.5660927564168,2.2609584487446495,0.0,NNW,1.6604345151956847,Aotizhongxin
1777,2013,5,14,0,144.58562025259505,190.98647844279446,18.817285148449788,48.44071324937402,2133.609305258015,65.55084924573873,7.308265596106748,1008.4165228150775,-1.2602007227060583,0.0,NNW,0.9710981283045181,Aotizhongxin
1778,2013,5,14,1,152.202044417477,213.9575997212752,16.946312783693614,43.74578371610845,2340.3815000691643,66.93922000653043,5.401438421758607,1009.0345691577259,-4.21839873288584,0.0,NNW,1.9473664734821279,Aotizhongxin
1779,2013,5,14,2,157.72026416633236,223.13879934816012,20.06471176790921,45.265714871348656,2579.4976832178636,52.68880675705336,4.256907604418572,1013.0036435620484,-4.099407662035791,0.0,NNW,2.867475224262573,Aotizhongxin
1780,2013,5,14,3,161.16378368243335,218.44864931922405,18.563719969660287,52.46886324999831,2542.8926370889058,42.60317664072227,4.974154903683624,1009.0594195645979,-3.510560314250077,0.0,NNW,2.082214696118753,Aotizhongxin
1781,2013,5,14,4,160.30607250568272,218.54993845887577,22.49899247016056,66.66054191300489,2636.116176367755,30.735175226614817,5.026727143521708,1006.2226109884566,-1.6697304415986534,0.0,NNW,1.0618922568537985,Aotizhongxin
1782,2013,5,14,5,162.9706628903068,230.46503653409167,21.0222124011648,74.3886064438619,2642.891608581881,31.066800539534086,5.101790238422366,1007.1020239092437,-3.246583059974128,0.0,NNW,1.6775004784598935,Aotizhongxin
1783,2013,5,14,6,157.9740066055108,209.82939906478887,20.040261456165382,68.86343956142069,2667.896397825458,43.100513967250166,6.2132550574301675,1005.8788818866268,-4.66906049749656,0.0,NNW,2.9570520122434685,Aotizhongxin
1784,2013,5,14,7,159.99200524894127,227.48804450101167,19.78977986456828,69.37470231471754,2627.295515100275,20.833589153632108,9.836865861612127,1006.9855297088994,2.806135934366899,0.2346528071284415,NNW,2.2190596007214523,Aotizhongxin
1785,2013,5,14,8,157.3247515855404,211.30110848316457,16.466811140049305,66.1048702583928,2657.3482193726663,49.407437939516996,11.760513122059047,1009.1576104191437,5.700262994966485,0.0,NNW,1.9848962138772526,Aotizhongxin
1786,2013,5,14,9,146.72698690974397,216.0463186039737,20.05628106634167,59.952753038614695,2464.0245507041404,39.51089321019098,13.287949540077202,1007.8022701142531,2.7888483125345407,0.0,NNW,1.895669506114194,Aotizhongxin
1787,2013,5,14,10,139.27694716594812,218.36600348621033,17.379385796390864,60.575445079702064,2267.4457143284703,39.3139409559211,18.834046971157317,1009.9399829478502,13.541142891251399,8.248919941599393,NNW,2.8639017522905132,Aotizhongxin
1788,2013,5,14,11,129.0328928966614,172.03848203830773,14.788119344968992,30.826177165495054,2177.8191461038837,42.5422821046223,22.658139126237874,1011.1788957697839,16.7531168309679,0.0,NNW,2.8117341517965992,Aotizhongxin
1789,2013,5,14,12,122.54501958526248,176.90510604311422,18.319385312436214,45.88870681043866,1989.3434586256792,66.74367785648387,23.51495013284181,1011.3477087054046,14.568629135142354,0.0,NNW,0.8790572904559193,Aotizhongxin
1790,2013,5,14,13,120.14225001627942,160.93173097397099,9.95525669680299,31.464218820971567,1905.2513209504,66.32406258952983,22.57997202033032,1011.8222432461724,12.90423261010385,0.0,NNW,2.7519425245117453,Aotizhongxin
1791,2013,5,14,14,105.40613149077205,157.97812582505875,11.2325123137027,44.30322058035312,1585.865920528789,88.3876522322982,24.583913736005776,1013.449633286791,18.163379921393602,0.0,NNW,2.413138243373303,Aotizhongxin
1792,2013,5,14,15,99.65303237176529,126.86166122961924,14.547622340405864,29.680621934534173,1532.8227671119366,65.04691302440446,27.31064342753119,1016.9339044090029,17.25616965822409,0.572692467790938,NNW,3.27438866614082,Aotizhongxin
1793,2013,5,14,16,94.24494251156199,136.74878710046391,11.616441803838567,27.927076630453872,1446.216463310956,75.86899886399233,22.898708798724442,1017.8949604288731,13.896197931398333,0.0,NNW,1.9446948027640436,Aotizhongxin
1794,2013,5,14,17,93.93329014222495,122.77671653022139,10.026794085596388,13.640908480188207,1343.9271161103857,83.22593407595258,24.834146727872227,1014.5540404689084,14.861452115612797,0.0,NNW,2.908186174231621,Aotizhongxin
1795,2013,5,14,18,93.76385144384773,129.19954613040312,10.75301062945044,33.13464711210281,1287.1606752023743,77.48143256030066,19.898942999649492,1016.478021331224,11.907804713870851,0.0,NNW,2.3751463813424145,Aotizhongxin
1796,2013,5,14,19,91.7781993282204,118.17922630803547,10.708613381701182,30.700108436409106,1345.7748893416162,84.20933229864474,22.52605644114699,1015.3237853932407,16.723834156205182,0.0,NNW,1.1088818813239487,Aotizhongxin
1797,2013,5,14,20,93.49899626069282,139.12209947392748,6.119885342220043,32.13507498303525,1462.9875732608136,84.84564275876615,16.942718663898724,1017.9300318783545,9.505093915425714,0.0,NNW,2.8164781285046914,Aotizhongxin
1798,2013,5,14,21,95.08245151141557,124.74562857158594,10.416680438023377,24.353681558918467,1534.1134161484083,82.5225119209611,18.343565586785722,1014.593127826373,11.87067733486996,0.0,NNW,2.6475370205917215,Aotizhongxin
1799,2013,5,14,22,105.59968350140637,153.35919949528719,17.349564963541244,28.81088124049495,1623.3760462734717,87.56167130884462,15.003905246937538,1018.9018476351428,6.476201533635512,0.0,NNW,1.480058867754569,Aotizhongxin
1800,2013,5,14,23,112.9203587430185,154.64752195760255,11.727932370155889,41.61241473351681,1735.6809800843173,53.43575183974724,9.840354235627922,1013.7298900053067,1.9863084796706905,0.0,NNW,2.231609525252412,Aotizhongxin
1801,2013,5,15,0,128.28969283910618,178.46084625676002,14.045096957686997,39.44401271801559,2004.7585566953708,63.37760319935311,6.849824128468908,1014.3639929084464,-2.989832518505387,0.0,NNW,3.6862032727129206,Aotizhongxin
1802,2013,5,15,1,135.8116209369233,191.6138283856939,14.66923293558504,53.65552460346912,2166.596702999799,47.06009567655532,6.631909169991983,1008.6766831208806,-1.5134197228154898,0.0,NNW,1.6135689057908205,Aotizhongxin
1803,2013,5,15,2,140.21342251620587,188.6805448060997,17.238954330045587,37.71269917786623,2344.0297192948856,51.80013380023585,5.070503287139472,1009.5234442981717,-4.048451877345342,0.0,NNW,2.580934864443435,Aotizhongxin
1804,2013,5,15,3,140.371768381351,198.62414686930023,16.786165411959843,55.24177917247821,2400.5667843802207,46.63565233386678,4.397649554621611,1009.6968122908077,-3.8427558929427965,0.0,NNW,1.1240960237803352,Aotizhongxin
1805,2013,5,15,4,137.92676835426397,208.40082133951364,20.79035152539637,76.6945357991007,2412.1610977610303,28.480171073065726,2.8535718552418716,1005.6032724974342,-5.4899462536850825,0.0,NNW,1.5437529158044296,Aotizhongxin
1806,2013,5,15,5,134.58723725738088,180.64118430200605,20.421569368316142,67.83440314974749,2518.281381937708,26.840330916432418,5.567915586673734,1007.2110562921758,-2.903744230347289,0.0,NNW,2.648450713146755,Aotizhongxin
1807,2013,5,15,6,136.67796907275476,203.0672581345951,22.320642845321053,66.33434931624794,2500.44504595428,40.116430634695746,6.263213505500165,1009.103718064401,1.4245490053954235,0.0,NNW,2.20534496023213,Aotizhongxin
1808,2013,5,15,7,137.6906439543465,207.74787787096295,16.67680563287846,80.20032881115222,2509.6662647869466,36.0858994502146,10.827471559637855,1006.5154708527077,5.478788538705745,0.0,NNW,1.8390099386338485,Aotizhongxin
1809,2013,5,15,8,128.3688684710791,171.5548659692303,18.309105570273484,43.63287912527729,2287.111837575845,36.153146498072985,13.89841652387093,1005.9663679719325,8.022630096183544,0.0,NNW,3.361997248879989,Aotizhongxin
1810,2013,5,15,9,127.18146304944685,163.50350221832005,17.858366011096333,52.61964670542609,2179.0811733353294,48.902198768086045,16.111026005885396,1012.0703850050122,10.803614457131282,0.0,NNW,1.2625499331823113,Aotizhongxin
1811,2013,5,15,10,119.03601540711668,169.67003057168097,18.866940730265785,51.79061462602089,2080.410834184713,54.817184758621316,18.101753085466466,1007.1565093967074,12.230707059383267,0.0,NNW,1.8832166261957508,Aotizhongxin
1812,2013,5,15,11,112.3877588081345,151.86878710371957,13.914431633891503,57.04319076609354,1978.602517225746,48.23322274541995,18.720639399288647,1011.0176860312506,10.687073398123387,0.0,NNW,2.3934180131942018,Aotizhongxin
1813,2013,5,15,12,111.0720699680806,174.18693014694287,17.746961412775033,52.00525090582589,1917.3943606253351,51.479468623575,22.37916897076834,1010.5834473233264,14.191804563209558,0.0,NNW,1.302793926663611,Aotizhongxin
1814,2013,5,15,13,106.89485587846711,150.00087363485227,17.265151546040222,32.895565426088574,1634.5188854663638,53.8512863591866,24.84940175331095,1011.4204267477975,17.20250212909182,0.0,NNW,2.407384186056846,Aotizhongxin
1815,2013,5,15,14,98.5853046399194,129.99743241553537,9.53338295709325,42.98363457714041,1668.3250403379545,72.83454120201485,23.779904901291086,1015.9833141654066,15.463877523217967,0.0,NNW,2.8597403580222824,Aotizhongxin
1816,2013,5,15,15,88.80733230266186,112.85867011360949,9.991847409386567,27.631346237695396,1436.1442472851825,63.44606675817803,25.17847963209251,1015.1244620826077,15.618411559943834,0.0,NNW,1.9083183687326621,Aotizhongxin
1817,2013,5,15,16,75.43251201940791,116.50456641807938,9.07407845620153,37.372608929504565,1325.0646842889835,82.6449196769013,24.441065878985796,1017.1418999497616,16.885973762306318,0.0,NNW,1.451792425562647,Aotizhongxin
1818,2013,5,15,17,69.55888606729933,91.67060075337719,18.067529482587155,17.420341889242174,1125.802253899061,96.3165135714711,26.153804042260116,1012.319337689195,15.804622416930119,0.0,NNW,1.7500478879671562,Aotizhongxin
1819,2013,5,15,18,67.6921399006606,95.20728385552913,8.71029968437634,24.013507207470717,1166.7301159139095,81.46540229713716,23.348390014762263,1018.0062395639242,15.554852475446802,0.0,NNW,0.2,Aotizhongxin
1820,2013,5,15,19,64.76564700338382,100.22993325586214,15.20324719502306,21.760144951206147,1136.0146420099827,78.78610285182506,20.913739417622587,1015.3884373078126,11.42158009000837,0.0,NNW,2.804898931241481,Aotizhongxin
1821,2013,5,15,20,67.23763181015352,89.29010101490661,6.869976995757979,36.12773489683694,1232.3752086201805,101.62908283088241,15.013149850077056,1012.5724231166057,6.891591544521005,0.0,NNW,2.2116722656253143,Aotizhongxin
1822,2013,5,15,21,72.3125980199253,100.77834894049381,8.495513195574173,26.675614643739678,1283.9685033047977,92.77468772154015,15.259255990151377,1019.3050130155071,7.54606115396008,0.0,NNW,1.858858949161609,Aotizhongxin
1823,2013,5,15,22,77.62637752828941,108.51124444137997,10.440186404455396,34.66041176790594,1444.6717806766944,64.85402129444587,12.179289405587937,1015.7020270529893,3.650009198483709,0.0,NNW,0.666567803144712,Aotizhongxin
1824,2013,5,15,23,82.26179585191996,121.99975930784885,11.168836840147826,43.87811027925396,1609.676514712911,67.8606079381528,9.754514334145194,1013.7486500508718,-0.7062519601607886,0.0,NNW,2.887231460362279,Aotizhongxin
1825,2013,5,16,0,90.70098589286249,132.88882360511073,14.196303797524504,49.36206786420895,1693.049072448311,63.28678242348083,5.583811979022064,1014.4988376994797,-4.198216271152211,0.0,NNW,1.6499226561390377,Aotizhongxin
1826,2013,5,16,1,,138.1255104693537,,57.27200176183578,1917.5063884192166,55.566128099698766,4.708093028709259,1011.2010433372645,-2.6045415387706656,0.0,NNW,2.452194569947094,Aotizhongxin
1827,2013,5,16,2,103.10715218136875,144.9865036688814,15.04197522179628,56.68899821475733,1930.4641055898326,65.64673447712788,5.238715505250643,1007.9027719797128,-3.5974477855196874,0.0,NNW,1.990885401033321,Aotizhongxin
1828,2013,5,16,3,114.96408513595026,157.23192907509545,22.01094989535272,55.796144301492305,2237.680544515389,,6.671533667285692,1008.1145308731025,-0.48719170353771346,0.0,NNW,0.7080812652549628,Aotizhongxin
1829,2013,5,16,4,119.33729128474994,152.29608372945546,23.001507886461688,59.522918112818765,2398.8416189648997,40.721713661699205,4.454954882350182,1006.3131405546936,-3.5304931802024653,0.0,NNW,3.014834483843164,Aotizhongxin
1830,2013,5,16,5,122.4097024516682,173.94959200631675,22.67751862657129,64.52389504744225,2303.426147741538,42.738477294237455,5.739837871499214,1006.1696650829052,-2.5569099651665024,0.0,NNW,2.8628668623955456,Aotizhongxin
1831,2013,5,16,6,126.2647853560224,,21.571996866752983,66.99673980859507,2405.549219826782,46.899197160476675,10.600570181063837,1004.4845926682815,3.1220355632461287,0.0,NNW,2.611226857657584,Aotizhongxin
1832,2013,5,16,7,126.17542466974847,167.80840313073722,20.107858328783998,63.14114334299387,2439.7977929193207,45.22084628581435,9.554766416248246,1005.230329716954,0.5424208084060316,0.0,NNW,2.251877753401465,Aotizhongxin
1833,2013,5,16,8,126.99095853026256,170.05704484634055,17.839034946924468,62.474135443413154,2363.908703429204,43.730212768505424,12.218625263194422,1009.4590440464151,4.819217640304049,0.0,NNW,1.042016997937459,Aotizhongxin
1834,2013,5,16,9,123.37189651313315,164.013377401949,15.676061391667462,47.00410473915411,2278.0728621543453,26.735332416397227,14.827132826922389,1009.1286169716738,6.19787220320185,0.0,NNW,2.695171268056756,Aotizhongxin
1835,2013,5,16,10,114.70894357897498,167.8384387977962,18.588987110298063,60.338842275637425,2098.121576555618,42.61862275941574,15.56993273141844,1008.493973894937,11.374361069977594,0.0,NNW,3.763999075297402,Aotizhongxin
1836,2013,5,16,11,108.91952903287502,156.97219518798943,12.773204047872213,51.625279213165854,1953.476237649613,61.72373594448968,20.85769718512267,1008.6498410455612,11.156793759418544,0.0,NNW,2.092908624178684,Aotizhongxin
1837,2013,5,16,12,96.58005285051672,133.62669706655885,12.01823721247382,53.0149633083287,1768.305715124865,62.50398697279306,21.09175363398897,1011.1892060423842,12.555880688892904,0.0311133884297883,NNW,2.1085506439435275,Aotizhongxin
1838,2013,5,16,13,89.24972032054721,115.76941783237643,17.164644543101826,39.82490315720626,1612.5537156303374,74.73176246579254,23.61514811228478,1009.9263956195784,15.139787616855946,0.0,NNW,1.1185286581582545,Aotizhongxin
1839,2013,5,16,14,81.881371711045,115.55768831186224,18.201947125166264,21.09281937182572,1395.9789106094945,91.37166061671248,25.325817709517377,1014.7532611988487,15.298019367926072,0.0,NNW,0.3436800870553398,Aotizhongxin
1840,2013,5,16,15,74.83570084635842,89.12375991154374,12.644351508566707,27.990294861815656,1312.5417949989474,65.90803747907043,27.91383638355309,1017.4264768699179,21.00255526720088,0.0,NNW,1.7127075232250755,Aotizhongxin
1841,2013,5,16,16,69.55399212266593,98.80985464030724,13.98924443796174,26.080052539363894,1288.4484724030183,93.0297368426568,22.682603196071316,1021.0640723390403,14.039517074450442,0.0,NNW,3.185334535039563,Aotizhongxin
1842,2013,5,16,17,59.02958326553646,91.35666043263038,9.43282591622271,31.624709917687426,1064.9096459292193,80.8445110322904,24.957727315443726,1014.6231116863171,13.388059982931026,0.0,NNW,3.075006970955025,Aotizhongxin
1843,2013,5,16,18,55.812458423244664,65.62545042620573,5.986977441736947,8.43781164389284,984.6369182422259,94.35349819274732,23.374152696126426,1018.8076048919012,16.416845553444425,0.0,NNW,1.9476733773204948,Aotizhongxin
1844,2013,5,16,19,57.206063239137094,64.76330576649528,12.00688572441041,26.01091960981011,1063.7073719981483,83.73593822354553,19.04267784083109,1015.4152062400497,10.088424668801805,0.0,NNW,2.344103435505528,Aotizhongxin
1845,2013,5,16,20,60.84250148226556,100.97388099212037,12.377740950887999,31.788893650657677,1104.5992097381343,102.92068048354092,18.48744622310318,1014.0732144388202,10.33009408872353,0.0,NNW,1.025310595300687,Aotizhongxin
1846,2013,5,16,21,61.49935959649844,79.98150704005195,11.679471755707995,25.565961294016887,1142.2350730312714,78.97853889228107,17.46515422693784,1013.2777376482209,10.48038809672163,0.0,NNW,2.0889810067807617,Aotizhongxin
1847,2013,5,16,22,72.77539439555368,113.24503061321336,11.772873625684664,35.59702407853477,1389.16157825106,66.0948577564402,11.26435273515613,1014.7814714528539,2.717292857622959,0.0,NNW,1.580455085680685,Aotizhongxin
1848,2013,5,16,23,76.54612364962004,105.62459645748973,16.592536510230687,34.80732702475081,1473.3272692983978,70.66922235548073,10.362204695702737,1011.4325079781261,1.8028597365928563,0.0,NNW,2.0437369234319096,Aotizhongxin
1849,2013,5,17,0,88.18852380480263,121.8443851573104,12.042800899717577,39.16341653423687,1674.2724820957574,63.2394278071827,8.536134234044203,1010.786308457413,4.23318721052745,0.0,NNW,1.7802772482359706,Aotizhongxin
1850,2013,5,17,1,97.66187260536499,141.11074864247743,13.97275348884063,46.90902210099988,1892.4939679031975,64.91049481354146,7.1410142445859375,1009.8251021130129,-4.089604377616447,0.6950545151468421,NNW,1.7659950880706259,Aotizhongxin
1851,2013,5,17,2,102.31239201291413,134.39736025061535,14.475680479718715,49.314464060263916,1941.8404063351963,51.98052798604925,6.494679378183337,1008.0200643202022,-3.4342688517608306,0.0,NNW,2.797119150186933,Aotizhongxin
1852,2013,5,17,3,115.6268390189486,163.2025460614845,18.79045279384022,64.6110821192216,2120.7789421136517,67.07297686202935,5.249457242378261,1006.8392969886689,-4.3886341600099055,0.5846574052365512,NNW,3.5711381987238604,Aotizhongxin
1853,2013,5,17,4,115.61985036985942,158.05289636956223,16.066447982594415,56.44089306100575,2304.9125741977477,37.235323551366314,6.110896016631321,1002.8115534560409,0.7944301279948354,0.0,NNW,1.8644354761389106,Aotizhongxin
1854,2013,5,17,5,122.2934797394383,158.0059372011633,17.77690258989961,57.095236469397946,2268.1764883949295,34.855654844968555,4.972535486970029,1007.3442774487784,-3.994384472093044,0.0,NNW,3.134904308708863,Aotizhongxin
1855,2013,5,17,6,127.31803422293814,181.62006865937735,17.882733313318408,79.14342933471627,2369.7103890181374,28.961139499469457,8.17493742859386,1007.1353429791169,0.5352507408623661,0.0,NNW,1.0067485580393694,Aotizhongxin
1856,2013,5,17,7,123.61332817530361,170.42558137664588,19.047804134443467,72.00443662037364,2285.284979148634,36.708537726315065,9.28548810147923,1005.5756811690836,0.5743707970957439,0.0,NNW,1.926209117729805,Aotizhongxin
1857,2013,5,17,8,126.18617670042204,175.09039909614376,14.868003679710263,47.42840119041517,2331.5927517747105,40.659956116218574,10.567066191243661,1008.3906415218545,3.471866704739993,0.0,NNW,0.9630450945485345,Aotizhongxin
1858,2013,5,17,9,120.4184319640895,156.48419531558372,18.79714888204454,53.023989304910685,2267.5931055698934,45.13443576989509,14.23628317584465,1011.2582811581987,6.217212854277409,0.0,NNW,1.7501089265766392,Aotizhongxin
1859,2013,5,17,10,115.36000304561253,177.41800794148557,21.241910951994033,56.93970377378169,2128.496921801519,48.171876754939994,17.992375039322294,1009.5471596656686,10.372023833621652,0.0,NNW,2.5725590851974593,Aotizhongxin
1860,2013,5,17,11,109.16586175377303,161.5993483191434,16.70056934246289,52.766421439902366,2096.448181544057,47.43131170516399,20.65369591455529,1013.3664203327999,14.58456547151006,0.0,NNW,2.89490730022694,Aotizhongxin
1861,2013,5,17,12,100.86405543481521,150.85123645046107,19.62396343440396,33.07605707410485,,51.18334871917645,20.16837913048132,1016.4762638408542,12.828783600754768,0.0,NNW,1.377179631043878,Aotizhongxin
1862,2013,5,17,13,96.3427171743787,131.82535701971335,17.70789933211817,49.09214304052816,1620.6562268461914,62.71873887920746,22.25373896275708,1018.3551446037532,13.151137896572687,0.0,NNW,2.366453216538574,Aotizhongxin
1863,2013,5,17,14,92.2812434096632,111.90191187849427,14.833205141743566,41.601795353453014,1478.397197035985,83.91537660235113,25.746242682430513,1012.12352782698,18.214343256063376,0.0,NNW,2.9839954781307534,Aotizhongxin
1864,2013,5,17,15,79.07391208111405,130.23265073845477,11.688523621977922,34.71307743259177,1485.0829812230688,91.24566638457847,25.762222138923796,1013.1694078930955,21.390201261445625,0.0,NNW,2.8701820781987424,Aotizhongxin
1865,2013,5,17,16,79.52371437468992,110.7222250445072,10.737374145814126,38.5333198500082,1342.9081537704121,80.88098973020661,25.98991225596021,1015.4412670254708,18.837367959465848,0.0,NNW,2.2071656154491723,Aotizhongxin
1866,2013,5,17,17,69.87673374740835,90.33942928617114,12.46177018564444,29.299803414785977,1202.1120198271183,74.73231599255246,25.711999678609228,1017.0870595339651,17.939864161077733,0.0,NNW,1.5286526103977547,Aotizhongxin
1867,2013,5,17,18,72.98469335344703,106.34658643965697,8.824988171487902,28.588647034014777,1187.6201374383572,84.18826389683208,22.877898476251374,1020.1733039996872,12.822069047110324,0.0,NNW,1.4489314431032212,Aotizhongxin
1868,2013,5,17,19,78.5137391120853,121.59044263695239,4.522808614152266,38.14291764879657,1255.4156607548061,105.0648000099275,19.37778855924369,1018.0841115736273,12.464416355241122,0.0,NNW,1.3258800108153794,Aotizhongxin
1869,2013,5,17,20,77.14688606636338,107.77513493205406,12.145885143386687,36.4892485701329,1196.6612632430104,91.64031344777717,17.760464638148086,1013.9235527595772,11.068804958420666,0.0,NNW,1.9747108354643172,Aotizhongxin
1870,2013,5,17,21,80.2711875924818,125.16541430886825,8.071260204262348,24.125804704976794,1367.1787467750737,83.18509644498917,17.489845651391075,1014.3122190889841,9.958930371572025,0.0,NNW,1.341475639856382,Aotizhongxin
1871,2013,5,17,22,82.06157235413444,125.7162006809569,9.613576315428844,40.065561429375315,1460.054148706026,82.1268491705257,16.558483045652874,1014.415999584069,8.729624224293572,0.0,NNW,2.5424314947070306,Aotizhongxin
1872,2013,5,17,23,88.43731687990386,113.04843175784481,13.706576618474756,34.50947617828091,1558.7639748431482,81.87614224097618,10.694644548613542,1010.3157752692216,6.943454070374445,0.0,NNW,2.182669360262252,Aotizhongxin
1873,2013,5,18,0,94.96975109623656,126.21975047813642,14.71462536733959,49.033236407602224,1732.8316860914686,48.4713379845288,8.732263396351485,1012.0273369150818,2.015405020038094,0.0,NNW,2.146413502687479,Aotizhongxin
1874,2013,5,18,1,105.85296457838957,157.76952204254306,12.057868406565712,53.989288958208924,2026.1101543403026,49.60912518546576,7.428308512651737,1008.3290335923689,1.2883509054161826,0.0,NNW,0.5276195634821637,Aotizhongxin
1875,2013,5,18,2,118.32962820979236,138.5353538556049,17.99647469239942,43.93226150035211,2140.3782796635955,42.21278367163184,5.376431005838362,1006.1985577328852,-2.523245762528906,0.0,NNW,2.0222239269617273,Aotizhongxin
1876,2013,5,18,3,130.12556688854863,180.68123671231817,21.433952888515883,58.16737073324267,2427.4058127096637,48.19347444104614,6.745780853513936,1006.570495535128,-1.4516107735431476,0.0,NNW,1.6327053498721895,Aotizhongxin
1877,2013,5,18,4,132.64445346017214,171.39392282799426,15.945102308124842,64.44256426433199,2320.5318173707833,39.95047381178501,6.852809676208594,1008.4919150908624,-0.1990417072381946,0.0,NNW,3.733134099296933,Aotizhongxin
1878,2013,5,18,5,134.80457864033292,183.96087208213083,23.647079123991617,60.828194997828106,2438.700450327003,43.41496724966737,6.871310632878839,1007.9786022905276,-1.327503660425557,0.0,NNW,0.9760419681360288,Aotizhongxin
1879,2013,5,18,6,129.0930510827771,177.7420706255959,15.319487524610167,67.51767953912608,2355.380481099871,29.931126501327775,7.451902329126101,1007.1933078333749,-0.6237486478910458,0.0,NNW,1.835660335058264,Aotizhongxin
1880,2013,5,18,7,124.84734560546441,171.2038400685751,26.1816015645582,70.76569874178992,2324.677972664751,49.571374849564855,7.718955418934295,1009.1535981896363,0.41376394174583764,0.0,NNW,2.3064788106613516,Aotizhongxin
1881,2013,5,18,8,125.70973946271533,170.47102272667536,18.096345727471743,62.075763561842734,2310.6777919325336,37.65602782389601,13.510429870396168,1009.4410394495046,4.7412151019701705,0.0,NNW,1.2218297693778384,Aotizhongxin
1882,2013,5,18,9,127.40451207897155,167.39488041427202,18.972384896413413,60.938931437397024,2317.844290444921,49.26778598991814,15.319287472839155,1008.8732287782078,7.649901295428581,0.0,NNW,3.542602149433141,Aotizhongxin
1883,2013,5,18,10,116.25391315585546,185.6745910863845,11.823899282542989,66.0673926284478,2143.372613800863,59.454064989229394,16.481538855044054,1009.6327637000514,8.60166507483313,0.0,NNW,3.5590305156210964,Aotizhongxin
1884,2013,5,18,11,106.64862747231952,167.9826985028608,16.10768702610468,53.96195356785223,1922.7521218381844,64.68076702738666,18.30511960250806,1010.9649981849276,11.75565805868911,0.0,NNW,1.3132658695554005,Aotizhongxin
1885,2013,5,18,12,98.7784330914082,126.66914812540864,15.685446533154575,46.60659431739579,1678.8374868644364,63.60828408401797,23.06321708594035,1011.7047096401259,14.146245578712241,0.0,NNW,1.52655344428952,Aotizhongxin
1886,2013,5,18,13,92.13450637361102,144.8094764360911,13.447418462188912,32.158984060818696,1707.4330765994875,74.66394519138846,21.25839955541894,1008.9454097722572,10.25850169750275,0.0,NNW,3.717450315027418,Aotizhongxin
1887,2013,5,18,14,81.66066364700004,110.3302742010715,10.81075676884288,40.368208091110795,1438.9970733741825,89.91660663972287,25.10872004405639,1016.7709696896396,16.642767663842378,1.459292233428673,NNW,3.116216625773742,Aotizhongxin
1888,2013,5,18,15,77.14370438926001,109.29306087828111,8.62477253848382,33.49906397140457,1278.4924141244044,,26.26532561375334,1016.3305795697202,18.86125464784046,0.0,NNW,1.7045226185722373,Aotizhongxin
1889,2013,5,18,16,70.48078832303958,98.04036405328625,14.06145283968974,37.94940739392249,1231.1826841240456,74.35417107399516,25.484097592515617,1013.8974721272681,18.930258778255972,0.0,NNW,2.345148635287356,Aotizhongxin
1890,2013,5,18,17,67.42596656438756,87.79886677760294,10.26279227354851,26.056511820645124,1163.259660525632,89.97865296686555,23.07414437630673,1019.6852623699903,14.034879872149007,0.0,NNW,0.8906173114576468,Aotizhongxin
1891,2013,5,18,18,68.58887834507442,105.86295311916565,14.622257129550317,10.469867998928034,1132.5772035105972,84.62718781980409,20.197006085153106,1015.8200402635745,13.01015587461744,0.545463984940835,NNW,3.757390613612458,Aotizhongxin
1892,2013,5,18,19,69.63679263564613,98.75037499567115,8.590923804169888,12.080516523592536,1178.1505613516172,60.668134313183266,20.880528859692784,1016.6140911261281,14.583260408119832,0.0,NNW,2.0582892417157903,Aotizhongxin
1893,2013,5,18,20,70.88826174867876,94.47805221595785,9.365488900961157,33.564938034389094,1162.9444404552537,86.27061533164189,19.38897508895534,1018.3772782100588,12.515851083613576,0.0,NNW,2.4684691220382886,Aotizhongxin
1894,2013,5,18,21,75.21738121091215,92.25843925727229,13.91124882785575,26.29631559468382,1356.8919793715024,78.84417602981976,14.14089996788544,1015.9758126227119,4.954947312716818,0.0,NNW,1.25196325425491,Aotizhongxin
1895,2013,5,18,22,81.0771328096872,104.57203579637087,7.631075113989306,38.49414200888397,1398.7737077396537,84.06417771497439,13.172171849414081,1017.1707516838318,4.1473322871580285,0.0,NNW,1.0911273645609612,Aotizhongxin
1896,2013,5,18,23,86.83251733708308,105.15172311589534,10.065514694028623,40.737480253968414,1560.8540378904843,58.96953955267998,12.372272678097717,1012.589892227427,5.0247778526096845,0.0,NNW,2.3608730279859316,Aotizhongxin
1897,2013,5,19,0,93.56190443949032,131.10890169943815,18.29245491405949,43.66528265844863,1780.9353263235014,44.94290337620693,8.43720283279694,1015.3823464225607,2.8752133009845897,0.0,NNW,3.5330392598161002,Aotizhongxin
1898,2013,5,19,1,107.72106447458482,138.8428343415748,12.778293437843018,49.405490617344626,2025.4940820881984,55.21633246654208,5.7444257448389315,1009.1502989748224,-2.234326516087436,0.0,NNW,1.5676172482662782,Aotizhongxin
1899,2013,5,19,2,117.20017091327418,161.42463415339842,12.042846954092358,48.07688395963819,2216.89009570851,51.30177387605446,6.9020220472040545,1012.1352446586193,-1.3459695317903064,0.0,NNW,1.2167176252135927,Aotizhongxin
1900,2013,5,19,3,122.23145307675395,184.82505284355923,24.14111547015201,59.015914112533586,2313.484249011979,43.260659924192,3.8936585387632814,1003.9342476562684,-6.160767658906093,0.0,NNW,2.24410470418264,Aotizhongxin
1901,2013,5,19,4,129.78682937273362,193.69455685104293,15.148674075299574,57.64456061333358,2368.5011873055555,38.55645174224307,3.3934537145297825,1005.4694888784095,-5.1529766052065185,0.0,NNW,3.309754427444003,Aotizhongxin
1902,2013,5,19,5,131.44856408884846,183.70522078336165,20.38198732642985,61.34046436477573,2360.907189771392,25.16458480071003,7.558227748874584,1007.7663031455332,-1.5146294820020976,2.6939953683959352,NNW,1.489128884671848,Aotizhongxin
1903,2013,5,19,6,137.16328785052298,191.15775572930067,20.207255578172813,62.41080764232671,2567.5590820843286,33.610828630250765,7.319688792909179,1006.1991091477138,-0.6395121458164568,0.0,NNW,1.8000857053414763,Aotizhongxin
1904,2013,5,19,7,137.6196314079874,211.46622946539247,11.39774418159109,62.50497036659161,2555.862181224775,32.36779604772914,9.525218478994473,1007.0208736287495,-0.7440175104082787,0.0,NNW,2.6696994649728287,Aotizhongxin
1905,2013,5,19,8,134.19341015683165,193.0783354231514,18.528175949418767,69.69789572774548,2386.358635100754,49.07645231306343,11.471398595648186,1007.7531748213992,2.9785129140576214,0.0,NNW,2.7555323856098157,Aotizhongxin
1906,2013,5,19,9,131.21671918213605,180.4253422562252,19.880773654370067,58.103808990093405,2378.6359178229354,46.11558411064245,14.290773906668875,1006.0826608778132,4.7773723880270955,0.0,NNW,1.772444987832084,Aotizhongxin
1907,2013,5,19,10,118.72001113826565,151.94783442236738,18.562928144556583,63.189618692720785,2133.151199409588,44.72002878254805,19.692740592315502,1007.2681407702548,13.103084551073774,0.0,NNW,2.8773169865599257,Aotizhongxin
1908,2013,5,19,11,106.97751261570205,153.70724984363028,19.004657276923112,62.47922051266227,2034.4115631422114,70.76837263666464,22.4937481486755,1011.1701488721043,13.204989611860777,0.0,NNW,2.423014682827837,Aotizhongxin
1909,2013,5,19,12,94.43724123703021,140.5053754576709,13.837526055283698,51.83955720844919,1729.7546967760525,57.310923237849906,24.763535766082388,1010.6673340963564,15.905011909607774,0.0,NNW,2.0129529024679464,Aotizhongxin
1910,2013,5,19,13,87.24444226300942,115.82570392307673,15.843418100763877,44.09936737849767,1693.3604844404924,72.04834336642465,25.295434969610653,1015.9761629434349,17.718624758542568,0.0,NNW,2.721965135182804,Aotizhongxin
1911,2013,5,19,14,86.9390736140254,124.62673061101587,10.432012795759785,37.614657675868166,1534.8186162921156,70.83078666410718,25.358665152550536,1014.1161056891344,16.678091786294647,0.0,NNW,2.611683828622647,Aotizhongxin
1912,2013,5,19,15,89.65107076319954,121.87576611932906,7.233063844828939,37.780734048669615,1524.243095865277,93.98919467994372,22.85157161210033,1016.9730363921465,18.390750545829814,0.0,NNW,1.162389806154947,Aotizhongxin
1913,2013,5,19,16,87.4357164910258,120.56967909544608,6.77668785403411,28.394377833081144,1329.885706931937,82.51923285274707,24.377971208540156,1017.2158303575364,17.77374394445929,0.0,NNW,3.1868097979221996,Aotizhongxin
1914,2013,5,19,17,86.44208171566474,96.14069382630731,5.784039502968415,33.55804224187622,1325.4178034319004,85.31228793613344,26.89538577077992,1015.6273070171,18.92119563825125,0.0,NNW,2.2763195727979557,Aotizhongxin
1915,2013,5,19,18,78.21562556772585,107.28406175765483,13.028757903673581,29.912846442317473,1177.2610446245885,83.60129641227286,21.417635443736494,1013.0393424260952,13.969787521907001,0.0,NNW,3.100490884472366,Aotizhongxin
1916,2013,5,19,19,77.06715558011773,117.58771083624536,5.626650341378988,22.80275978797553,1272.3663767312744,86.11326491723885,22.271216712158413,1019.1995118666874,10.738081930705034,0.0,NNW,2.0414349375703864,Aotizhongxin
1917,2013,5,19,20,76.91303324762367,101.36422099100756,11.491989503025717,34.84629896513368,1313.8461811090701,93.64601348109005,17.670744179571027,1014.3723088655279,11.518331940136772,0.0,NNW,2.198111465396156,Aotizhongxin
1918,2013,5,19,21,79.19720153255594,111.40134582773148,10.666693511849964,31.589704424089593,1470.5860956958877,86.13610797651057,10.982786421220283,1014.7280177949752,3.7506314258710374,1.1377231361654716,NNW,2.3191093254459867,Aotizhongxin
1919,2013,5,19,22,84.73782969381317,111.07345450441922,12.192054279648103,34.15094393910147,1502.0046274114875,72.78076181116172,13.372537894478237,1014.1983151168669,5.262801160087103,0.0,NNW,2.4374796043061964,Aotizhongxin
1920,2013,5,19,23,90.08489602994901,129.72327120485633,,36.01402581475767,1653.3562603238881,83.48372719212958,11.89938204426747,1013.1920720893053,4.748156568399102,0.0,NNW,3.2225595330222774,Aotizhongxin
1921,2013,5,20,0,89.93226814152149,123.73994342276835,13.68471789835418,46.32815078299658,1695.9166263069828,68.7298564134257,7.8554382351737075,1013.923917325078,0.8872121009379177,0.0,NNW,2.3731531038783604,Aotizhongxin
1922,2013,5,20,1,100.68848051906726,131.57145731987407,18.128899910161653,58.14808182535428,1936.104430825308,49.14771268046349,8.189322468883734,1010.717552890334,-0.4352363071206393,0.0,NNW,1.9776086593753286,Aotizhongxin
1923,2013,5,20,2,103.63293706303239,158.4116265648966,17.612690054143336,62.111520044744296,2010.06893606988,33.69651646266062,2.8390004654836867,1009.2452918194814,-4.590756472773688,0.0,NNW,2.8076264533819804,Aotizhongxin
1924,2013,5,20,3,110.80312795507342,164.41369927242494,18.079477189034645,61.96928600340261,2175.0607740573064,38.17219245237061,2.9216536041509458,1010.5013780071573,-3.5052595836190044,0.0,NNW,2.344335186455656,Aotizhongxin
1925,2013,5,20,4,123.86701731201003,167.36475659753228,26.230034392081613,67.11765720148905,2346.072083087145,42.48285269089157,5.648038199237848,1008.8711777248513,-1.669615185958829,0.0,NNW,4.364426480701145,Aotizhongxin
1926,2013,5,20,5,123.18649162080324,177.4389713633023,15.505603894299231,74.49209085796183,2354.2470198145948,41.82385804908756,7.055418053881912,1005.6992299765933,-1.3234909269740966,0.0,NNW,2.2331343366761542,Aotizhongxin
1927,2013,5,20,6,114.08756674114585,165.096713465808,23.867395506312334,63.800269670633114,2315.8477887562663,48.59137683302019,9.963800491022942,1004.7056892450423,2.408776633509743,0.0,NNW,2.9901315995728606,Aotizhongxin
1928,2013,5,20,7,111.92132464229748,163.1128668493282,21.798848827915258,55.395156497539716,2262.976169168336,24.906394591583293,10.95838670012284,1005.5229713181548,5.031745295556792,0.0,NNW,2.7056657100268877,Aotizhongxin
1929,2013,5,20,8,113.32815050715288,141.71685175006323,17.89155203502684,72.72954689311736,2234.0488093193067,33.95781156592093,10.621365914927228,1007.5714334807013,3.7973298264504045,0.0,NNW,0.3600813750132559,Aotizhongxin
1930,2013,5,20,9,116.39398164609855,173.01763971486423,23.423489458257574,54.903909607485204,2267.827798218521,30.54590377159118,15.319568433111579,1005.9723585437264,5.574967701703516,0.0,NNW,1.4105693768646739,Aotizhongxin
1931,2013,5,20,10,105.26257983269244,141.6706221365121,11.95566966283439,49.477295013248764,2050.87132075286,34.112007884205546,18.489281618957428,1009.681506094325,11.369307340276059,0.0,NNW,1.6484604705524266,Aotizhongxin
1932,2013,5,20,11,100.01394807871414,136.44124797578712,14.728795253615392,35.806798859374005,1920.9925162807356,47.25133641290379,17.188649001954307,1010.4475081549067,9.86988585974209,0.0,NNW,0.8002788926857545,Aotizhongxin
1933,2013,5,20,12,90.38813489851827,152.92220638052757,11.374553387192773,49.57026442531437,1650.2398407388694,63.66612244294021,22.005617607258454,1006.9149619353789,15.75178789282581,0.0,NNW,1.6837944590835032,Aotizhongxin
1934,2013,5,20,13,82.19977012822612,118.09841198672667,14.942155169101776,26.851998101531812,1575.2434595763202,74.18442047646617,23.156880221937048,1010.481744852978,15.206109491331748,0.0,NNW,0.9030516816147067,Aotizhongxin
1935,2013,5,20,14,85.54171486936991,115.89517606264612,9.160807696438468,28.997929538466114,1510.8548921537213,63.016458933783255,23.677218652272064,1008.7284995126317,15.123208215174035,0.0,NNW,1.1126680503649067,Aotizhongxin
1936,2013,5,20,15,73.3166301201929,80.59033844071098,12.76365793429122,35.56375873238952,1283.7733973524869,69.58491033579128,25.74816557762901,1014.8477277838441,15.695918355943597,0.0,NNW,2.1932657676660576,Aotizhongxin
1937,2013,5,20,16,69.56403008823446,111.2872834629918,,33.45486194357821,1314.353563005135,63.85240334137662,22.934735973053794,1018.4781543096142,13.892844362566862,0.0,NNW,3.535518397692734,Aotizhongxin
1938,2013,5,20,17,68.4377901001573,82.3608094321342,8.732309040586406,20.467850288472764,1046.670627076428,86.29166773999667,24.285573305849862,1013.0483132205893,18.097491660478305,0.0,NNW,0.9102317723112938,Aotizhongxin
1939,2013,5,20,18,71.75871018858675,90.4278052290264,11.165941738099932,23.92677338406076,1213.2880382972212,77.67861098029262,22.910304505678816,1014.3554263604133,15.207239235727586,0.0,NNW,1.0276124542442613,Aotizhongxin
1940,2013,5,20,19,73.17286801379826,99.12849222843907,9.364505996740466,18.700727262969405,1234.652853842502,100.77845943934518,21.62564496539146,1016.502153396899,13.475963245250995,0.0,NNW,1.5738084882198664,Aotizhongxin
1941,2013,5,20,20,77.40208284695359,122.52703390273794,7.403968451900691,23.292317621821766,1299.8856478618238,85.74872309110691,15.903061556836303,1014.2026209612153,9.846497230725136,0.0,NNW,1.882258536923839,Aotizhongxin
1942,2013,5,20,21,80.60304725520314,120.57666602394197,19.868585062972198,32.9875864574923,1370.7923008489372,75.96321209509594,12.742148672468181,1013.3981883717992,6.376552373487159,0.0,NNW,0.7662930793848712,Aotizhongxin
1943,2013,5,20,22,87.89275845577997,121.47148673968934,11.038498450912565,30.98682656962833,1530.6760337774913,66.08887572455549,12.83016495998331,1015.5831882123463,3.726546629541296,0.0,NNW,1.4407320469146938,Aotizhongxin
1944,2013,5,20,23,,134.34050583738875,7.053077534031347,37.86989877654421,1689.9244999425034,51.52377392562075,9.570593149198451,1012.3043043363667,3.372087649637953,0.0,NNW,1.3668394794767458,Aotizhongxin
1945,2013,5,21,0,104.00627691321455,139.6049307497893,12.473703930835834,33.28234654705946,1795.7558361141166,46.32128223054569,12.282907581875106,1009.026550225204,1.7950360358564001,0.0,NNW,2.254690152729188,Aotizhongxin
1946,2013,5,21,1,110.29240692211563,155.80590658661538,12.492265160394412,59.24003022049951,2000.8266545269378,47.30811432671563,7.0274936765200104,1006.5304729943732,-0.28318891062935503,0.0,NNW,2.3405029709625698,Aotizhongxin
1947,2013,5,21,2,119.03623714464874,167.3840994502896,19.978436848121547,59.08053274536853,2143.1240550560246,40.51097117975695,5.427984304665589,1013.9168155401275,-2.06005309924361,0.0,NNW,1.877791145050353,Aotizhongxin
1948,2013,5,21,3,125.13238932550524,184.87304401252086,,65.48537859842857,2229.2134070673856,32.330612041876364,4.740758066485377,1010.7210842031926,-1.53456906455694,0.0,NNW,1.6977883274867835,Aotizhongxin
1949,2013,5,21,4,134.40414900653064,197.83758983353238,,72.64391067262366,2457.5018522966852,,3.5136489689501436,1006.7666062889538,-3.914833516681597,0.0,NNW,1.432239860277916,Aotizhongxin
1950,2013,5,21,5,137.19558678731556,197.01359532429822,18.71956173393361,57.71681352141563,2455.71700357995,40.994510266921885,7.1855682915875105,1007.3460868918825,-1.181272006617005,0.0,NNW,2.041262465614748,Aotizhongxin
1951,2013,5,21,6,131.125682125816,179.9524794006814,19.161949258829235,62.13284413577581,2374.112523267555,30.41367602698272,7.810214648728327,1006.0229378758061,-0.43812946284679427,1.3413078059994805,NNW,1.2191314042691674,Aotizhongxin
1952,2013,5,21,7,135.15114291734403,196.6298230281829,18.716835820622336,49.15984158512367,2440.6239408192973,55.20337702542646,9.882529474855847,1008.1912843301371,5.922402954970776,0.0,NNW,3.2377904037559864,Aotizhongxin
1953,2013,5,21,8,128.53120103875466,179.02399679222603,19.086547466515785,87.44389135650667,2334.7148249191564,20.88207124022811,12.553474537222776,1005.961444245642,4.677435209195171,0.0,NNW,0.8016785819294452,Aotizhongxin
1954,2013,5,21,9,121.14857700622264,158.78886412158033,21.041534212027244,57.945453101191944,2303.455278983906,42.903969460058946,15.331818794875868,1007.3781196611136,8.227432332797198,0.0,NNW,1.4749569777196463,Aotizhongxin
1955,2013,5,21,10,112.55272839445223,153.54094183312372,18.50822623751604,63.3098231993193,2108.0814841835218,45.31419795912075,14.979306982148923,1010.410801680389,3.947564342200642,0.0,NNW,2.6945611631860715,Aotizhongxin
1956,2013,5,21,11,110.81505212021115,155.98634280613882,17.794433714375206,40.27109174736675,2059.1671722871947,48.02251505276441,21.255534509556398,1013.6136229833802,12.014499162324377,0.0,NNW,1.6810901489486805,Aotizhongxin
1957,2013,5,21,12,94.50778391122077,141.41305531235653,16.498676724747607,52.971107405144075,1722.734459728114,53.02337153986941,20.801401249641593,1013.4828301893242,13.57955331658828,0.0,NNW,2.537578577361696,Aotizhongxin
1958,2013,5,21,13,99.2942066927851,137.1766076483276,16.35923208663261,54.68434611114691,1734.5345290960977,66.40087729843944,23.453205741641444,1015.7619229806944,13.031421956359358,0.0,NNW,3.3737550741039373,Aotizhongxin
1959,2013,5,21,14,96.28300528212492,122.70422028257883,13.364450124620765,34.517754007776155,1712.245187997395,70.24472172678271,26.588115643888614,1013.8751653249776,19.41221389438949,0.0,NNW,2.6664823482299815,Aotizhongxin
1960,2013,5,21,15,90.96275750304513,127.91527733723136,12.54101031210402,22.770812403552245,1462.6609709060992,73.75890425853808,27.66917288840517,1014.2895130911788,18.58148485677857,0.0,NNW,1.038379867323897,Aotizhongxin
1961,2013,5,21,16,85.97562282264323,121.50043235226603,14.236291704657276,26.56912071674694,1384.4772641835282,68.66343874471721,22.10851660495109,1012.4533647407584,12.557739640017878,0.0,NNW,1.076617414492876,Aotizhongxin
1962,2013,5,21,17,84.12082644693497,119.62753331473648,8.175233114545323,7.867391274560823,1321.2721642711228,67.96702747912173,23.70562127935636,1016.9740258461279,14.61236689891402,0.0,NNW,1.8500796719715882,Aotizhongxin
1963,2013,5,21,18,85.18309094912439,128.45504248831844,7.432772260145478,24.696906391825266,1210.3609612217037,82.11483524804434,22.480437589614528,1017.7580940627129,16.77174587683107,0.0,NNW,2.3544382380963937,Aotizhongxin
1964,2013,5,21,19,88.78617850425256,134.48988230685256,6.61260607099409,32.249220588722594,1353.2099623917659,80.1271846122614,17.73870496071283,1016.2296183399909,10.23883184294825,0.0,NNW,2.964908447997842,Aotizhongxin
1965,2013,5,21,20,94.00560904340523,125.66574393695066,11.218616671938575,27.393430769323114,1420.9575268659448,79.68026649184269,18.792077497652457,1014.7767243667228,9.42642293102607,0.0,NNW,1.3720105979223134,Aotizhongxin
1966,2013,5,21,21,99.13149044636293,132.62265204441866,5.903269370409893,28.584747938757307,1497.221841926369,76.5914515507686,15.17439401612126,1018.022340785619,8.337403794583421,0.0,NNW,1.6120767345919698,Aotizhongxin
1967,2013,5,21,22,104.55534020073001,135.97548917146727,13.88646228817903,39.22054492889626,1592.2409028955958,67.27497658117184,12.703048942517288,1015.7636085543933,5.947656458655096,0.0,NNW,1.7994799142986762,Aotizhongxin
1968,2013,5,21,23,111.18567571304034,162.64810270106122,13.378325490985734,44.655817873545985,1820.656949679666,64.34640188938099,8.6236706224871,1015.9197461265506,0.05170847128313971,0.0,NNW,1.7834274207866596,Aotizhongxin
1969,2013,5,22,0,118.17061394470528,179.92706060596456,18.40391909946317,31.72075549995854,1896.7447245771111,51.46471691896505,8.548262153206547,1010.0928418099676,1.9870225908495334,0.0,NNW,3.196516164062724,Aotizhongxin
1970,2013,5,22,1,130.47026568524916,179.50755268025958,14.278343294117631,50.88696460028072,2253.9720237570964,,7.597081896740519,1009.2894365213914,1.107206350137873,0.0,NNW,1.9167623936023421,Aotizhongxin
1971,2013,5,22,2,140.079921221297,193.69758406256588,16.89004514374748,74.48788099383395,2326.3478239447827,,5.531688562698218,1011.9063544865032,-1.1913134862816839,0.0,NNW,2.1224425280716512,Aotizhongxin
1972,2013,5,22,3,134.53157011823635,203.01202373452065,21.902143905812842,48.46200565854676,2297.9299210311847,38.612523375682905,4.22909614855542,1008.3697719345556,-4.7815319013031665,1.6611723739398796,NNW,2.729186641965315,Aotizhongxin
1973,2013,5,22,4,141.92273190229213,203.74740319535903,23.47953395925665,61.63715741302424,,31.111477014250234,4.686637760039771,1006.5316647577207,-5.081940079123962,0.0,NNW,3.2728703070181933,Aotizhongxin
1974,2013,5,22,5,145.6986893563061,208.34052214683908,17.789172034189882,79.85248550219498,2538.053128451585,28.446038940724264,6.6703395228445626,1006.1713408210289,-3.868961463456881,0.0,NNW,1.971843295206674,Aotizhongxin
1975,2013,5,22,6,146.64607954185044,193.39534629885335,20.54534369776148,73.8334012523494,2693.787469030996,35.24641566637947,8.002128255705468,1006.9778389477314,-0.9811437030158539,0.0,NNW,3.0073530888710973,Aotizhongxin
1976,2013,5,22,7,144.0697805181669,208.48497341822784,20.712886064497486,60.21134307957287,2494.6991273204876,34.82951224394317,11.357233178679092,1009.1762745002254,2.80551674112464,0.0,NNW,3.462216616477192,Aotizhongxin
1977,2013,5,22,8,145.5692187229721,194.50554280706336,20.45108723578564,63.96959111266961,2505.1530481349832,33.75476100163693,11.691422117688544,1007.3488472768946,3.2617679885120374,0.0,NNW,1.9117282340976347,Aotizhongxin
1978,2013,5,22,9,144.59176589352677,191.08827039158788,17.74780692798587,59.125242183852365,2412.685421129582,39.487570554793194,13.172429095888763,1010.0455317544228,5.101623814761453,0.0,NNW,1.5490892284264326,Aotizhongxin
1979,2013,5,22,10,135.2870517866359,185.93415673362313,21.344150194370904,49.01542556542666,2307.2593385721707,40.301864490067295,18.12726956700596,1010.4347555536921,12.726752390821108,0.0,NNW,3.749653827814575,Aotizhongxin
1980,2013,5,22,11,129.67983228820964,175.69383796900658,10.62498477464797,49.58236404210576,2114.8721056614336,57.54678024969858,19.283705220501943,1008.9492266941255,10.774339460654582,0.0,NNW,2.8968657194810272,Aotizhongxin
1981,2013,5,22,12,118.02863399696889,163.02409065190605,13.736609295596748,42.760270937547766,1887.2762386687657,80.55192742590714,23.246590735420025,1010.2417412640258,15.173429560535514,0.0,NNW,2.009992597507253,Aotizhongxin
1982,2013,5,22,13,104.74558998473752,132.23400963338332,15.049696972806236,40.72561060256358,1724.672372847082,57.72206335523083,23.671561983530786,1012.3935620416496,12.945174225106424,0.0,NNW,2.519969303766802,Aotizhongxin
1983,2013,5,22,14,95.00329243945328,142.5927724799113,13.871674435848032,29.01293455447174,1545.0566473490142,76.43963223734605,25.641478069437916,1011.8263246906755,20.983435266244978,0.0,NNW,1.1640190601978464,Aotizhongxin
1984,2013,5,22,15,92.23966289338792,140.41239099590734,15.522743185911553,20.64491877431177,1425.4623717912839,78.12715909987078,23.478524429903818,1014.507256194334,13.50466332886115,0.0,NNW,2.8875350559417905,Aotizhongxin
1985,2013,5,22,16,91.2846043969555,108.32502141432956,14.264549160681668,27.349245737172264,1356.9261557170128,88.33693267593686,24.874337657735413,1019.356993852385,15.814055601001378,0.0,NNW,0.5599756857347709,Aotizhongxin
1986,2013,5,22,17,90.3399334022058,136.26048481975363,9.313745992632988,39.40242921964887,1395.5839265960694,91.11607526218742,22.611359226768514,1016.7668484597906,15.654942297073761,2.7093405739660286,NNW,2.856513711871896,Aotizhongxin
1987,2013,5,22,18,92.21809133826986,121.00004157536154,,25.65762341010237,1321.7577199927837,87.05412697218661,20.240507332251145,1015.4670946678251,12.609795989578407,0.0,NNW,1.422631305527631,Aotizhongxin
1988,2013,5,22,19,95.30502969805762,141.99679694710852,8.028245637222293,23.02873324276627,1319.3635239449122,83.7499398960757,18.708338182893478,1020.6611184350863,13.173117588342084,0.0,NNW,0.6768971199743554,Aotizhongxin
1989,2013,5,22,20,95.73611599230469,133.3460974625624,13.46253512945332,33.71217836461922,1396.3729682346693,77.3061330981265,16.771474813361422,1014.4688923794698,9.851495296952685,0.0,NNW,0.39890018313095355,Aotizhongxin
1990,2013,5,22,21,102.23136484893718,143.41166642932203,16.896033529330243,29.591307475506017,1537.724989290148,70.02806599857733,16.86704179053578,1013.611767972322,8.74511571367899,0.0,NNW,1.6190779363749694,Aotizhongxin
1991,2013,5,22,22,111.6462063854443,154.45371244540985,16.144832320564905,49.94426339967287,1626.3561692559863,71.53154339048217,11.555398949735803,1016.9589713636134,5.1215247530023404,0.0,NNW,2.5688910606199666,Aotizhongxin
1992,2013,5,22,23,121.89880035162294,182.77961253460697,14.02321592505976,39.79231902358894,1952.9616827722948,53.62458781338624,8.092689624582668,1014.6167313447132,1.834651543385227,0.0,NNW,0.8880865108330085,Aotizhongxin
1993,2013,5,23,0,134.41902519059715,175.79075514158572,14.004663684683633,50.60397650526531,2118.7311754000907,54.061440098825315,8.126148321879528,1011.7398822949473,-0.8640898201936784,0.0,NNW,1.0115419284461482,Aotizhongxin
1994,2013,5,23,1,145.01681193247703,209.1019400928179,11.708321336734745,44.139545842904226,2335.1707506817634,64.59806011716267,6.3835169531721245,1012.3697225744658,-0.17193896758151617,0.0,NNW,1.6046236147850685,Aotizhongxin
1995,2013,5,23,2,153.65803340956774,226.13454842229032,18.43161891374261,59.0247140266933,2448.870673550926,48.48512221079691,4.60266221909402,1010.1012000024583,-3.7307295249535954,0.0,NNW,2.6460424115884598,Aotizhongxin
1996,2013,5,23,3,164.15183779842988,236.97597372320593,15.18988222201998,61.34288343928098,2491.372542355553,51.24897465969181,4.75816480123081,1006.0920812625895,-3.397052060147444,0.0,NNW,2.7460235886772284,Aotizhongxin
1997,2013,5,23,4,168.81331143937035,259.5856251583526,16.950723028080382,61.86845907841511,2773.683338860664,53.04580377197328,6.805082366104173,1002.8747035670492,-0.9805177093524684,0.0,NNW,2.1118962125616396,Aotizhongxin
1998,2013,5,23,5,168.28282550959835,230.3064880861907,16.257391729235326,,2689.4545166069197,34.081559783625124,7.34580461025438,1006.0356805651401,-1.2253666982567497,0.0,NNW,2.7866957067927265,Aotizhongxin
1999,2013,5,23,6,168.65278286515127,245.68694423714706,18.618823002030034,59.89575867478101,2710.112925721105,37.073258341936416,8.805277498445122,1009.1698496717966,0.15339077670610335,0.3584744523081312,NNW,2.5500885883288604,Aotizhongxin
2000,2013,5,23,7,164.65094707459752,229.45041955102232,19.745720887984394,66.57733783761859,2711.39416431018,32.83339540124574,8.224481823219655,1006.3134306918614,1.7015630955926928,0.0,NNW,1.6664101633865152,Aotizhongxin
2001,2013,5,23,8,158.9532212995611,234.86857058291224,20.15097076241931,67.35202095326056,2686.947424243772,30.223307300632968,16.741631641547777,1008.5900673777762,6.448223283522652,0.0,NNW,2.727609688471096,Aotizhongxin
2002,2013,5,23,9,153.60758793876232,214.97373315705354,16.73401399969085,58.1248332533779,2564.3677726823375,32.792647877012264,16.57687831541133,1008.8334369909574,6.98443789722255,0.0,NNW,0.9726580109131728,Aotizhongxin
2003,2013,5,23,10,144.22470481916605,198.03582892820776,20.70785111918555,57.29814343296634,2399.1116945621293,55.931503725964916,18.363733295811514,1006.1129994107712,11.375834270477252,0.0,NNW,2.3891891185680922,Aotizhongxin
2004,2013,5,23,11,135.75743005368548,203.12112411387594,15.669479451542708,49.873063476988264,2173.995705826765,55.61579667729345,18.253532338404185,1009.8931133870748,10.144183149665452,0.23159178382152779,NNW,1.0671884884993972,Aotizhongxin
2005,2013,5,23,12,120.41840003279475,163.67014065572334,12.636832700203442,45.7882081992431,1946.9668239577525,78.46603072081052,23.492662980966635,1012.7177586608932,16.979931959000808,0.0,NNW,2.114240431511201,Aotizhongxin
2006,2013,5,23,13,113.50700350921089,144.78254732388967,14.384781576217705,38.22005923653178,1821.8255934316824,76.19099625680192,22.908561272395392,1011.7198027145039,15.445459689580577,0.0,NNW,2.9748541604238463,Aotizhongxin
2007,2013,5,23,14,106.27639676373542,143.6184866374913,18.39065850063145,35.143780634946474,1643.7076320457068,65.18787010463632,24.367852055936734,1013.7749236859441,14.367295067371256,0.0,NNW,2.1705585439321213,Aotizhongxin
2008,2013,5,23,15,96.79483880386626,141.70310379129808,12.469947793672617,52.44218803080847,1535.9818933227791,86.08109133193139,22.478831085911075,1016.319028090127,14.573082714827454,0.0,NNW,1.9899378802061278,Aotizhongxin
2009,2013,5,23,16,94.66426279965913,146.45035543539367,9.581306098956986,30.172566314770627,1452.409824108259,78.59987970358841,22.797033633979918,1016.4753870172082,15.598855335613743,0.0,NNW,2.1808248795980028,Aotizhongxin
2010,2013,5,23,17,95.4175306750265,134.6958366980022,5.587986800198547,30.84385914166698,1406.53698094322,96.31674274851672,24.31807378608509,1018.9234486132948,16.66913327388507,0.0,NNW,2.530647593667516,Aotizhongxin
2011,2013,5,23,18,87.96506600622263,136.33306308105193,9.341763037083789,28.504188842624774,1177.4224639613121,80.1366612275698,23.58041982477121,1017.767341826327,14.878008564330035,0.0,NNW,3.7072016149268556,Aotizhongxin
2012,2013,5,23,19,85.93639210328574,106.72919972982409,10.875155243819005,23.578948887842156,1307.520224494522,73.62388605479998,21.02735662969255,1014.9179291346413,12.61644614951225,0.0,NNW,2.521952536341581,Aotizhongxin
2013,2013,5,23,20,,115.76693488280655,,38.03140563064457,1335.001827483793,73.69308432399687,18.564418946139632,1015.3750335910631,9.7242912124985,0.0,NNW,1.5979889367741853,Aotizhongxin
2014,2013,5,23,21,86.86478165277668,118.72494314234633,6.468312179344263,28.528554212858314,,70.23102050551455,14.902850314560443,1015.5761264743853,4.915054692158671,0.0,NNW,1.8330776375815054,Aotizhongxin
2015,2013,5,23,22,96.39588445610006,133.8086439638149,9.948303831489696,43.4404363915404,1533.4508437214797,64.09748235381338,11.801749025925474,1017.176830153028,1.6076396786538707,0.0,NNW,1.2790987065526354,Aotizhongxin
2016,2013,5,23,23,102.8560085479332,144.83935584960844,18.069520157150663,37.149963113417975,1653.0811548224958,60.744393371511975,10.433342715348093,1012.3470439649479,3.018374149489646,0.0,NNW,1.0086094819913236,Aotizhongxin
2017,2013,5,24,0,109.5625205357664,160.29663832399487,19.30200301119138,37.32021984684767,1899.6570882848832,68.56691870325238,9.161044672784936,1008.534862395204,-0.1461428755084191,0.0,NNW,0.2,Aotizhongxin
2018,2013,5,24,1,109.31164243121499,148.58823102199608,13.634177717898808,53.09955056793996,1960.205691604125,71.48996595509882,6.347039344555999,1011.5870385814698,-0.789563014265912,0.0,NNW,1.6307183267561596,Aotizhongxin
2019,2013,5,24,2,119.08874319897626,168.114527348098,19.518270361598265,46.16265315118315,2181.4445952771903,34.198104844464964,7.156119766979424,1007.988803503312,-1.7364814641978712,0.0,NNW,0.8764499089067472,Aotizhongxin
2020,2013,5,24,3,120.34491305515877,168.03164937398174,14.999815551622216,63.42725742386382,2212.056298031651,54.957460898667804,4.677396104275989,1005.8938634549173,-5.292326775796434,0.0,NNW,2.077642662467891,Aotizhongxin
2021,2013,5,24,4,125.35220225416083,166.23418411691367,23.54307586490705,52.767238826958234,2420.0233115716956,33.57232774564475,3.8703233341652403,1007.7074790067295,-4.741592118671582,0.0,NNW,1.5924201988902371,Aotizhongxin
2022,2013,5,24,5,129.45872268113249,180.10554486277113,20.565336675128048,61.76645228199854,2472.0933540932256,39.33067965479563,6.3242025990941135,1009.1161061521713,1.4657650577211934,0.0,NNW,1.1315825973412899,Aotizhongxin
2023,2013,5,24,6,135.92358227581508,188.85641988716992,22.8489244958496,53.54616242780207,2502.2300136338145,18.458539694267028,8.087890605523878,1005.852238920678,-0.05552556325066815,0.0,NNW,0.3171956827918907,Aotizhongxin
2024,2013,5,24,7,129.66607546801066,179.88170000518446,14.684349089897724,86.9118526010032,2413.0345135904154,41.092204516221855,9.876954899085385,1008.1635186429199,2.8457549015837325,0.0,NNW,1.7205289700970987,Aotizhongxin
2025,2013,5,24,8,114.5910141695885,160.7450144032384,21.36303832469686,49.08883159875826,2305.7587187603935,18.296240937228404,14.332792890298185,1009.0337003071627,6.585998605184301,0.0,NNW,0.5980927691473195,Aotizhongxin
2026,2013,5,24,9,110.55885367066656,155.53913054506702,18.512511714879228,59.22064554690218,2186.9409326018217,45.46168119343797,16.20795297108606,1010.0480590814005,6.100155916836366,0.0,NNW,2.5649294786280925,Aotizhongxin
2027,2013,5,24,10,111.54769496111356,151.84382115448568,20.05578721237253,64.14643419464011,2104.3107690854386,50.07256047029337,15.441778968092642,1008.0354553807628,9.615223837127397,0.0,NNW,2.2039180555426605,Aotizhongxin
2028,2013,5,24,11,109.26805172594693,165.70241975603835,19.038698619806155,58.46746817074662,2029.8153023265645,55.43960021539165,22.30155052129743,1008.4637406586206,13.929817806561527,0.0,NNW,1.8185612715579573,Aotizhongxin
2029,2013,5,24,12,102.34211803396983,131.58415895552758,15.197354068424248,51.8107369773851,1890.0637519920906,52.65089849367071,17.958942220621715,1010.0304937900828,7.993173373543673,0.0,NNW,3.1605978077242627,Aotizhongxin
2030,2013,5,24,13,92.61100193836602,122.44570162901346,11.90341585719965,37.28579199217778,1574.7398382416427,71.96574287185946,26.88679059712313,1014.8760445697575,18.11844033445813,0.0,NNW,2.0078612097937505,Aotizhongxin
2031,2013,5,24,14,88.6040636779909,151.8453253914228,14.839088546538484,45.80871157069602,1456.313304056437,76.41081509416718,24.228299992555367,1015.8347863093417,15.91893385009407,0.0,NNW,2.3088657267986004,Aotizhongxin
2032,2013,5,24,15,78.49667544357659,99.51543207111493,11.28400259585188,38.164993102686516,1306.1176548000542,75.57814169325248,24.71564839502275,1013.6212327045321,17.839867680274587,0.0,NNW,2.5499715617520353,Aotizhongxin
2033,2013,5,24,16,75.6345478430647,92.35082023319299,8.05151812049488,29.377888865595043,1183.5449913485645,88.3691381663629,24.56923390443022,1020.5954150716095,15.5480891335148,0.0,NNW,1.586494118638826,Aotizhongxin
2034,2013,5,24,17,74.65941580459229,111.86794957644138,7.409914174181602,27.60612953603137,1207.7675696426536,83.19210419157166,24.23806218710466,1014.676901198271,20.16858058708056,0.0,NNW,1.590967378600804,Aotizhongxin
2035,2013,5,24,18,77.87803022325983,88.25804377482501,5.568506751062856,22.56861881907702,1253.030064548304,90.28777158908763,22.070673009965212,1018.9989281694014,12.664919536202301,0.0,NNW,2.033157536111669,Aotizhongxin
2036,2013,5,24,19,89.9388955902321,123.56171472660053,8.639497389865468,18.404267267554324,1332.0699194586127,82.88935238328581,19.7999072167441,1019.8689600098558,12.717899660090643,0.0,NNW,0.9227799603017481,Aotizhongxin
2037,2013,5,24,20,94.50557213408604,153.76605023848532,13.977949119300941,37.57669972814096,1382.928333478268,,19.551567915059486,1016.549642230909,8.590608802942068,0.0,NNW,3.428251076666924,Aotizhongxin
2038,2013,5,24,21,97.2372763091928,120.6828276113359,11.997955493183564,41.3555283250813,1551.3783858553813,83.42489894041631,15.848394119626276,1013.9960862187711,7.662846120237327,0.0,NNW,2.128622516246865,Aotizhongxin
2039,2013,5,24,22,103.34818249602124,124.86781063704258,10.910696882230877,27.92712687176062,1633.8132801285071,68.52087426381966,10.97360376741865,1013.0042439451033,3.5244551864018225,0.0,NNW,1.839246791387804,Aotizhongxin
2040,2013,5,24,23,103.50730752338912,129.91841851316775,16.12047258902763,38.59333777678003,1741.6799905144203,54.13211026502109,11.111010871503591,1012.7699148247868,1.4316359907696619,0.0,NNW,3.668421577898056,Aotizhongxin
2041,2013,5,25,0,108.49302635210853,160.87383257642176,12.502570134829835,43.852614268328566,1925.6559510618563,62.76079005548154,8.715092692909533,1014.1617415561361,2.9636609144720376,0.0,NNW,1.1188059484013957,Aotizhongxin
2042,2013,5,25,1,114.62046795273172,171.71642233368252,16.58014604851094,49.91513367212793,2014.3292647203052,65.42343765856629,5.521835373783785,1008.3061531490877,-1.8264496494399587,0.0,NNW,3.2289205789911533,Aotizhongxin
2043,2013,5,25,2,119.75954300791773,162.53747224129972,16.961108881823453,55.51435902870065,2261.0870476945756,50.49150972957446,6.528949376652559,1005.8224679351745,-1.9475113206170822,0.0,NNW,2.6506350398247944,Aotizhongxin
2044,2013,5,25,3,126.58216593164906,184.04715634431935,20.872925782697795,66.71702731690038,2273.1092897342232,45.503753617300035,4.76364109816544,1009.1885760752058,-2.6008426493925967,0.0,NNW,2.893623590690239,Aotizhongxin
2045,2013,5,25,4,128.06004488005698,193.18661610719965,14.59844190616369,56.34276960779482,2470.7879307798767,37.927603840422634,5.008231528921666,1008.8330984835959,-3.8817397139835084,0.0,NNW,1.8595601003196633,Aotizhongxin
2046,2013,5,25,5,135.54118022449376,207.6311164585895,17.279035894001375,57.54774059368008,2421.9630132159564,43.243040870505304,5.966376286006213,1011.1063097621532,-0.15655386038242325,1.2422873891455057,NNW,2.0446922571554604,Aotizhongxin
2047,2013,5,25,6,136.56423369549452,188.72657436189385,15.085263022716399,74.8929579371438,2518.3881147079783,33.14064583862063,4.286755102705926,1004.2353620494665,-2.19029699456081,0.0,NNW,1.7253653455391387,Aotizhongxin
2048,2013,5,25,7,135.50480719961212,166.69201290275709,19.05083896601753,60.61735859073097,2438.2821796722124,31.312866531504675,9.209951000598098,1006.9007576446302,1.7700361012593289,0.0,NNW,2.797073766504472,Aotizhongxin
2049,2013,5,25,8,131.19621565842158,175.4659126976933,22.964409529819484,52.216225247072245,2451.958192630203,49.40234743413769,13.481569412163195,1009.9935478453187,6.39910748341008,0.0,NNW,2.3133885517149286,Aotizhongxin
2050,2013,5,25,9,127.04941971592075,173.60114565293645,17.019192276972156,55.26109608693199,2275.3264398090637,37.016947287409494,14.966383135644355,1008.7061904292727,4.750588820492528,0.0,NNW,1.5532118714870335,Aotizhongxin
2051,2013,5,25,10,124.13660933899484,171.20186510880885,15.967948185413048,52.35957811804799,2207.636434244163,56.39470946451749,15.66041080624158,1009.109121621877,9.860828466358278,0.0,NNW,1.5899533277636206,Aotizhongxin
2052,2013,5,25,11,113.43265982922686,156.9271297508304,18.909268498065018,62.616082723856536,1978.461796872745,64.58887849201406,21.446946882788055,1012.2857157683464,13.297910150890104,0.0,NNW,1.9881496213131442,Aotizhongxin
2053,2013,5,25,12,103.03562251985022,155.43881750709699,18.2056486753659,52.398609699013896,1871.1462388421326,65.6681693206206,21.623167572550383,1010.8012220715868,15.160736046689534,0.0,NNW,1.7341732456186278,Aotizhongxin
2054,2013,5,25,13,94.05614705166793,144.42289013921092,13.440191572681025,49.00378403100752,1616.1339953403783,53.97812093183669,21.8278908018521,1014.9969169094209,14.952654137139145,0.0,NNW,3.153418285007005,Aotizhongxin
2055,2013,5,25,14,81.4372347108507,112.29539205594314,14.554144562149679,41.55978913877429,1535.668619923939,72.77154909222497,27.968276955397204,1011.9928736156195,21.48284910671301,0.0,NNW,2.6465720135477864,Aotizhongxin
2056,2013,5,25,15,71.94699983636828,111.71064853143378,8.233602471433425,38.42781374919157,,75.6576695590775,23.420241108268367,1012.4966704993669,13.848596682879936,0.0,NNW,2.6448895437623676,Aotizhongxin
2057,2013,5,25,16,65.27455766425288,94.96099439626492,14.803795982854048,22.174834911668682,1108.5049038838404,76.69064254125783,25.978495529819245,1015.7829509810975,16.597746516345378,0.06403341194419084,NNW,2.1871337587784416,Aotizhongxin
2058,2013,5,25,17,65.7751017119649,92.73020212537655,16.616489750365815,24.09266623139076,1187.4080870840462,85.57566153069098,22.50628288656248,1011.7030495576522,17.878695039793335,0.0,NNW,1.3387953507525157,Aotizhongxin
2059,2013,5,25,18,65.80312181664465,101.18981211440214,11.563647373566175,17.08067749581161,1096.842792519981,92.69206347497548,22.27480806372621,1017.1693992734258,11.995794953487673,0.0,NNW,2.5568860429360925,Aotizhongxin
2060,2013,5,25,19,67.59970667344275,95.362109825199,3.917376004526256,23.997579229922366,1154.065457199438,79.56261905591472,18.646728554947735,1013.364506446036,9.000313024684672,0.0,NNW,0.3214539317646894,Aotizhongxin
2061,2013,5,25,20,74.00031119725355,124.17854744713259,8.995182193884455,33.15233185178916,1229.480270372467,79.93680835187422,15.729234179114721,1016.894968060055,7.794100174011961,0.0,NNW,2.139244160195227,Aotizhongxin
2062,2013,5,25,21,78.21838272159272,95.1216241422842,13.302942059075226,31.93453065476702,1277.2739359404882,75.26708019134381,15.783303817007116,1015.9064527821666,7.850773408000031,0.0,NNW,1.3503048537980775,Aotizhongxin
2063,2013,5,25,22,85.99344555690469,115.23911478874638,11.23555100850091,45.49184655168236,1484.0978812483202,84.13871045544313,13.019745366676393,1014.3640752276704,4.20971825097768,0.0,NNW,1.2887065116507657,Aotizhongxin
2064,2013,5,25,23,92.81598719209906,128.67719309939918,17.522500437237685,30.692292760131814,1702.2460742443989,63.89946994945718,11.716974166328601,1014.1669125605888,4.641092474207509,0.0,NNW,1.6293326753847053,Aotizhongxin
2065,2013,5,26,0,101.6420079427732,146.6933380244624,16.764471793307596,49.00190680558592,1863.2929137074639,47.65594342238255,7.87735929269073,1012.4083949372282,1.2304844490914801,0.0,NNW,1.9328505154653925,Aotizhongxin
2066,2013,5,26,1,107.07554466540252,162.5853674025944,14.174668723215213,40.189958487095865,1971.7216134955245,37.795175482531846,9.670273653345351,1010.1199035678248,1.6430222039821523,0.5035747444455818,NNW,1.981267502293741,Aotizhongxin
2067,2013,5,26,2,104.55570467922115,146.13400087854805,17.596794432313757,55.75341175338914,2092.0590520855244,51.127295665659695,5.743261738264871,1013.1620139609543,-2.659473051267724,0.0,NNW,2.632190522224897,Aotizhongxin
2068,2013,5,26,3,110.23179146607237,140.10221155743923,15.854034244015468,65.06480300418278,2111.721114968489,34.71551307147729,5.850162021855819,1009.2510874811721,-2.183231262566901,0.0,NNW,1.860892175947928,Aotizhongxin
2069,2013,5,26,4,120.69034268840886,177.39161872832244,18.782372383684866,60.60448754109502,2295.660186575796,45.03660995811382,3.3030978694484743,1009.2136891556995,-5.442943318513153,0.8721602015740209,NNW,1.9186131717329924,Aotizhongxin
2070,2013,5,26,5,127.39221697251413,185.89869142293944,18.165849410147686,68.72752935847701,2425.2983133322505,22.539654457701978,5.418619489471818,1009.3165303564998,-5.1287359238114565,0.0,NNW,0.8835097630107529,Aotizhongxin
2071,2013,5,26,6,132.27603212220674,165.76785837729537,23.524285400699114,57.32214132133653,2451.6875156367983,29.610878333893922,8.70845173890849,1008.3362987580841,1.1598383944198087,0.0,NNW,0.9876895030429602,Aotizhongxin
2072,2013,5,26,7,136.19832979810366,190.6396203806371,26.177665301938326,51.0089967002103,2463.615802376629,22.546165847571814,9.873658356379625,1011.2960367064043,3.0224119270016865,0.0,NNW,2.2296552349699548,Aotizhongxin
2073,2013,5,26,8,133.5559474868105,171.07690817473173,15.036562019214939,66.7767450555912,2354.825554792205,42.69547206087827,12.693334251526746,1008.0018867507201,4.462443334040886,0.0,NNW,2.5045347051192968,Aotizhongxin
2074,2013,5,26,9,129.57765163849615,174.762201318874,12.765885047303481,73.09421749633681,2215.3968561504525,48.81080587658281,13.77525936642871,1008.450543402395,2.3776420935703566,0.0,NNW,1.7916224998424786,Aotizhongxin
2075,2013,5,26,10,120.89384062116233,160.22328759999925,16.764482734445842,47.03164047864087,2208.0440462167803,50.886251576366,17.771110911232636,1008.2008558243867,8.913538343250007,0.0,NNW,2.7463663729194976,Aotizhongxin
2076,2013,5,26,11,112.39412055012976,165.44441575260151,11.73884812902656,59.95393434290478,2014.841661104658,42.67016066839855,20.177818837387605,1010.1933569013675,13.5364019451895,0.0,NNW,0.8736864632724313,Aotizhongxin
2077,2013,5,26,12,107.09263379613867,151.09798905631598,15.138634811012752,45.347387270531286,1901.840989279614,,20.300415282037616,1010.5375508618977,10.143042513232402,0.0,NNW,2.3188309782376573,Aotizhongxin
2078,2013,5,26,13,104.14360019173829,132.9451302608733,15.952713115905176,29.138086924404973,1707.7593863849795,68.81361601367855,24.62407880486527,1014.6485190515157,17.66790483802085,0.0,NNW,1.318577915288441,Aotizhongxin
2079,2013,5,26,14,96.35038644208993,,16.982425691800476,25.947957589182707,1535.1641972953398,55.62258591875636,22.109160842513727,1012.6753675053627,13.441036649959068,0.0,NNW,1.25539986518005,Aotizhongxin
2080,2013,5,26,15,88.33642594708785,109.33293808663882,12.068649770213106,30.984142563154258,1424.1760934339159,75.26632008578464,25.276357120896527,1015.683118245729,17.248194394884116,0.0,NNW,1.3880672607321518,Aotizhongxin
2081,2013,5,26,16,83.57097910457748,120.3005086511179,10.09040730652907,24.4437936209184,1364.8676537534852,96.81968862796978,27.307647303628933,1017.449220887527,18.278798037453125,0.0,NNW,1.9353875448967583,Aotizhongxin
2082,2013,5,26,17,82.97879342515505,108.03020410230151,4.235216118835407,15.178179660152722,1265.8874061362305,82.34859016542296,24.681079844573013,1017.1302769046358,14.977706080146092,0.0,NNW,2.351117543619031,Aotizhongxin
2083,2013,5,26,18,76.18114894929295,102.99683770370491,10.078555447557395,11.44768575019676,1249.538450810768,70.11455360968048,23.08251668092113,1015.2081702488601,17.233886383326688,0.0,NNW,2.290383367212278,Aotizhongxin
2084,2013,5,26,19,68.01865034807194,100.26881796768456,10.384232650203042,18.90772885080658,1107.463471989294,78.07405318046536,18.653859987576972,1018.2275189594574,11.877618536434207,0.0,NNW,1.7676142528499819,Aotizhongxin
2085,2013,5,26,20,68.81351562524452,101.55341586593761,12.586743423716044,29.229963990960176,1196.0256068296874,75.3437118378352,20.2417835307545,1016.1594476018503,13.208865075007559,0.0,NNW,2.505813873938455,Aotizhongxin
2086,2013,5,26,21,68.69822459952462,109.54720517489406,9.339001789479989,30.80665835544394,1263.2373771176765,99.0807573280293,17.065077141903433,1009.7901094730398,10.427910365206301,0.0,NNW,3.3493931146800078,Aotizhongxin
2087,2013,5,26,22,72.8788672445318,101.20787714563,11.194842199292419,30.99009633999937,1444.3504351523502,89.15679080513897,11.146424514631441,1012.5332966188332,3.900496823085186,0.0,NNW,1.9044710388391681,Aotizhongxin
2088,2013,5,26,23,79.5231746161863,114.39695309229421,9.271898008574839,41.43871665228143,1543.039148789277,73.77983046857882,9.287855137277688,1016.0963596983181,2.7040520209480396,0.0,NNW,2.0758366190088346,Aotizhongxin
2089,2013,5,27,0,85.47475233316987,115.28728004239457,8.126121579347805,53.3202137589015,1771.1018945800688,56.56924069258602,9.810916255524557,1014.9686436830293,0.8150651365539344,0.0,NNW,1.5106160173491279,Aotizhongxin
2090,2013,5,27,1,99.04919382412847,140.48877018000783,12.968603953122253,53.3293929855236,1828.5369286366617,65.53582048223421,9.033967029630748,1011.7581271946178,3.1004973605493165,0.0,NNW,1.6864331673861641,Aotizhongxin
2091,2013,5,27,2,107.59160152946214,155.0231026213321,12.789022557240951,54.02953062888336,2067.228757456261,36.165403609495414,3.443712684473885,1011.0681379539167,-2.6236407262201205,0.0,NNW,2.9986778122791575,Aotizhongxin
2092,2013,5,27,3,115.00670240350189,160.02628489035888,19.54567079219457,66.56671167701646,2211.866233661656,53.0880836227789,3.494433845413135,1006.9078781315515,-3.9348432033099563,0.0,NNW,3.006926574738534,Aotizhongxin
2093,2013,5,27,4,122.26308965761223,153.13082067973215,17.77572484892162,54.64170565795841,2355.5195386540163,47.62910027958948,5.125061602476063,1007.1495841435997,-3.3069302193515098,0.0,NNW,1.839146016743307,Aotizhongxin
2094,2013,5,27,5,120.70476986162807,172.30138676958825,18.214917741220972,62.51916020933855,2311.3404925862073,34.33839699628049,3.0831049179918417,1009.641104069474,-6.7521889099827685,0.0,NNW,2.3922013328701937,Aotizhongxin
2095,2013,5,27,6,125.88344222263709,179.88243388524648,17.046760861474365,63.391296515197055,2491.2898547516384,46.39186313350772,7.95749992844866,1007.8518304851242,0.300486589754951,0.0,NNW,2.736365829887265,Aotizhongxin
2096,2013,5,27,7,124.5581598651673,167.5796890477547,10.13193283390804,54.4228904582386,2383.4838065105537,31.379643048134795,11.778615271044977,1007.3002676363287,6.305988040547074,4.378171068797847,NNW,1.6427863689991544,Aotizhongxin
2097,2013,5,27,8,124.24306965899325,161.0964271618654,23.855059265164847,58.96151477741392,2286.0013431389757,,10.25385402462117,1007.2962558952918,0.5125982645946725,0.0,NNW,0.9552733990443982,Aotizhongxin
2098,2013,5,27,9,115.18808204889592,176.02210637349393,15.534722337602373,42.54245817656853,2203.5461193451056,52.10198060033552,15.190660447462632,1010.8134100965367,8.717773170251041,7.4358561884164125,NNW,2.5514471598064175,Aotizhongxin
2099,2013,5,27,10,102.75984354923526,148.77823607787337,16.26273979045028,70.29742438130363,2006.4206722498764,46.64757070860541,16.715534393532234,1011.7440643071003,8.008376082672399,0.0,NNW,2.7171100929039023,Aotizhongxin
2100,2013,5,27,11,98.79597353441098,136.02355263895825,11.929418729644674,42.677070594559915,2033.057163428663,59.54732990542365,22.45991892313088,1012.005248276025,13.880772245907961,0.0,NNW,2.5994230401138125,Aotizhongxin
2101,2013,5,27,12,92.53704028572542,118.18152756854072,17.915791030321902,57.68891305137049,1792.793502262054,78.20886591559406,21.216380018665898,1012.1325501321651,11.453191531771596,0.0,NNW,1.700680940712496,Aotizhongxin
2102,2013,5,27,13,81.16426271521975,105.41181951709419,14.136191585599368,40.12829514370552,1548.2695514661607,59.24793540360005,25.93874366946726,1012.5805822539791,16.810004279616805,0.0,NNW,3.218488697127203,Aotizhongxin
2103,2013,5,27,14,70.4501817431966,111.65615840833755,10.020904144202396,39.51891305724768,1358.0056196856126,71.06620495160024,23.76307565667384,1015.8860274393694,16.73324878501556,0.0,NNW,2.2274118067627677,Aotizhongxin
2104,2013,5,27,15,68.73871744525924,97.61082383204338,10.287777260035192,26.947465989461605,1314.6198702115285,93.37401457544081,26.156763708001193,1013.3317142159838,19.31345506113635,0.0,NNW,1.0819283454023925,Aotizhongxin
2105,2013,5,27,16,59.213511195853194,77.3930450041874,15.704412747452418,29.342929460004623,1177.2410360694607,88.3379524031638,25.03717669043473,1014.5409873237492,17.390963812049637,0.0,NNW,0.7231300324556877,Aotizhongxin
2106,2013,5,27,17,62.78719033373817,92.99895877947999,9.951462572910824,30.88540059412612,970.3496961882457,77.15031821518075,23.452845038072937,1013.9274464098755,14.701625740933158,0.0,NNW,1.762244627236144,Aotizhongxin
2107,2013,5,27,18,58.162482183818724,73.28349318288298,9.454799387152283,30.316419315153457,1097.4495152072166,75.44982296460522,20.885274958284512,1019.4704595559863,11.229939154936154,0.0,NNW,2.1798492240820493,Aotizhongxin
2108,2013,5,27,19,61.73827509758023,101.4420154394161,7.346226410136862,31.87967059481349,1108.934197463946,78.86733925619325,20.48464313197684,1015.3882958831866,12.577280832192178,0.0,NNW,1.769643053547426,Aotizhongxin
2109,2013,5,27,20,63.42081386972319,102.31714476657972,4.986129529660898,24.732830243997817,1095.3991583546613,74.26648804658218,16.92738755729784,1017.1381425924254,8.379956100972914,0.0,NNW,3.5948499190715424,Aotizhongxin
2110,2013,5,27,21,70.60112227198931,94.17583046875725,10.984350073329228,27.014986996338205,1325.9769726825043,80.051150724559,13.965350662787795,1015.2844188645137,6.28212279644394,0.0,NNW,2.323186820995787,Aotizhongxin
2111,2013,5,27,22,74.63786969912893,98.2063151084719,13.476455336973851,22.246589397859164,1509.4123582709444,73.284345071976,14.620893661038373,1020.2950779802438,6.139037111307876,0.0,NNW,1.221481010970034,Aotizhongxin
2112,2013,5,27,23,81.2221267217641,87.52964542354692,17.0046581674704,44.00937118736506,1574.089193074493,69.26285367031656,10.821295341239844,1014.1779061335843,2.37779816121165,0.0,NNW,0.2,Aotizhongxin
2113,2013,5,28,0,89.15037477642261,109.99471697147796,8.254510396501033,53.659029690587545,1768.2244203242242,51.591871984402175,8.894390615995329,1008.2757184815093,1.1328316451640235,0.0,NNW,2.188011239359861,Aotizhongxin
2114,2013,5,28,1,92.90619630637237,116.67397707934374,12.918806244443516,63.10423434139385,1936.9831430902072,52.82118479718443,5.752348184237219,1013.0567762876806,-1.7193631187971976,0.0,NNW,2.791163271755324,Aotizhongxin
2115,2013,5,28,2,103.10492233497723,145.69879467884198,15.757776728330649,57.44138107664406,1983.3262711438153,26.943002260437833,5.06177421648436,1008.7256980727886,-1.102343848369037,0.0,NNW,3.491013766903862,Aotizhongxin
2116,2013,5,28,3,107.26527150468729,146.9090430621486,18.525091360213132,53.010297440462395,2048.0863122537717,43.772393643949975,4.627134998973332,1008.0626104901692,-3.8783475021387064,0.0,NNW,1.8380706029724532,Aotizhongxin
2117,2013,5,28,4,111.11843052126397,142.11244785561715,18.895025944336922,48.74373892937313,2268.2009088493623,50.10377135494769,5.846600105860783,1006.3248484550577,-1.335158118560803,1.9851781823959422,NNW,3.377599283806527,Aotizhongxin
2118,2013,5,28,5,110.13804569796879,151.38162355251075,19.46456307438353,72.65185039044816,2255.094119277305,21.60439524931149,7.3024511399193734,1007.5615959058316,2.0078842284674856,0.0,NNW,0.9128578886253473,Aotizhongxin
2119,2013,5,28,6,200.9109362741155,286.32868226023515,21.224288175709834,50.629787465779714,2938.578817574347,39.83428230647461,7.883555132667167,1007.3650262753497,0.741669619008511,0.0,NNW,1.7248735632111287,Aotizhongxin
2120,2013,5,28,7,199.12460001238685,284.05283351649746,17.119749799108014,61.59368390383123,2975.4586338079325,29.74171082516766,8.811032508729038,1005.8794165132574,2.5574089990765074,0.0,NNW,1.1884820366743094,Aotizhongxin
2121,2013,5,28,8,105.77804902369962,129.09256582459065,22.132551345623277,60.526053452139614,2229.0119223929037,46.37437644232273,13.552665234514615,1006.6535839401049,4.621724225611529,0.0,NNW,2.633680727000612,Aotizhongxin
2122,2013,5,28,9,104.14890749735497,144.52583569145864,19.83589123103118,58.5864945209228,2108.585389215241,43.9088049824591,15.050105802312505,1008.6670383602439,5.9695723417899895,0.0,NNW,0.9591380961185421,Aotizhongxin
2123,2013,5,28,10,97.85866254282098,123.16871979023327,16.54050320761576,55.28642080028672,1943.527918805816,51.547041126604405,15.426935882868735,1004.8145370269799,7.187874690291329,0.0,NNW,2.321399699667703,Aotizhongxin
2124,2013,5,28,11,89.57167057906351,134.41762578209165,21.09681920117935,51.28156135299102,1808.9256296586912,54.17776285999138,16.79705787488047,1007.82290983348,8.71764804705986,0.0,NNW,1.006536502855103,Aotizhongxin
2125,2013,5,28,12,81.89696279723609,122.49721207966549,19.6692481067153,25.677093903371762,1654.2018791128214,73.28331806384352,22.517913575056184,1015.3399841921961,16.1241503507301,0.0,NNW,3.4062252424411037,Aotizhongxin
2126,2013,5,28,13,76.32086790486129,97.86894280356121,16.504590840068822,39.9408663769106,1410.565212066578,69.94458090451404,22.41604333952783,1013.9497371141531,13.321517415755796,0.0,NNW,1.7005951699785673,Aotizhongxin
2127,2013,5,28,14,64.36218799670155,82.44661117137817,3.444329688296625,17.16339540710499,1307.7587563150778,65.44576285997549,25.30585145698536,1013.4501820265184,17.172909591688978,0.0,NNW,2.302372679321968,Aotizhongxin
2128,2013,5,28,15,62.60627133978063,83.03610937070981,16.201301372221188,36.71560896099702,1150.7904346363819,78.66482005287371,23.836572536704097,1012.1433682428591,17.448810407223913,0.0,NNW,0.5689819018141156,Aotizhongxin
2129,2013,5,28,16,60.70023792360889,65.70023792360888,13.05414854849361,23.238490677882332,1172.1430394761505,77.96182466495047,24.85903692163319,1016.2174946890293,17.182352296731203,0.0,NNW,0.8041582279302493,Aotizhongxin
2130,2013,5,28,17,60.57596815130175,88.16603714622822,16.189596781693467,8.42518967243183,1020.1852859154479,85.7721447224226,23.09265174590125,1018.8000133150076,15.076426290444378,0.0,NNW,1.3812828235878016,Aotizhongxin
2131,2013,5,28,18,61.307645895212715,83.1022587898965,13.712393775200615,18.486362580916992,1141.0957773892485,80.80230287633188,24.698949027275432,1022.2784122092999,17.05669545947583,0.0,NNW,2.6804145022153785,Aotizhongxin
2132,2013,5,28,19,62.408337737316614,97.07342365792184,14.905398901046514,21.1208807607414,1092.4381179222087,77.38003830176356,21.425473486727967,1020.6137419814368,11.734144734461672,0.0,NNW,2.5272723889548434,Aotizhongxin
2133,2013,5,28,20,68.09679535632279,84.35142131922638,13.305837531618945,37.20508886475127,1171.2154159982063,83.64335722209542,19.609135801306955,1014.5562509786652,9.893506129944015,0.0,NNW,2.8683119688799543,Aotizhongxin
2134,2013,5,28,21,75.23161056922504,99.13302531441573,15.510545690003799,32.430966310271,1333.73290194428,78.23556581582922,15.0360716536786,1014.5439348431642,4.653751026228189,0.0,NNW,0.7922153414524633,Aotizhongxin
2135,2013,5,28,22,80.02865116105737,96.97485904508915,18.48237122220332,37.755559554804634,1396.927487027289,83.1395584504585,13.645350957647114,1011.5570015395267,5.955373638701519,0.0,NNW,2.40549549861706,Aotizhongxin
2136,2013,5,28,23,84.9696727163941,108.91463616800921,14.35556898962201,49.27339217171438,1590.1670513966474,62.32091733623491,10.137475116401717,1011.6107850922647,3.5157572411662414,0.0,NNW,1.5520820257859915,Aotizhongxin
2137,2013,5,29,0,93.14166925051768,118.57851699004254,10.28330836776561,44.230845696604085,1708.5279152697228,40.19146152504693,10.133319239285115,1011.5743136737505,3.28169896619092,0.0,NNW,1.3535165308141397,Aotizhongxin
2138,2013,5,29,1,107.10232120957404,159.9029864818681,15.371712525467176,56.209884590309635,1932.509462101362,49.89081588780385,6.2309028642712025,1009.9716307812351,-0.05365514688157469,0.0,NNW,1.5702178687022297,Aotizhongxin
2139,2013,5,29,2,109.3813215538828,146.15123168792198,18.66983679815031,60.47088891145594,2095.3182808975193,31.23569241083423,3.2445077265681266,1013.6091346131589,-2.574158944851061,0.0,NNW,1.906825764746348,Aotizhongxin
2140,2013,5,29,3,109.72442392646946,154.85595034450336,18.760196659047413,48.85037967517565,2103.7090671996557,46.479050211302074,2.002067712119092,1005.8337522091148,-5.7809612111486635,0.0,NNW,2.528835532774185,Aotizhongxin
2141,2013,5,29,4,115.15102596935225,157.4038023184751,15.590441120443911,74.1043766967274,2204.401504180476,21.610385621901163,7.84320841645609,1007.579684082702,-0.25370316020423356,2.5849234056300947,NNW,2.8982442407111026,Aotizhongxin
2142,2013,5,29,5,118.35158945191519,152.99757257255314,14.936426255860404,52.956102285215806,2345.594321501466,25.968143718632277,7.0575026733819035,1003.0434513439614,1.271449715645593,0.0,NNW,2.416857702672844,Aotizhongxin
2143,2013,5,29,6,120.06718132072479,166.41104961729826,17.77651199409551,72.33893319582279,2359.192457941329,31.37665541725137,8.745317463197138,1007.6617815609754,-0.30620533181849274,0.0,NNW,2.5066165889766925,Aotizhongxin
2144,2013,5,29,7,120.02076890103082,,22.252847799397795,52.181932230536304,2354.9711189643435,51.29136039038474,12.234471763437373,1004.4869601872027,2.4666728328625007,0.0,NNW,3.4584396383836853,Aotizhongxin
2145,2013,5,29,8,,150.5057321648603,24.071146331391102,67.13040238090217,2291.8397010086687,27.620463748239857,9.93420713338586,1009.8751255978434,1.4258879545322067,0.0,NNW,2.557658473285249,Aotizhongxin
2146,2013,5,29,9,117.32284228382434,172.34310710466787,21.28523674726584,74.03745464893234,2224.2942284355627,42.44638030180217,14.462098177152289,1007.8824143080367,5.778483213150965,0.0,NNW,1.8289321348060559,Aotizhongxin
2147,2013,5,29,10,104.70602293432188,138.09122289327365,20.67228186134241,53.29617074759831,2068.0528146729284,53.29976576957259,17.234085706602656,1006.6960314634342,9.306575825334187,0.0,NNW,2.4648837878544585,Aotizhongxin
2148,2013,5,29,11,94.15660618827651,126.9894094028587,16.051648506021934,,1861.6522818961537,68.37012940464395,21.113412849810523,1006.5005012673715,11.838383313095843,0.0,NNW,3.3661167233827594,Aotizhongxin
2149,2013,5,29,12,85.97901579460472,125.67745334254707,9.773752626882107,49.883519994534794,1587.4669313730726,67.7779475172141,21.03210747421415,1010.0427250227807,13.58670719135915,0.0,NNW,1.3037114677574109,Aotizhongxin
2150,2013,5,29,13,71.64168919691245,93.66400330348254,12.340243031839279,37.188447450249235,1382.2116658011987,77.40954564388767,21.8581934225722,1013.7728570069983,13.004525361986474,0.0,NNW,1.6552504333253304,Aotizhongxin
2151,2013,5,29,14,63.70284293225979,89.55972869852235,11.723706764382866,49.54622962994258,1406.0202024701825,81.14307058851541,22.84373528639502,1015.343027294313,16.68604102592883,0.0,NNW,3.160102199479428,Aotizhongxin
2152,2013,5,29,15,64.13552015957545,86.6428199355247,9.973308633560217,32.39540237193862,1230.2450421549281,65.58643981570228,26.72412711440803,1014.5386579435863,16.93227885924847,0.0,NNW,1.7676216660555988,Aotizhongxin
2153,2013,5,29,16,59.45150743482254,84.52579047578973,10.833957577201685,25.118135858545422,1176.7139805506597,85.24755613778143,23.545460122186004,1018.1817211057881,15.336250898107851,0.0,NNW,2.6114317401395626,Aotizhongxin
2154,2013,5,29,17,57.37729838255835,62.37729838255835,11.494630148233512,21.35919925105317,1055.362861263486,92.63475517894894,22.832227811361673,1014.5581433456553,14.329856373995405,0.0,NNW,3.031269805598389,Aotizhongxin
2155,2013,5,29,18,51.3144141105401,56.3144141105401,12.559045564730493,17.536412238615835,1007.6145581646243,75.4349971032598,23.022815037957333,1011.1458803149828,15.369149921963034,0.0,NNW,0.9953436168218337,Aotizhongxin
2156,2013,5,29,19,49.871193689710125,75.97934122606256,9.336011275455656,20.659443580158715,989.9309862885116,78.35054688998648,18.95158188764765,1017.3947364329304,12.34163861188771,0.0,NNW,1.6732619113676743,Aotizhongxin
2157,2013,5,29,20,51.36742084355325,,4.958594764144027,24.874104775042458,1187.825571807719,73.6187121433404,15.030767816891746,1018.910318644289,7.430084176475161,0.0,NNW,2.9637514272314815,Aotizhongxin
2158,2013,5,29,21,54.86411913446506,67.70489975293586,10.015832936193858,26.956751788280407,1168.7323617193085,85.40389938934402,12.627448239412654,1018.1342012532483,4.434561441885834,0.0,NNW,1.8988587207937675,Aotizhongxin
2159,2013,5,29,22,66.20389775007656,,12.63113119097595,29.73459780690316,1302.8882867253024,71.8071887967087,12.326598453901605,1011.9003815187693,5.363481010549546,0.0,NNW,0.3851260064451092,Aotizhongxin
2160,2013,5,29,23,75.6700906399014,108.88531942488497,17.374328540887618,56.614348940769084,1419.2561214066932,63.26201718421208,10.745992645547837,1012.2047088508695,4.010529799672064,0.0,NNW,1.5920241815663054,Aotizhongxin
2161,2013,5,30,0,78.98883016522893,117.51653824790753,13.296576473447683,36.75923938808408,1730.597313458624,47.18330083347013,7.625564322358894,1013.447640031481,0.029364017415408228,0.0,NNW,2.6355699638763452,Aotizhongxin
2162,2013,5,30,1,87.73942063203255,102.55841616813709,17.831726110710807,51.34944160321981,1797.2790638358533,52.85558134049906,6.985410017869216,1009.4516925585699,-0.43320224117104034,0.0,NNW,3.0211944796846235,Aotizhongxin
2163,2013,5,30,2,96.96773627294408,126.89442831233794,18.370263698906296,59.740168078086974,2012.9533461616325,41.82411645015251,2.9214854480978634,1009.7107697212169,-4.108561232458716,0.0,NNW,2.040676238891843,Aotizhongxin
2164,2013,5,30,3,107.7415358626256,147.51235640917707,18.6672355053029,64.18299958840082,2187.5748638909513,44.75572612297793,2.6820446885478377,1007.0315863024467,-7.783845400226038,0.0,NNW,2.387025286647998,Aotizhongxin
2165,2013,5,30,4,118.83125728683581,173.39516217393063,22.121726976895964,61.851651469428994,2273.9186936369433,26.91969291893453,8.721645611550679,1005.491095466155,0.19543779436599418,0.0,NNW,1.7047518990378907,Aotizhongxin
2166,2013,5,30,5,117.76789319466322,189.85935530974345,17.8471055411876,62.392895951002885,2362.1361148422407,37.6309169378353,8.188922370360634,1005.3776235657411,0.75327326717363,0.0,NNW,2.722547370830661,Aotizhongxin
2167,2013,5,30,6,115.54668836114979,159.48530643751252,18.27444065106945,68.61237992991605,2294.1665925516177,30.610492295011795,9.082390025982301,1008.9114503859024,0.6449788003207386,0.0,NNW,3.140156445767861,Aotizhongxin
2168,2013,5,30,7,109.49415171416338,139.22203777878883,19.793926662162658,66.45068972560696,2212.8022261269634,23.35888508542183,9.010412993898342,1007.1979363978164,0.5781926594410576,0.0,NNW,2.6145599202035847,Aotizhongxin
2169,2013,5,30,8,105.56105960259657,151.8081642156482,17.409687503641095,60.24883739754867,2249.1218729601587,25.076524526607564,12.054800262879116,1010.2136362578889,4.6171525770790165,0.0,NNW,1.905466602789813,Aotizhongxin
2170,2013,5,30,9,102.65893442244516,156.9324660868303,20.059570779096536,46.64710704993551,2096.2047188630704,30.55212659010937,14.9974840242996,1009.505307483976,7.593951485322746,0.0,NNW,2.3472888521931865,Aotizhongxin
2171,2013,5,30,10,100.39506905320513,141.63323788428218,15.360423086901601,51.25661022133402,2029.0861941057738,45.43600942559458,19.559709621599993,1012.7129304629619,12.260298653456323,0.0,NNW,2.7619903209096934,Aotizhongxin
2172,2013,5,30,11,92.85583631171069,120.93168538485203,16.97300784874801,41.003979592390756,1866.9203582287828,54.73947821607198,20.60417414966764,1012.3420411604048,11.41583895708718,0.0,NNW,2.022161350303347,Aotizhongxin
2173,2013,5,30,12,83.81187486561566,126.91656422666212,14.699481693639731,39.66272359946939,1702.3915969276898,62.69823632377181,22.85993851379718,1013.5186816604934,12.733233472965907,0.0,NNW,2.6404232129285474,Aotizhongxin
2174,2013,5,30,13,76.65433548153503,113.95152585913338,14.350682668817512,40.08940500608526,1431.8802191011907,69.5460053048475,23.408771635168137,1013.0531194282412,16.6153518086969,0.0,NNW,2.296247182051016,Aotizhongxin
2175,2013,5,30,14,66.07833522809057,82.24886087737055,11.120775814810884,37.869889151972934,1299.3621552589061,64.914767390208,25.848255863150808,1020.5184131529933,16.734632601918058,0.0,NNW,3.1354862424101677,Aotizhongxin
2176,2013,5,30,15,68.22328667927327,99.326857526326,10.447201210486783,45.10148638660831,1246.7198230847462,88.26169861061543,25.45348412114691,1015.7609303457218,16.236196086738495,0.0,NNW,2.56011011685012,Aotizhongxin
2177,2013,5,30,16,57.02508389286431,89.80777312659876,10.957900785068958,23.380240893080718,1068.2165759840645,77.22837983452943,24.725292362009203,1012.3832802806704,15.372665073891167,0.0,NNW,1.601154082528145,Aotizhongxin
2178,2013,5,30,17,54.76703353330832,88.49274737222058,10.776594387038598,31.87848855641984,1073.2162801516588,88.64964325782402,22.54562777956498,1017.3656962106733,16.27217299156829,0.0,NNW,3.1235952079049825,Aotizhongxin
2179,2013,5,30,18,61.83923319889891,85.91043672536391,9.987394253826531,27.44768019550269,1154.058519470986,83.35844566506184,21.90071019871303,1015.0354155135251,14.218750416842724,0.0,NNW,2.368044153795054,Aotizhongxin
2180,2013,5,30,19,62.88865778846683,84.46332644206036,15.28645793809391,36.04946483933695,1183.9981645594223,87.90435797425712,18.380700944330066,1018.8636721746486,10.894486041906868,0.0,NNW,1.8882112489657574,Aotizhongxin
2181,2013,5,30,20,65.12551432359976,103.44845827385228,7.697662224853954,,1157.6337148145285,79.50735443316182,17.52798194204478,1017.7817605352841,10.562308716885981,0.0,NNW,0.9167970456059396,Aotizhongxin
2182,2013,5,30,21,68.46329131029478,83.74700280460384,11.271854709209121,22.790012957978515,1279.4619111306345,81.61401829540935,15.133367036947352,1015.1525066060675,7.0698112413240315,0.0,NNW,2.1851031432465353,Aotizhongxin
2183,2013,5,30,22,73.95492801884158,107.92269213558826,7.779112933649044,21.215631765670143,1413.9215993752373,72.42611130119678,8.805031972065322,1012.7242139731137,2.3240646660638844,0.0,NNW,3.4679111155276514,Aotizhongxin
2184,2013,5,30,23,86.68175056447207,107.6541845166166,14.82214921048955,42.31371269528961,1620.9891911849445,74.60888183406993,9.654490691349249,1013.5869466789542,-0.1407140426200879,0.0,NNW,0.2,Aotizhongxin
2185,2013,5,31,0,85.5988742722297,130.4921867037176,11.654260390869558,40.77239201679687,1640.8842405242053,51.81314956788802,6.165111881227635,1010.7175323842858,-3.463298627403374,0.0,NNW,0.2,Aotizhongxin
2186,2013,5,31,1,99.49718043049064,136.7155974465753,15.459164457882874,42.333870934445635,1990.5340748981816,35.8306105135312,7.087704950430655,1012.2815127600551,-2.623449248068403,0.0,NNW,2.6138714822223346,Aotizhongxin
2187,2013,5,31,2,101.03678046761445,154.13732501113492,16.38380702400602,44.85937836373538,2054.620252958238,37.76642580565903,6.296481352435809,1010.612031428516,-1.0710159012086908,0.0,NNW,2.188937847518242,Aotizhongxin
2188,2013,5,31,3,106.1833745862732,153.57085198433774,19.378207285736252,60.42993960442819,2179.9421763494265,53.011514622716646,4.360490273502023,1014.3363992790541,-2.879883182199942,0.0,NNW,2.5379069726650907,Aotizhongxin
2189,2013,5,31,4,109.2339555830153,140.69533551560212,17.67175426628665,74.3821696701957,2280.4548090229177,36.80377670651164,6.164274867792191,1006.779643903776,-2.5445981872780643,0.0,NNW,1.5788912572460743,Aotizhongxin
2190,2013,5,31,5,114.58518133723705,174.6655311929043,,61.04913776013303,2329.7585783268228,36.77247729823892,7.2263463666582055,1006.5635196115853,-1.122311156524957,0.0,NNW,0.2865781317602556,Aotizhongxin
2191,2013,5,31,6,109.21490914102998,168.41332546171927,24.307569392257694,69.72216248860258,2222.353601975691,24.46363385953613,7.584358429016873,1006.6904486521264,1.4864643302097207,0.0,NNW,1.3344119987314562,Aotizhongxin
2192,2013,5,31,7,110.04137459402979,162.88078935763386,20.68332950286892,63.50038572404062,2259.7526906901103,36.50739159427608,12.301430462955487,1006.9483998000125,3.259776169025848,1.8512154675279564,NNW,3.248004241380258,Aotizhongxin
2193,2013,5,31,8,115.14160041203831,153.58236192649144,17.64697446285539,52.005451362861635,2184.9902950569863,28.121238464662067,11.32419714346504,1009.7240308570008,3.767346330344969,0.0,NNW,1.63872861317774,Aotizhongxin
2194,2013,5,31,9,104.92134571573035,143.8297444584484,17.783032890499044,65.02062637181429,2142.967103685416,33.56451771980876,17.207048554879748,1007.911774803943,8.178474748349943,0.0,NNW,1.6456570641763213,Aotizhongxin
2195,2013,5,31,10,99.46696695057551,140.7080259048633,22.436064856812234,46.24246364778103,1987.2750526963268,43.475163171761196,17.250391307250396,1013.444763432287,10.89435279466065,0.0,NNW,0.2,Aotizhongxin
2196,2013,5,31,11,89.58360959246473,118.37994943613627,15.588600590759315,50.34939394679893,1818.1703756043798,57.98049645085843,18.73501047016105,1011.8704549939388,11.677649746570053,0.0,NNW,0.5564160122837065,Aotizhongxin
2197,2013,5,31,12,83.52258706416126,133.8550876144578,12.932170130542836,42.26783667995756,1728.3807530175727,65.5184758064251,21.5437450981589,1011.0285279040239,11.445362959152021,0.0,NNW,2.888133731130903,Aotizhongxin
2198,2013,5,31,13,75.83460682074865,107.61171426630847,11.650916324108216,46.968238574475116,1480.299534597158,72.26092510694139,22.0111701962504,1011.8116038555512,13.619968651778482,0.0,NNW,1.7924575560237068,Aotizhongxin
2199,2013,5,31,14,66.03323053764706,71.03323053764706,10.852620557031269,26.534792060234516,1315.6596863625725,56.61915884955626,25.836095063974486,1016.5817443868169,14.717584877380105,0.0,NNW,2.7929615085244195,Aotizhongxin
2200,2013,5,31,15,61.77151624153494,89.87368086571111,9.680972926787097,33.98482363868474,1212.4280822558217,77.61102452576107,22.595846532887087,1015.5925742097064,15.946529904403333,0.0,NNW,1.3970405027495663,Aotizhongxin
2201,2013,5,31,16,64.22135000274517,86.4283160356701,6.830929436030078,20.961112665521622,1075.3610260375044,79.6828167607836,26.74367109354392,1016.3482471264357,21.814634519926074,0.0,NNW,0.8257743696082678,Aotizhongxin
2202,2013,5,31,17,60.4607221606971,83.89574546379147,6.797770577713726,21.592641775588355,1084.0122639818494,68.82632149641215,22.256453235224697,1015.6326686785972,10.985791555223873,2.056387557533456,NNW,1.7912611352918608,Aotizhongxin
2203,2013,5,31,18,62.31752871796186,83.55834654728962,7.51203887691589,5.0,974.2504841293858,85.15983766722198,23.326047869634408,1016.877108638159,13.185399833228836,0.0,NNW,1.5416375046937616,Aotizhongxin
2204,2013,5,31,19,58.166662097805144,89.50379110299407,11.94508392391395,42.4182720471619,1049.686888172027,81.64387348285909,20.0363387915907,1015.5517194298399,12.28731891694548,0.0,NNW,1.3335278591072481,Aotizhongxin
2205,2013,5,31,20,57.33792926567202,91.46997875747464,9.526161119259188,32.08394738692108,1155.0527252812421,86.76589181578984,17.994413375599603,1019.0535499313742,9.966725160165423,0.0,NNW,1.3543924933726155,Aotizhongxin
2206,2013,5,31,21,63.995113055130275,92.42368989976892,10.842981026785141,24.71908448876373,1251.4815198789765,78.49014029206171,14.114934943083956,1016.9696542104435,5.4986671853762745,0.0,NNW,1.8920495178949575,Aotizhongxin
2207,2013,5,31,22,76.14478060487055,103.20958097543716,16.31026407576469,26.00275449333604,1379.4172293162603,67.00679469716748,12.941021549474492,1014.1504623213984,2.334591523597791,0.0,NNW,1.606745097230501,Aotizhongxin
2208,2013,5,31,23,84.80266264693758,118.3103556576209,17.590926224302645,35.858429074914845,1576.9335940456826,75.72810063213282,10.2024614328263,1012.9151590594071,2.6876316777889935,0.0,NNW,1.2541853382702102,Aotizhongxin
2209,2013,6,1,0,91.31500187792062,128.03699879486516,14.153625170586794,50.73503627855561,1676.7705366668447,37.78766499224876,5.742065585880533,1012.1843483364785,-0.9266636361989993,0.0,NNW,3.443771498626636,Aotizhongxin
2210,2013,6,1,1,99.07673885268964,130.68313399511712,14.401504693462376,35.039701497371006,1896.0243587050493,52.88687258814088,4.8959959577557255,1010.6948242967431,1.1664741308870719,0.0,NNW,2.366364019865519,Aotizhongxin
2211,2013,6,1,2,101.31053656373513,147.62403767494152,14.906709058979386,53.8673246456453,2157.0003067845064,29.867490680080643,4.529373570594608,1007.5861276413816,-1.5096945462001607,0.0,NNW,2.126786203292161,Aotizhongxin
2212,2013,6,1,3,109.94180130475303,158.5189450652589,20.61386121505745,73.30727060343234,2254.6671889312397,33.200397758275116,3.8675052228103257,1004.6629178372973,-6.080568765101529,0.0,NNW,1.9467636783721347,Aotizhongxin
2213,2013,6,1,4,118.2386922319834,180.93858152254347,18.71600531835533,53.24893738794634,2294.950805870506,43.59750193548253,7.219958155184794,1006.0744716481958,-0.7978789615578584,0.0,NNW,2.5324917331964145,Aotizhongxin
2214,2013,6,1,5,,179.7517788089907,18.67014446047697,64.9615968358906,2349.7962873677156,23.109879538365263,6.350267237926864,1006.9133358872245,-0.7616161799000633,1.906724087379474,NNW,2.425458746690765,Aotizhongxin
2215,2013,6,1,6,118.56940019607993,159.14041109861057,17.559006274587343,82.62647852206206,2299.576935836912,20.762821812960652,6.760925166674702,1005.5243336045651,-2.2714670046102423,0.0,NNW,1.1725766759225769,Aotizhongxin
2216,2013,6,1,7,118.61068790336016,174.25794680979388,17.520629904411173,69.37572956330754,2295.166378344956,59.67130417692954,9.26384526399544,1008.8090469293458,2.4338632663097752,0.0,NNW,0.7741838998980268,Aotizhongxin
2217,2013,6,1,8,113.86679628405886,149.9039809667377,20.290301593401928,63.32789863957242,2275.4537478914813,24.756474391187385,11.655114923654192,1007.2115667092763,4.710181608559594,0.0,NNW,0.2,Aotizhongxin
2218,2013,6,1,9,108.83470714761881,159.3279110160748,14.589219108270951,63.19522726300298,2127.2757413737454,58.827539501216044,14.567925791992401,1012.2116132441245,8.42396536559615,0.0,NNW,3.43354488923569,Aotizhongxin
2219,2013,6,1,10,111.02039086868842,150.26240522856273,20.484606081363815,51.79307731992238,2133.3706066920863,45.77797835420739,15.975196343945806,1008.3770114835417,9.178560473847085,0.0,NNW,1.6437520491583528,Aotizhongxin
2220,2013,6,1,11,102.79685941878007,133.68307095253624,14.69256129406785,60.57343118447794,2004.3867774401372,48.28123265804722,18.779103334104022,1010.9873383718905,11.20681880926566,0.0,NNW,2.4736476305346637,Aotizhongxin
2221,2013,6,1,12,93.59892745761954,133.8389518676414,14.551092167244622,41.8053598167983,1765.4224589000082,65.66786390588204,23.22097817861179,1011.4222764876604,14.264080558098463,0.0,NNW,2.161649015057827,Aotizhongxin
2222,2013,6,1,13,83.24418888200329,89.79619315326319,9.694970900065734,24.150166228061764,1567.5127533070145,79.83641688300801,23.938268692894756,1014.1736513409822,13.99865080115502,0.0,NNW,2.730046990662626,Aotizhongxin
2223,2013,6,1,14,78.98552812107863,93.0699836254578,12.462902185272908,31.869575168476327,1347.8452437230965,61.039320578916715,24.43075194308038,1016.631502257994,16.759276150311308,0.0,NNW,1.948369709507439,Aotizhongxin
2224,2013,6,1,15,72.04742799260983,99.09148035191092,10.479503265995584,23.123988137255427,1330.9172237298624,72.57517163237837,25.00393422597265,1016.7520958237869,16.398183088407123,0.0,NNW,0.9376247444566066,Aotizhongxin
2225,2013,6,1,16,64.68237716138736,91.37974569229073,10.519631184508407,25.429939826731793,1113.8652907003707,90.11933244145348,24.590917128027566,1012.2685344799901,16.13012127151785,0.0,NNW,1.1703065440002987,Aotizhongxin
2226,2013,6,1,17,66.9705806153405,90.0656251598948,14.585497563640331,23.60881100157359,1128.4938579754257,87.0280887814967,23.346557380746923,1017.8293523523911,17.029243116825974,0.6932710198189059,NNW,1.719393423197104,Aotizhongxin
2227,2013,6,1,18,71.62676742206708,84.48311140371791,10.53309413737072,34.57938559843926,1220.9929339957935,96.01917830641382,22.846725069926695,1014.9782437154379,16.900111090635484,1.2916952259430796,NNW,0.7317839369498964,Aotizhongxin
2228,2013,6,1,19,70.24729837044019,90.16729929723121,7.786393316117246,31.243825287533717,1227.095964663346,89.2992652015445,20.664739978771888,1016.2100907746128,10.811690054391931,0.0,NNW,1.3165380979266053,Aotizhongxin
2229,2013,6,1,20,65.7781512401366,96.00150500856516,8.535913249438103,29.7856158249144,1156.4896720398115,99.73287518610245,15.230545991184385,1017.7087853925968,6.914900082311603,0.0,NNW,1.040942058509188,Aotizhongxin
2230,2013,6,1,21,74.57576467742103,110.22388825467306,13.249859651808567,30.834301085608285,1293.3176281987498,79.46355551800019,14.802656721136138,1013.2960120891026,6.1528489656912875,0.0,NNW,1.7370505864400878,Aotizhongxin
2231,2013,6,1,22,78.05044880997745,109.10839715800903,16.39607987298027,26.52913592913604,1389.4376468169858,74.71811148330963,10.153080449963646,1016.8118960149701,2.6254434129676536,0.0,NNW,1.6031742418641364,Aotizhongxin
2232,2013,6,1,23,88.44837985355288,135.3960696053439,14.551658836740542,22.374217196624148,1544.1667335211189,69.68768984772103,10.953365805183562,1012.5873234264101,-0.4460507282806798,0.0,NNW,2.0955854022836817,Aotizhongxin
2233,2013,6,2,0,88.33253593578121,127.63952054468602,17.066138233664308,45.90528009114227,1674.9205133810376,58.57511148273442,9.08043202340995,1016.3418747458362,-1.110824954154221,0.0,NNW,2.6835738754849863,Aotizhongxin
2234,2013,6,2,1,99.66749664205408,132.05993875929357,18.123308395522717,56.53351053063968,1820.2110902317063,62.010395460446226,5.423577615693069,1010.843260426075,-2.7526647838645397,0.0,NNW,1.8059078513654598,Aotizhongxin
2235,2013,6,2,2,102.05823757185533,140.07651206648126,21.757193240072564,54.133328934043284,2050.619029650256,49.87041223863026,5.165603304107243,1012.9106854853036,-1.6552238894347833,0.0,NNW,0.7980721284700605,Aotizhongxin
2236,2013,6,2,3,111.19449748371784,141.64363490512642,12.68676338775464,54.863301041437346,2192.1248726024555,50.20413056178775,1.8328395543166311,1010.8598245431342,-6.0542243395030075,0.0,NNW,0.3613300977526257,Aotizhongxin
2237,2013,6,2,4,116.01914843300028,,21.331783836835776,66.03652539740247,2302.589813221303,47.79436344163064,6.799926458247357,1006.4476628169688,-0.19281293216609052,0.0,NNW,2.1298542475803988,Aotizhongxin
2238,2013,6,2,5,115.20040343055258,172.40157099498697,22.78083726315603,63.65185892078659,2260.253355431291,40.13640115837657,7.404256572532717,1004.5669894132876,-0.2997808609368029,0.0,NNW,1.4676003744572566,Aotizhongxin
2239,2013,6,2,6,114.59448339017342,167.28517759335247,15.98382888159328,78.4859535357917,2257.0023389456346,40.017163242341965,9.654060080740814,1007.2272547224751,3.568494441356987,0.0,NNW,1.8741108889088927,Aotizhongxin
2240,2013,6,2,7,116.31753200667227,176.86463806853237,17.172624579426092,74.18034326232764,2319.586300284683,25.748556466807955,12.22981621050565,1006.0050846315103,6.45864753375392,0.0,NNW,2.2636329241217625,Aotizhongxin
2241,2013,6,2,8,113.74409714399434,156.21288356360213,16.777778773037735,69.99657253187542,2259.5680669132416,32.84582902719082,10.57564560950963,1010.8293105412517,1.4349512787613898,0.0,NNW,3.154541611065233,Aotizhongxin
2242,2013,6,2,9,111.31419038794752,169.30086448826907,16.34916331680059,65.20400853741017,2165.992744202552,50.75616500024363,16.332066302457662,1007.970747750722,9.657534312138988,0.0,NNW,0.6019956104859332,Aotizhongxin
2243,2013,6,2,10,113.00674929041304,156.27640674209854,16.054848847193423,44.67866068438835,2089.579830863912,61.736311818185136,19.807147117652896,1008.8991920829625,12.569326440353478,0.0,NNW,1.1900338996378177,Aotizhongxin
2244,2013,6,2,11,99.51435419664445,154.03594670100117,17.02190366467743,55.48033051847121,,34.125221617353375,17.758133193456146,1007.9141078530133,13.515135411081353,0.0,NNW,1.9318125648391216,Aotizhongxin
2245,2013,6,2,12,98.2186331434433,137.28751892639937,17.59702395350211,48.0106076611726,1807.0503157371952,54.32136852748585,21.814250994096906,1012.8384340261596,12.61749846557573,0.0,NNW,1.0878451317865974,Aotizhongxin
2246,2013,6,2,13,90.87148554046051,134.29239349468747,16.949855647793004,44.675016925078886,1721.9781858560004,66.70668215170951,23.115151063000248,1010.945650661619,14.94004776645252,0.0,NNW,0.8087552255875563,Aotizhongxin
2247,2013,6,2,14,80.04092070024365,126.80841262343965,9.986530816496657,38.94087589450443,1503.775616873531,63.70725537919322,25.942451059177927,1015.3848738257615,16.394040609204126,0.0,NNW,3.047661894945778,Aotizhongxin
2248,2013,6,2,15,68.50646276169125,93.97477158055568,8.930357097958316,34.47996507905358,1350.3725359197786,69.45247308784684,21.40908840048388,1016.6957173589287,11.94968405233088,0.0,NNW,1.1616343675911627,Aotizhongxin
2249,2013,6,2,16,62.982422520646374,90.35928140434666,14.617338501126476,49.28642368070798,1103.7260803335955,86.399833832549,27.383194807238972,1014.8307767949735,19.961540839706622,0.0,NNW,0.9526518230746617,Aotizhongxin
2250,2013,6,2,17,63.67201029320533,102.0294486625505,12.110602674810593,25.071998114603282,1152.6643013799169,99.96190534894104,23.4914484415525,1018.7427889934808,15.799763572361165,0.0,NNW,1.0814804094553088,Aotizhongxin
2251,2013,6,2,18,62.13958860036723,85.66539240121348,10.248594525606988,,1075.5284343532692,64.6817644367786,23.445209414891195,1016.4502491214175,16.257386055753464,0.0,NNW,2.868795036063711,Aotizhongxin
2252,2013,6,2,19,69.20643353268456,83.68008412069676,11.590380895219559,21.913564992106604,1084.1118021778725,82.44338416740975,19.909644143462614,1013.887141739637,12.689274734636212,0.0,NNW,1.443694679960931,Aotizhongxin
2253,2013,6,2,20,66.39874344761722,114.38831137251321,10.580461635523486,34.00462459541261,1259.5799445449386,86.28343851251483,18.32637802749472,1019.4207016995496,9.972919898258104,0.0,NNW,0.891507156615081,Aotizhongxin
2254,2013,6,2,21,71.11794633416974,94.86748022446628,13.038220143210106,38.37242349812869,1271.4162319134575,85.47980925166611,11.517872612075777,1013.6885927577841,3.154064009028533,0.0,NNW,1.3278704793202116,Aotizhongxin
2255,2013,6,2,22,72.3215759921137,102.83776689833459,11.491799910482776,37.915408617082775,1325.817526423575,75.6912734306904,11.834485989773727,1015.514141082533,2.3782878910658547,0.0,NNW,1.961463470499591,Aotizhongxin
2256,2013,6,2,23,81.01153216953794,124.9762117318644,14.512319577805084,53.177594636961565,1523.8364461528602,84.0845016269242,11.27164181701552,1014.145684173607,2.219910360588629,0.0,NNW,2.7134167964850207,Aotizhongxin
2257,2013,6,3,0,92.3236530830028,123.16817527889191,10.468361848891512,37.92579170911666,1698.7780185253314,60.28906593325794,8.362030708205067,1012.7783693478486,0.27682804336815536,0.0,NNW,2.6462147833809198,Aotizhongxin
2258,2013,6,3,1,98.40517726135421,127.6885690336746,14.23074234103631,46.27861336870463,1856.0841377510085,66.64945177635795,3.884484323065476,1011.4496286063477,-3.819971214171403,0.0,NNW,1.3777847952356468,Aotizhongxin
2259,2013,6,3,2,95.22375048177003,135.85062364222637,15.46896646962897,56.699040688187914,1950.7098343450277,41.03632329654031,5.432879077924237,1007.55962472688,-1.50093908469288,0.0,NNW,1.575100698929812,Aotizhongxin
2260,2013,6,3,3,102.23274650455244,125.1950811272495,17.412363806311994,66.18859045160472,2187.245444163276,42.90215993622481,3.7718865112077427,1011.8471652970727,-3.3148224991039967,0.0,NNW,3.6823072567832718,Aotizhongxin
2261,2013,6,3,4,108.74725938942322,149.3671023765133,16.550587254582947,63.75594424604824,2183.07237580193,26.22221414740053,3.9826128603491604,1009.582371281479,-1.6817719913022406,0.0,NNW,2.7965476243852,Aotizhongxin
2262,2013,6,3,5,113.3614510844089,161.15641816132649,18.228998253976094,74.60458881786589,2376.225472401858,44.86049874826324,4.058704552180538,1008.1204843310554,-5.400327586565815,0.0,NNW,1.7985758472547206,Aotizhongxin
2263,2013,6,3,6,119.32680506302546,164.358008119984,15.456757812805638,59.706481032269444,2397.05628030318,33.79557137358824,8.85698612099522,1004.3340475289688,0.5081080050291158,0.0,NNW,0.2,Aotizhongxin
2264,2013,6,3,7,114.0203651331013,144.19400175448433,21.47573056063004,55.19388860987293,2318.346829759742,39.43006496797227,11.669521665903453,1005.2136351172438,2.341564831606796,0.0,NNW,1.6329370732782786,Aotizhongxin
2265,2013,6,3,8,113.74421687976422,175.18368319371004,19.08258646218801,64.78553476798082,2293.769898164483,35.215678592538296,15.59202425021906,1008.9847862344561,9.507954854262167,0.0,NNW,0.9387045102886102,Aotizhongxin
2266,2013,6,3,9,113.74668825173939,160.2807450919269,13.419911082604688,58.52469341482138,,48.18661548692647,12.788927412385608,1004.4570978706736,4.035216580090973,0.0,NNW,1.3098548913751535,Aotizhongxin
2267,2013,6,3,10,100.4191344801169,,14.99551026835998,59.34290976286576,2067.6555810341065,51.47433973855752,18.73924869286492,1010.1774077198808,12.471789871531874,0.0,NNW,1.2277345425816253,Aotizhongxin
2268,2013,6,3,11,94.46231313686845,129.64687588981135,17.303899508199105,49.95716257511839,1887.5751362993112,43.58300957272491,21.249757055631363,1008.0435511797161,15.428936256220453,0.0,NNW,1.8150334697463393,Aotizhongxin
2269,2013,6,3,12,84.68102245976212,109.75331162675931,13.37093416084263,42.27984167501234,1594.2148804268213,50.63232567416989,21.200310796038462,1010.2639364449808,13.820466241229635,0.0,NNW,2.0558076932539016,Aotizhongxin
2270,2013,6,3,13,76.59036041427991,109.91831378254346,11.615080394073106,39.22411852415979,1524.0078618677294,66.1927888241495,22.28388645973039,1010.4719600101774,14.723474701317935,0.0,NNW,1.41473532673175,Aotizhongxin
2271,2013,6,3,14,70.74563770150888,96.88602151883023,12.276221968975772,,1405.1637587617017,79.09573957406657,23.030644781440287,1014.9922128315646,15.088612499667157,0.0,NNW,0.9778349517967575,Aotizhongxin
2272,2013,6,3,15,62.58352000945827,75.839313433328,12.495258699601912,28.418013977482413,1203.3753866709867,96.30662506080215,24.20897013480968,1017.7682568096013,15.733311080560044,0.2643790673074258,NNW,1.8568549861728727,Aotizhongxin
2273,2013,6,3,16,55.11312901487509,91.85622320870009,6.3608156099603255,26.054435553723803,1100.807664240922,84.68054366126825,24.963190656674605,1017.0261620665476,16.307113510932506,0.0,NNW,1.6013769783150735,Aotizhongxin
2274,2013,6,3,17,52.25272600968832,66.93111418462367,11.820756312208298,22.452736778323352,1001.008577828159,94.22345968211211,25.70042205360461,1017.7452952292898,17.479296968033147,0.0,NNW,0.48196864495071967,Aotizhongxin
2275,2013,6,3,18,46.88151704290914,51.88151704290914,7.59912015517787,31.85332095895525,906.1708535400951,68.87149065235832,23.72907531888065,1017.3359177923097,18.4656429045993,0.0,NNW,2.486056754020995,Aotizhongxin
2276,2013,6,3,19,143.56044173869634,214.2662789737482,10.116586963805261,27.233651510265027,1684.5943598473814,104.27770415156652,17.576874583597007,1018.1950161531867,8.014091761147737,0.0,NNW,1.4169222112382314,Aotizhongxin
2277,2013,6,3,20,49.274947545661234,63.94194640579949,10.563612559003278,45.73351170166136,970.9360194980713,87.70749720590288,16.40492557812444,1017.2642982474223,8.711839413788427,0.0,NNW,1.7844382014951408,Aotizhongxin
2278,2013,6,3,21,149.44733008296333,203.14802318999241,9.88326773934794,32.14350078649674,1946.1881653126143,77.18162441807588,16.949460561464207,1010.1053375179384,10.016419507745308,0.0,NNW,1.8241229041244091,Aotizhongxin
2279,2013,6,3,22,158.32578352219662,204.0022210607755,9.429020761607855,30.593140237370697,1942.0921827587565,70.85303952542075,11.31517030008219,1016.3126134753232,2.888606538068656,0.0,NNW,1.9876472724050354,Aotizhongxin
2280,2013,6,3,23,67.4115773405368,111.78562314272142,12.8488451302106,61.18902209685409,1402.4410043351118,55.39847814897306,9.91462875488474,1014.8963991494344,2.5387523117471082,0.0,NNW,2.116834657095157,Aotizhongxin
2281,2013,6,4,0,168.27292177845004,222.68728461773318,19.875990927225587,48.30901102171468,2307.9007099653313,51.78713204279829,5.370998786213397,1011.2753743386832,-4.885903932811763,0.0,NNW,0.9563217857892514,Aotizhongxin
2282,2013,6,4,1,173.327234522183,243.2426231381127,12.20907013412171,58.09737919719294,2476.037517419099,72.63388019377112,8.069296085425034,1006.757491319022,2.0568608048978034,0.0,NNW,2.2498867940391,Aotizhongxin
2283,2013,6,4,2,185.3391007812969,268.6009443192201,22.576939057314625,59.73682386561993,2589.891228753565,37.609955617139875,2.471619428332235,1009.9849480512688,-3.8316575045061296,0.0,NNW,1.7246932790969596,Aotizhongxin
2284,2013,6,4,3,187.6276420923346,266.8958682592994,17.75637039270314,64.12622385811294,2804.0582539503266,32.23965289167286,2.5357841288200715,1009.1177877023403,-5.6118547202404025,0.0,NNW,2.867554390770203,Aotizhongxin
2285,2013,6,4,4,190.5375837210338,266.15607408952536,19.43624127018811,66.60574048650857,2807.0527615740507,31.327160044633246,6.916967328364372,1006.7889060159561,-2.402786469593231,0.0,NNW,2.6519832191881836,Aotizhongxin
2286,2013,6,4,5,195.38283996918028,256.5193173739782,16.569496697291157,55.50184000757284,3006.053327304533,,9.21983848150545,1007.543770317248,2.4091857028858112,0.0,NNW,3.058210264266803,Aotizhongxin
2287,2013,6,4,6,199.53862721763863,271.25682974702124,17.686191749967556,67.9402323804913,2965.2207333616675,35.1530657484551,7.4930155610471525,1009.1436805159408,-2.2291636384059417,0.0,NNW,1.249307641841608,Aotizhongxin
2288,2013,6,4,7,197.51024646213267,278.392348427411,18.320900181331282,53.719626094979446,2961.6716510420924,46.74095946942568,9.929705782205763,1011.965414305145,0.42276968334136145,0.0,NNW,3.029332000952656,Aotizhongxin
2289,2013,6,4,8,192.12319300822725,261.1007295116481,16.19304210628846,60.925605384388504,2883.584398407354,32.2444416426687,13.774228888649276,1007.9636803269095,5.693814652046251,0.0,NNW,2.0752596257049283,Aotizhongxin
2290,2013,6,4,9,193.04511377708457,272.29675388790605,17.908780033820122,53.33719597122465,2839.415675334324,28.5890876727281,15.434171722046074,1009.1322934567737,9.711234072528097,0.0,NNW,2.5521502202452258,Aotizhongxin
2291,2013,6,4,10,93.78750899667847,138.11994668350127,16.278952324579688,57.85976148678979,1952.150790848235,50.41861313014654,17.02836318196021,1007.8524222496292,9.989235965863188,0.0,NNW,2.539504726763454,Aotizhongxin
2292,2013,6,4,11,90.46751255288127,136.2795464320348,21.846438652819806,52.849390880756296,1805.9121910274273,52.971780495638846,19.27181956792146,1009.7031206825343,10.301326812937534,0.0,NNW,2.367243995573938,Aotizhongxin
2293,2013,6,4,12,83.04421377006577,104.00010569996522,11.502077442958617,48.84916712612149,1681.5061366952282,70.02724550081625,19.720870875638,1011.727914739257,9.197723963364744,0.0,NNW,1.1294207157992253,Aotizhongxin
2294,2013,6,4,13,72.04657953042646,122.83167189238658,14.013976324733157,,1496.1523747271513,61.925393134540315,24.009666696024716,1015.6495312962938,16.07194731647244,0.0,NNW,2.7640644976662334,Aotizhongxin
2295,2013,6,4,14,61.48937325727582,93.75991600572746,13.243538845705476,30.145397265708816,1253.6582527027258,69.89843220373325,24.521383029786467,1016.1379155120561,16.898515708638865,0.0,NNW,2.281342809681176,Aotizhongxin
2296,2013,6,4,15,57.36622624274243,80.29557520314874,8.253504448111752,28.76983646145562,1197.4054884159987,76.18236588423099,24.34323073133098,1019.3942405939487,16.234060608947775,0.0,NNW,0.8215316511153943,Aotizhongxin
2297,2013,6,4,16,54.27226044836045,86.87653045847104,12.730355467436322,35.042661214347106,1147.353937193193,82.54067620014578,23.156536069547098,1013.3496746676018,17.866123589894613,0.0,NNW,1.613055535571196,Aotizhongxin
2298,2013,6,4,17,56.88164214500726,103.28837672300989,8.975389829909775,34.22433689257383,1103.9775164496587,80.22252888365081,22.309457757904244,1014.1821591901474,14.111567423491575,0.0,NNW,1.0295346699807282,Aotizhongxin
2299,2013,6,4,18,58.461217303823844,67.45850321478468,2.5228310452507987,15.825735210987606,1114.30850051295,79.45355891953992,22.998633192625526,1019.2041658704719,11.575452631361872,0.0,NNW,0.8590341731649647,Aotizhongxin
2300,2013,6,4,19,53.4711213081125,72.60694340644396,12.149919704868353,13.43406241411746,1049.994682394645,65.64436880840829,21.32249547261357,1019.7273498840743,12.711786135348989,0.0,NNW,2.682659395487746,Aotizhongxin
2301,2013,6,4,20,60.67592445414306,65.67592445414306,7.319050328770716,21.86437685867353,1092.189711815625,75.9967630034098,17.097516216589284,1016.3963832622641,9.779483084410428,0.0,NNW,0.8165011835504883,Aotizhongxin
2302,2013,6,4,21,61.45124062282213,87.95825219843121,8.321141255649966,39.21952503252705,1168.2849895227757,84.82990221048121,14.351280640130433,1006.604326178875,6.931626603258392,0.0,NNW,0.9431053639070897,Aotizhongxin
2303,2013,6,4,22,66.12855897060915,96.23392497810421,14.563706248677192,44.71907224146427,1345.0228701575934,81.00245519368887,11.131337479053487,1013.0129416762026,2.866320049700941,0.0,NNW,3.582578373071061,Aotizhongxin
2304,2013,6,4,23,74.36478844254027,103.71908266512878,12.664420327232042,32.42592405474019,1538.528875756929,61.75934589165004,11.40523006536139,1013.9650825298114,2.8919027862521576,0.0,NNW,1.6416913586805104,Aotizhongxin
2305,2013,6,5,0,90.1120297547518,119.61150594666942,17.753316451654502,47.458474829890704,1860.1918337377172,72.99485998181763,7.975425842618385,1010.2011740268446,-3.0240084845789665,0.0,NNW,2.526128635491047,Aotizhongxin
2306,2013,6,5,1,110.31627533184884,133.94764030270514,19.92459351160856,64.85183156717112,2035.148917917729,53.24248315543343,6.89159743114651,1011.0761570883628,-0.9797464345211896,0.0,NNW,2.899865227655363,Aotizhongxin
2307,2013,6,5,2,119.97859621531796,171.70537153556282,15.565214619033107,58.32249181792267,2101.306981847669,34.12153628184052,5.878446932249512,1013.297110897744,-2.629487231868932,0.0,NNW,2.6193708868084578,Aotizhongxin
2308,2013,6,5,3,125.45901317603284,190.19696328559922,20.91532139379783,70.5141619055957,2248.1511892648828,25.798489905793755,4.538447569199095,1011.3167317332573,-3.087677607735716,0.0,NNW,2.1196582739931835,Aotizhongxin
2309,2013,6,5,4,132.36459444789176,179.40024766971413,17.063744614743545,70.31032063635355,2519.2527828947095,50.5319441315863,3.5927015873441848,1009.2876574718181,-3.670364501625379,0.0,NNW,1.9701887366203763,Aotizhongxin
2310,2013,6,5,5,138.91222882652596,198.87771964736777,26.52897688284187,57.03692687595807,2486.948714528996,32.12181709016256,4.845546228626736,1007.0414723108784,-1.292851213306303,0.0,NNW,2.4300850790779456,Aotizhongxin
2311,2013,6,5,6,138.65178353562516,178.43105381567472,17.921128986406355,63.48014861202338,2511.590000023066,22.85935476927421,9.620760487105702,1006.0106638841992,0.18741283513490004,0.0,NNW,1.820269957777797,Aotizhongxin
2312,2013,6,5,7,144.8104037479465,207.30669588405024,22.907891454325352,64.59655235211615,,,8.911473527724143,1008.6858734991096,-1.02949970404943,0.0,NNW,2.555909539091103,Aotizhongxin
2313,2013,6,5,8,142.73367410957326,195.89332077595597,21.86149709656692,63.1535751798595,2566.534724669074,34.3922037966376,11.796266069352267,1007.7206622860782,2.9353159726656664,0.0,NNW,1.792832864424793,Aotizhongxin
2314,2013,6,5,9,139.95708778800213,188.3157433971738,19.483797372259538,66.47276725123952,2427.5160751446674,46.369839060299924,13.298414196943185,1008.5838749728119,4.1950243293587235,0.0,NNW,1.8835711182234176,Aotizhongxin
2315,2013,6,5,10,136.40758136062357,183.36697749271167,15.488370515749951,58.269478098203265,2252.530583490723,40.52308855953795,15.764090672635595,1006.3975687742379,6.5259763105611786,0.0,NNW,3.5054080985681173,Aotizhongxin
2316,2013,6,5,11,130.858499156157,,15.83990274968838,26.686773351825497,2100.7043468474008,42.99707227109826,18.846252504456917,1009.2768440100356,13.013612165759294,0.0,NNW,1.6156878005445572,Aotizhongxin
2317,2013,6,5,12,,180.85389888386914,8.539235661166344,34.497277815258194,2026.9577157345725,54.506242313932724,24.603678588232164,1013.5037209346336,16.826302395539606,0.0,NNW,2.015393111542461,Aotizhongxin
2318,2013,6,5,13,116.21610570569656,149.58091597602,14.379164889634147,22.324571778141237,1828.4115363485869,78.90239631901157,24.64731012463303,1011.0919615440154,19.605900318575152,0.0,NNW,2.3444501814390577,Aotizhongxin
2319,2013,6,5,14,106.74747004298808,145.4753047445048,13.548845993085157,36.40292192524268,1695.585271204961,,23.869074955755245,1015.0314141972049,15.8644693212181,0.0,NNW,2.395834765584451,Aotizhongxin
2320,2013,6,5,15,96.13364967550491,134.17239176571542,11.864964351251379,32.781765572011146,1513.5749085857806,71.2606592254385,26.624315191827993,1016.360541095661,16.866500518229053,0.0,NNW,2.234289933638244,Aotizhongxin
2321,2013,6,5,16,93.12409592004906,119.38334204275009,2.0,29.945291593196977,1385.358588408186,93.75821249078686,24.43080995294601,1017.2719026504302,15.218548076649355,0.0,NNW,0.9996878706621397,Aotizhongxin
2322,2013,6,5,17,93.24282925895862,148.50661297929224,6.3734615332852265,18.010057332501702,1332.3822237829734,89.08990855146425,25.691764108332148,1017.9501575641607,19.228447128898086,0.0,NNW,2.1296346946269575,Aotizhongxin
2323,2013,6,5,18,94.05169551223821,,7.755727051454012,30.39315204095991,1344.416456682964,86.79127813778956,25.388663337459796,1018.2554521062801,15.68788573201901,0.0,NNW,2.194263147174661,Aotizhongxin
2324,2013,6,5,19,101.77189045695631,135.78627750340394,11.045347668121796,31.411583445966862,1400.270750807185,77.66368430306422,21.542242608899286,1015.5820429473603,14.379057575295104,0.0,NNW,2.911968216707996,Aotizhongxin
2325,2013,6,5,20,104.746519056779,,11.537889698006762,17.638299386669967,1485.0522143002186,81.95568323961524,17.730016883859076,1013.3948178915998,9.194888090130085,0.0,NNW,2.59139322169815,Aotizhongxin
2326,2013,6,5,21,112.18904435708578,175.04946297130124,10.953794718153725,19.129558764678066,1615.4916888130363,72.29937884513068,16.04896481027454,1013.788463081166,6.654226451277399,0.0,NNW,2.964688287667359,Aotizhongxin
2327,2013,6,5,22,114.03544428812494,165.17867428936972,14.405736609811868,34.99894651018449,1667.3870096359963,63.906138689292504,12.434416377898112,1015.9598423938098,6.5141959761204475,0.0,NNW,1.1974356868240201,Aotizhongxin
2328,2013,6,5,23,119.72247412515169,158.24554371277594,10.62717764857869,54.15787728685644,1885.786168065099,55.669901374545645,7.2460024540374395,1010.8924020379212,-1.6368466004425906,0.0,NNW,1.2031836892687604,Aotizhongxin
2329,2013,6,6,0,130.26919650849044,193.43919070048628,16.83070501708199,58.59794193758914,2023.63218634444,67.84095596372498,6.946994066816458,1009.918778640231,-2.294362470084093,0.0,NNW,2.2624797366660685,Aotizhongxin
2330,2013,6,6,1,141.43017630453863,200.00923376924285,17.718321540032274,54.68361578563483,2192.87481096305,52.925462550275626,4.912358568675787,1008.613616772972,-3.205981050653448,0.0,NNW,2.9062815886717,Aotizhongxin
2331,2013,6,6,2,147.48973716080627,209.0581662362438,,49.160026627359386,2362.3375258723568,50.645137438026964,4.325555174363008,1005.8080510905135,-4.4368013648997895,0.0,NNW,1.8396528619738306,Aotizhongxin
2332,2013,6,6,3,153.41654358897046,211.3383889370341,17.98941261267577,66.23687689963963,2522.287969017397,43.83906232835035,7.690507148959166,1006.1704573618036,3.0129859998589685,0.0,NNW,1.407768370512599,Aotizhongxin
2333,2013,6,6,4,152.11260728018397,205.46349032268782,24.822358493415976,58.70111395721644,2567.462929745912,42.75855318347263,7.023966351391305,1009.6706668077252,0.6145022914546745,0.0,NNW,0.7188262388750797,Aotizhongxin
2334,2013,6,6,5,153.6815031520964,218.531765403481,21.309216196914978,58.178460232390876,2636.9282614776216,33.304666442914375,7.001073164318085,1005.7368415631236,-1.8849654693646591,0.0,NNW,2.290423412532158,Aotizhongxin
2335,2013,6,6,6,158.26526101750352,216.120493124549,17.094992410239325,47.848265347024046,2711.0393943938047,30.183425489454258,9.147446613811562,1003.5021236868913,0.43444094692391466,0.0,NNW,1.9096689488893763,Aotizhongxin
2336,2013,6,6,7,159.54385587060182,241.52895451459358,20.574545558653295,65.13757411256259,2727.9681876808436,27.69905104886207,7.161829771141216,1006.1470831587254,-3.867342641460392,0.0,NNW,1.6528429433355378,Aotizhongxin
2337,2013,6,6,8,158.54950608098778,209.27639746095184,21.58757715014485,57.28156928258978,2629.0805182960808,24.209673571317893,13.504085118609087,1008.6909674128651,5.710190595246254,0.0,NNW,2.7241520288745473,Aotizhongxin
2338,2013,6,6,9,153.9810421517749,230.93502674103428,16.771208109159808,59.913578659958986,2461.2209303270433,31.101998764107144,16.409436474303252,1004.8029205642999,7.288847459895042,0.0,NNW,1.9305643016980456,Aotizhongxin
2339,2013,6,6,10,147.79609135069114,205.80133940298958,20.767816740793297,36.60513843010351,2368.913190679014,43.845822788997786,14.22856966949428,1011.4066206195321,6.360586742734181,0.0,NNW,2.0007095089801337,Aotizhongxin
2340,2013,6,6,11,137.91937814587294,196.07798674443316,17.440196342660638,51.534994282719914,2156.666723988842,37.499129028082194,21.1478551306691,1007.8239431437693,10.198443988312755,0.0,NNW,2.7198989780730516,Aotizhongxin
2341,2013,6,6,12,132.95012047360746,194.46174632934478,7.972564987003959,25.551030688226977,2148.443667474474,46.1771409586397,19.93495734786485,1011.2090327220267,11.894822843881437,0.0,NNW,3.7525886234890855,Aotizhongxin
2342,2013,6,6,13,126.8694408980894,171.31472430728078,14.604920706501174,48.527141124097994,2010.7979532700651,76.89187505391479,20.705246003175336,1012.4775650055213,15.253252962525577,0.0,NNW,1.6444300229592839,Aotizhongxin
2343,2013,6,6,14,,178.88540654737704,11.281912536761855,39.175129873080685,1805.3322610199068,74.74179484853792,26.64873558818005,1013.377119786489,18.72994733002854,0.0,NNW,1.2990081804112457,Aotizhongxin
2344,2013,6,6,15,113.28474483686945,131.52320421780544,13.076005537692472,28.628546204872354,1666.3581883522884,73.15930224762847,23.48942642858149,1015.4059305089697,14.327403148005677,0.9965324246299117,NNW,1.2087528243365817,Aotizhongxin
2345,2013,6,6,16,99.9038144794477,132.6654449390074,13.50251750183325,32.18125080496786,1465.3675139836391,104.36637968365656,23.585338153814114,1017.8872477268756,15.554638066449376,0.0,NNW,2.3814593374269553,Aotizhongxin
2346,2013,6,6,17,101.29541265132359,132.57294963844237,10.755857009980113,17.856889372910217,1442.2957664680011,67.66564847009641,25.144660851980408,1016.748025968839,17.048287747701277,0.0,NNW,1.1275848101032684,Aotizhongxin
2347,2013,6,6,18,98.35783761596201,125.16591253862919,14.995756701834086,25.57900412491914,1306.98999001124,94.75611276461822,21.613210403486875,1015.7886526798135,16.900960114621313,0.0,NNW,1.7014221194266899,Aotizhongxin
2348,2013,6,6,19,95.92895977111748,132.15099529877494,9.63425021486417,32.039675781901316,1377.3647293904671,83.03348482943255,19.729751939406377,1017.7443265009672,11.230489045575347,0.0,NNW,1.7717760157688924,Aotizhongxin
2349,2013,6,6,20,101.69988809391236,146.23734301329426,12.544326450239433,5.0,1423.1312901202105,89.50110532373908,17.285060091368315,1016.7446544761672,7.48012013653403,0.0,NNW,3.245119272537372,Aotizhongxin
2350,2013,6,6,21,104.89939621217258,153.88575468203464,13.879293814979304,27.280069498848857,1570.4202840996802,78.76720670237177,15.52139815646218,1014.1965267860791,7.553585417803337,0.0,NNW,2.954288174744186,Aotizhongxin
2351,2013,6,6,22,115.35234518395548,163.90205082954174,12.2079620933218,34.818846958909,1719.8382692022167,53.77754937754744,12.07230792438878,1014.5846028441688,4.365607781147728,0.0,NNW,0.7706278431574225,Aotizhongxin
2352,2013,6,6,23,125.05579762918661,168.42118203192578,16.04222769842074,38.25327015598344,1994.25986110979,67.42508080315133,10.171189111538654,1011.7894102190974,3.014633061069888,0.0,NNW,3.267859406254883,Aotizhongxin
2353,2013,6,7,0,135.55464627506416,193.46666916334146,13.215981038513494,56.65681460981924,2130.268554636655,63.35555854639598,7.173595000015466,1010.2685225432061,0.3072377753625446,0.0,NNW,1.0270790245120647,Aotizhongxin
2354,2013,6,7,1,137.85539478333766,194.24040964518122,15.026389968448948,41.185171902667335,2220.5963754337918,31.60967088719284,6.867475346974656,1012.3175072027872,1.8007644752393497,1.8126500777898045,NNW,2.128232805944045,Aotizhongxin
2355,2013,6,7,2,149.93859937180764,219.27460079989083,13.562533928991062,50.03072605243817,2386.1618106174797,66.94048293801899,5.8115062849661685,1010.3939176131383,-3.0819892675426392,0.0,NNW,1.3323651305843378,Aotizhongxin
2356,2013,6,7,3,157.1968049323395,227.84489393459043,19.25976125504288,43.81518341326336,2624.2182248713316,45.434406412064035,7.846828756526273,1010.0052253645404,-1.182995859741004,0.0,NNW,1.6893563131122495,Aotizhongxin
2357,2013,6,7,4,160.4872550532914,224.98692121381424,20.305882046485223,74.40280128587393,2628.81046963378,45.06924230675399,4.768865312598764,1008.9401299833808,-6.0123394031332085,0.0,NNW,1.2156728437235582,Aotizhongxin
2358,2013,6,7,5,164.05782159779926,220.7084201753064,23.367418607183026,62.348195384910966,,24.196560447010178,6.063497685448145,1005.3959323504465,-0.9440216644782697,0.0,NNW,3.3404180164483446,Aotizhongxin
2359,2013,6,7,6,157.97510587753396,214.63564667022672,22.37342001306765,61.49272889570634,2665.9133272416134,41.90617522145618,8.287168677040086,1009.0025638601336,-1.0438028711186305,0.0,NNW,1.8879235657227667,Aotizhongxin
2360,2013,6,7,7,158.58749191212866,216.5245950805998,18.97524246150304,63.89865506729565,2634.8625705272902,46.74689893840385,11.44665346647208,1006.5751566479908,4.7842998863440105,0.0,NNW,2.1804718551363713,Aotizhongxin
2361,2013,6,7,8,151.4729932042615,208.90952714680355,15.795587956919363,67.41039470313137,2560.019418267144,40.88504718676749,10.77443181920899,1009.5283086276122,2.0369794488302224,0.0,NNW,1.1421790256045807,Aotizhongxin
2362,2013,6,7,9,141.29475338295066,200.49315901202846,19.83408511349266,,2315.1023970043084,42.228614885128664,15.155364782662602,1008.2142328741246,9.744301740303154,0.0,NNW,0.8679481013861445,Aotizhongxin
2363,2013,6,7,10,128.99211320248264,187.74070238475628,20.832259517243926,76.1830737084567,2154.551585557802,38.56411875101583,13.826451396942605,1010.1263261757587,3.676191063472503,0.0,NNW,1.6446844213645604,Aotizhongxin
2364,2013,6,7,11,126.20743805551798,176.1792263475714,18.559650146924437,53.80786800928062,2130.668649568634,51.367454694603715,19.592702124916407,1011.3923606323815,13.127090379945448,0.0,NNW,2.41716805480829,Aotizhongxin
2365,2013,6,7,12,115.92581312767118,162.45738625774436,18.253432574571864,41.27803656664735,2005.8164895477437,54.8797048574072,23.680158357014516,1013.6264007705688,17.035922201233696,0.0,NNW,1.9028382788670817,Aotizhongxin
2366,2013,6,7,13,114.29615261426157,161.44767670996623,13.070236180892667,35.33276519775801,1828.2526580802928,72.19043250148987,22.571040383323407,1010.0250029834948,15.360905041019736,0.0,NNW,2.779631597121269,Aotizhongxin
2367,2013,6,7,14,104.91751811512802,141.72547222985582,11.100143095473065,31.857928380665534,1603.3217021761914,64.00124074882598,24.92451468581865,1011.3472045745812,15.248619137337341,0.0,NNW,2.0993367125623243,Aotizhongxin
2368,2013,6,7,15,91.87488284915982,119.37091341239419,9.253762037371867,18.843168979230352,1380.013662615293,83.32417674469924,24.206641638424596,1016.8789556361371,17.003367868887427,0.0,NNW,2.0051721728903567,Aotizhongxin
2369,2013,6,7,16,82.64122641142842,98.14333800289268,10.50218358123702,27.99840558424392,1353.9460128014339,73.26077946731439,23.37015496629016,1017.042851948909,15.560467077485216,0.0,NNW,2.428090148474011,Aotizhongxin
2370,2013,6,7,17,84.5874602163173,111.47095072207549,9.934598480648202,31.949228323889972,1261.969593664156,81.52462011562652,25.11748303524654,1015.2783418350681,14.372098719627541,0.0,NNW,2.0802396251818274,Aotizhongxin
2371,2013,6,7,18,82.9416422932427,120.84975374321763,10.620032885617348,20.09309119501411,1295.6949092735695,91.16044397012817,20.503179777096996,1017.7286178180335,14.84058926169899,0.0,NNW,2.755223363788037,Aotizhongxin
2372,2013,6,7,19,81.77071831860825,107.44989126565586,9.782478497448134,19.222443023945736,1287.2886739365247,77.11017845736627,20.43944794079464,1014.0137087112375,11.921030816919153,0.0,NNW,2.4441686302132757,Aotizhongxin
2373,2013,6,7,20,85.40780389715826,117.19285508176216,10.268989791897493,39.8070530946651,1360.7672892762253,88.15599998438698,18.050717882174446,1022.8587060406602,12.272544426211024,0.0,NNW,2.7287719374587542,Aotizhongxin
2374,2013,6,7,21,92.18249351976516,133.7198038017944,9.134383935150831,19.445999123299725,1456.29732105118,83.20761110637737,13.722300724442066,1018.1586766795887,5.620808549289091,0.0,NNW,2.5731653993122423,Aotizhongxin
2375,2013,6,7,22,102.86529221897142,149.21830407078664,15.324857040654472,18.457452988181583,1642.1045570002532,69.79049326623058,12.645337434411235,1015.7446053548157,6.118826529359343,0.0,NNW,3.0882164891361725,Aotizhongxin
2376,2013,6,7,23,115.8947177854675,151.4572763779941,13.935458961218526,30.600403548770508,1817.6574041799147,78.08830814112093,8.597578243798038,1013.4453559668675,-0.6917094238123846,0.0,NNW,2.663147324266859,Aotizhongxin
2377,2013,6,8,0,122.2202145553868,181.07889394207794,14.476668197144154,32.676538263005625,1945.9963897246841,60.777843419771145,8.711620000498261,1010.7625439103894,1.0332724319909865,0.0,NNW,3.3980764317936463,Aotizhongxin
2378,2013,6,8,1,124.68059516413429,185.82633412334286,14.051807465764988,53.266189414887066,2052.79742632828,64.55228913829049,4.367327390191273,1008.0855322957957,-3.4167596201172117,0.0,NNW,1.5670516128738337,Aotizhongxin
2379,2013,6,8,2,130.26216316656559,171.06852986100623,13.504260668826742,52.11436399640341,,65.43464924877179,4.831333482321556,1009.2723547450212,-3.6540680587673937,0.0,NNW,2.6678273212531516,Aotizhongxin
2380,2013,6,8,3,137.51648862849356,184.2847153834794,22.45942648358077,57.38463926354023,2373.919143382342,39.909320253323195,4.6208425105131505,1006.744944822677,-4.682991710358849,0.0,NNW,0.8954265763158091,Aotizhongxin
2381,2013,6,8,4,138.42901160158783,205.71152307368487,20.99404314331761,71.54398149148696,2529.8111634740753,44.798914745663005,7.010174744425322,1006.0669892837712,-5.590026351833827,0.0,NNW,2.757658435835661,Aotizhongxin
2382,2013,6,8,5,137.59742061714655,191.16785365145216,14.957875603735438,58.78783763647915,2523.6537000796798,29.47617508954454,6.549810569723452,1004.3368575890056,-2.718828543016926,0.0,NNW,2.045155664341423,Aotizhongxin
2383,2013,6,8,6,139.99479735467406,173.79493682202516,22.28942690212897,71.20071529396513,2531.3438347611905,24.67185590491802,9.361452423302612,1007.4993261038622,2.4122160936662125,0.0,NNW,2.749440472537805,Aotizhongxin
2384,2013,6,8,7,138.77796273706429,180.29233278456311,22.597072642144667,76.40909891940699,2459.893782697684,33.89725776890901,10.832036572734818,1006.4163838569089,0.7391922493995731,0.0,NNW,3.343608837531758,Aotizhongxin
2385,2013,6,8,8,135.91213804357176,187.78329700927566,19.70325538582498,58.67520809157949,2483.5742271503036,24.723362107894403,13.23426405031843,1008.7400161307295,3.4520635905755017,0.0,NNW,2.640877373157149,Aotizhongxin
2386,2013,6,8,9,128.11059802683474,167.72441073472262,23.329866593188015,65.03831846818146,2301.7620310991456,32.94625267386321,14.502100214654899,1009.3786636813768,4.349806002107838,0.0,NNW,1.6698035182383624,Aotizhongxin
2387,2013,6,8,10,120.97579173441522,165.23187072181688,18.15015892636865,53.06545669976816,2246.553049564775,53.41432599321068,19.119549276312537,1009.9589292601594,11.432881450778371,0.0,NNW,1.129622343155238,Aotizhongxin
2388,2013,6,8,11,110.04343051041765,154.38476485142047,12.043624641665037,57.56916593277673,1934.8206989596158,48.39303371794859,19.465744386046996,1016.0247852905958,10.12563450840711,0.0,NNW,2.4288086842657406,Aotizhongxin
2389,2013,6,8,12,105.83965280184117,162.79805996292492,16.095507003144963,32.42808649938981,1809.2187460160965,67.10514087121861,19.476329591970313,1013.647411027131,13.306844057770517,0.0,NNW,1.7712503675572768,Aotizhongxin
2390,2013,6,8,13,,140.1979711404469,14.440596679625584,26.65952113694681,1671.837515049295,69.46459550773788,23.338073285144045,1010.7729632042128,16.440002845822956,0.0,NNW,2.5308792757259693,Aotizhongxin
2391,2013,6,8,14,87.59589869178382,133.35967616422494,10.690109453665537,31.86985828073968,1426.6612710125698,91.01154062019116,25.339472869856785,1015.4174728958429,17.63965896578323,0.17506158820981918,NNW,1.5946075497210936,Aotizhongxin
2392,2013,6,8,15,77.66465181541777,123.01811416195258,13.18514260469954,23.74646590379089,1291.6222677891353,82.92104238542413,22.59006142193078,1015.4274964199958,15.04598592179456,0.0,NNW,1.2564177142681752,Aotizhongxin
2393,2013,6,8,16,66.9109761171207,108.01846325748973,5.666877182505221,23.545819048872147,1194.038460411486,92.7928157974041,23.331604724810102,1013.6470658772693,14.18718261583555,0.0,NNW,1.8066081488514196,Aotizhongxin
2394,2013,6,8,17,61.313867704354195,88.68696071995156,13.142071350883029,23.925270814641515,1068.530559876675,88.16699228850217,21.814371377578354,1013.9863633712921,12.67033243858624,0.0,NNW,2.4007617411350806,Aotizhongxin
2395,2013,6,8,18,59.95789061386478,64.95789061386478,7.365634889183642,30.760108254690014,886.8443584488883,88.11393501078072,23.25114346892892,1017.9064058345591,16.31768328880194,0.0,NNW,2.0977589636747935,Aotizhongxin
2396,2013,6,8,19,55.18153494639863,81.86239757899672,7.21553249320356,22.42019884569115,1108.795613926568,95.79547607835985,22.509293955518743,1018.2247242012024,15.879381990974306,0.0,NNW,1.3495314202342472,Aotizhongxin
2397,2013,6,8,20,54.49110836903628,86.7715505947862,10.328398664155376,21.088601439326535,1005.3140189711446,88.33860975326361,17.273641719705385,1014.2376126202731,10.327035277575703,0.0,NNW,3.440411290634879,Aotizhongxin
2398,2013,6,8,21,55.24283755864701,76.52930152775164,12.763384878198169,28.045757362197854,1188.5614022388888,79.77830565923797,15.79729554460239,1017.475868012322,7.091421559967292,0.0,NNW,1.8890056795735224,Aotizhongxin
2399,2013,6,8,22,62.285110311839205,104.64499313732738,12.991772190780287,28.84683776154705,1299.8416119781916,74.5565466592972,13.170088597824378,1015.0698287936306,4.583105481543953,0.0,NNW,0.2,Aotizhongxin
2400,2013,6,8,23,69.79791630690859,106.3154184443466,11.477927277170258,32.351575081447855,1560.7243532352772,71.85276924586721,12.330695419659946,1015.6858135393976,2.9330602469524027,0.06839036707877066,NNW,2.745837910051838,Aotizhongxin
2401,2013,6,9,0,174.67553744663525,250.22848619681716,13.481732126424335,32.095865491384245,2447.252173649213,53.28626480540115,6.950102832205614,1014.1792407966785,0.10248358809244174,0.0,NNW,1.9911168771145802,Aotizhongxin
2402,2013,6,9,1,83.14739228826848,127.27015631563424,12.894968183380216,50.73220583181904,1743.4765265729072,46.39152921105,6.009927515018126,1010.3890309436814,-4.932255828042325,0.0,NNW,1.8635824207396188,Aotizhongxin
2403,2013,6,9,2,188.1961005968438,266.8082393481901,16.82596029511039,50.45035434722357,2670.4656266569846,61.75405932372932,4.82958876297323,1012.7711994602042,-6.476765694312324,0.0,NNW,1.8476845546753515,Aotizhongxin
2404,2013,6,9,3,193.322683591136,245.72365203363688,21.760597549465466,66.87236553760832,2904.5605652436716,60.966467108936286,5.113050860060395,1006.2162339138263,-5.894238198615872,0.0,NNW,1.8521896541111609,Aotizhongxin
2405,2013,6,9,4,104.7840506302669,141.70628136767,19.317338205990563,50.74133933921725,2110.8890117008405,29.06054032128738,9.09721694028453,1012.4504619909792,-2.116816983756964,0.0,NNW,3.335181312365741,Aotizhongxin
2406,2013,6,9,5,113.14290751256716,170.37175079007255,22.4078718957237,59.98184808539833,2301.0575874121,29.16191001837625,6.385962634951584,1005.4127995075828,0.421673987198802,0.0,NNW,2.371625708033258,Aotizhongxin
2407,2013,6,9,6,108.96680777618474,144.47761748567567,24.366204013178574,79.50325776526999,2265.1784390469943,46.42522819504145,6.646866209223934,1006.9039945366446,-0.17292574542065497,0.0,NNW,2.2083022872318567,Aotizhongxin
2408,2013,6,9,7,111.26351223637347,153.53419207855347,18.06557357433444,56.801640388998564,2259.317124971381,41.18705427419726,8.268254159660321,1006.0359942713291,-1.52964074286426,0.0,NNW,1.7898087813034023,Aotizhongxin
2409,2013,6,9,8,111.51208577920096,145.66855695185063,18.7704072597561,60.428242058919786,2256.1825469698047,45.113645958598255,14.290777059944363,1006.9162910053183,6.131877699913193,0.0,NNW,3.3827790615275566,Aotizhongxin
2410,2013,6,9,9,102.15147394625376,160.85128947677296,25.049112489120223,49.415383761128005,2109.532497070083,51.28834341886688,13.711118244032882,1014.3115734190951,7.909803804805429,0.0,NNW,2.674344450327327,Aotizhongxin
2411,2013,6,9,10,99.21338108567676,155.7136580941276,21.833030235939837,44.21257989775215,2016.5770858250012,45.09267838255924,18.58357088982385,1008.5745586251778,11.333868821192485,0.0,NNW,2.791243214028278,Aotizhongxin
2412,2013,6,9,11,98.1296801124026,128.5428632059563,11.276881648075548,62.554868766751845,1895.5138415583936,56.82922312233884,18.980463006112057,1012.4081215190732,14.152027408068266,0.0,NNW,2.2225343773480795,Aotizhongxin
2413,2013,6,9,12,85.87492953434929,121.69788135197985,16.16144494818272,46.36831594109718,1707.8835065256567,62.521921506980924,20.171028706990718,1011.5291941774271,11.999629505851491,0.0,NNW,2.7999500179122343,Aotizhongxin
2414,2013,6,9,13,74.4403468972166,97.41154517846276,13.70758475150648,40.893049803850566,1496.6634167833045,57.88556012510841,24.568053438297117,1015.167196084688,15.58531501873827,0.0,NNW,2.314547385548359,Aotizhongxin
2415,2013,6,9,14,71.27556411766625,105.93523615504652,14.979359332576289,21.42947011907023,1337.2331685805143,75.65090943215704,23.713140962745385,1013.411680963258,14.091477212714715,0.0,NNW,1.7029686097479295,Aotizhongxin
2416,2013,6,9,15,66.1483419253724,97.70450946794465,9.229529791612098,33.72779548113548,1246.5440859401904,90.05477649116035,25.63813845885834,1016.0477980932511,17.673605442557506,0.0,NNW,2.2955326529998996,Aotizhongxin
2417,2013,6,9,16,63.58668834839376,97.13841940388392,8.15104786495579,36.938867492261835,1126.5640172881735,78.30930270617735,25.408182674159747,1017.5875236198677,18.812279261540198,0.0,NNW,3.6776684409654625,Aotizhongxin
2418,2013,6,9,17,61.95203253885687,90.0520300314785,8.14215872267383,34.87729996084687,1070.2270995586853,85.67383814463605,24.47965190536309,1015.3860062247724,16.628339455267028,0.0,NNW,2.163054667127789,Aotizhongxin
2419,2013,6,9,18,62.49259101124147,116.84368947962274,8.284214361404702,30.346665836849287,1083.1332279540443,87.06708916010857,21.668844785950697,1022.5154518484512,13.131552286486176,0.0,NNW,3.0161357820481434,Aotizhongxin
2420,2013,6,9,19,58.208927709325096,71.21326114294774,12.6163433689817,16.645598853455397,1073.3299331221815,81.301500152874,21.02927533475706,1018.191511217913,14.91405598773288,0.0,NNW,2.953103774891096,Aotizhongxin
2421,2013,6,9,20,65.39521121094975,74.4472621509645,7.126269461631167,30.184479261855163,1178.5127934912132,88.41964747155454,16.204370958353085,1015.8781851098875,8.99770910255259,0.0,NNW,2.45029574095912,Aotizhongxin
2422,2013,6,9,21,74.84112985859758,100.846679795022,9.596624394189305,36.19854406008191,1361.7052677623283,70.87701321711381,11.318864623403801,1014.1410648722314,3.1487098784739396,0.0,NNW,3.325419495618375,Aotizhongxin
2423,2013,6,9,22,80.13677031792189,96.51159578948796,7.132962828495675,20.644451319288784,1416.1709584163325,85.82645518695935,13.472147808654954,1014.6834460472539,4.322260898487322,0.0,NNW,0.261660345633032,Aotizhongxin
2424,2013,6,9,23,87.19829116559079,107.15298493176716,16.72725824472451,30.85338236609529,1603.9013076074586,72.7325317438855,10.248385757256209,1010.8620992042856,1.8667215699585167,0.0,NNW,0.5308977701434128,Aotizhongxin
2425,2013,6,10,0,88.83843250844353,114.36065896984127,18.81309029829342,52.10525857394753,1716.6088457647393,50.632313993271055,7.013814822113568,1015.5645905276999,-0.27706434375107314,0.0,NNW,3.3822612320717726,Aotizhongxin
2426,2013,6,10,1,98.6600228855905,128.9021429855104,15.312874932921243,57.184747115425836,1862.376386752429,70.50962072129951,4.133016819193045,1011.5684123192896,-5.037506494979591,0.0,NNW,1.4820591540430774,Aotizhongxin
2427,2013,6,10,2,108.18368129937147,141.91097279961943,16.60615190556033,42.61133573102886,,49.181014612615954,2.285874288856302,1009.3240278651772,-7.564605119294937,0.0,NNW,2.08941765754534,Aotizhongxin
2428,2013,6,10,3,114.14812066697067,164.98955843821307,19.89519961278143,65.50230729788433,2246.16374856925,35.09285529798579,5.077615022313458,1010.5564218027806,-3.6426118625890656,0.0,NNW,3.400462577664616,Aotizhongxin
2429,2013,6,10,4,123.41309278438939,167.71643928729176,23.75357304105696,63.082935268917716,2343.0402146330603,49.39491015530095,7.813920685704246,1006.2268434249058,-0.2598938524123616,0.0,NNW,2.1597201849625054,Aotizhongxin
2430,2013,6,10,5,125.07379653560851,173.30816940112712,21.055461374137092,70.56658816263857,2398.289899251861,40.79856953725354,6.131909837509145,1004.8584516956938,0.17684508525781073,0.0,NNW,3.351687014422863,Aotizhongxin
2431,2013,6,10,6,128.35444545051087,188.63855137572455,17.907374172574656,59.92382941252847,2391.5691470569536,17.280402957659618,7.386929108097206,1006.7397338565426,-2.353126946696573,0.0,NNW,1.6894082537946735,Aotizhongxin
2432,2013,6,10,7,123.25356288441448,164.891762790366,14.973161415486018,69.47998449762858,2470.841776151187,30.595251170334755,9.963448236256236,1007.4254581674938,2.3035703816555095,0.0,NNW,2.492715467898445,Aotizhongxin
2433,2013,6,10,8,120.16234160577864,165.58181926104285,15.984748230931732,69.07113827157377,2275.2910758438798,41.14033827760447,15.680617216837948,1008.7310453942633,7.264260006877101,0.0,NNW,2.046508166447965,Aotizhongxin
2434,2013,6,10,9,114.69736589623056,164.23391211565195,18.75519225687013,56.33145614008526,2117.0324666170895,20.726663693909725,16.1278563399797,1005.5119102612027,7.78594516109561,0.0,NNW,3.1925068863311283,Aotizhongxin
2435,2013,6,10,10,109.3853941487979,133.72387380211484,15.534017430397617,55.14202036938629,2118.092359201287,48.35070085387394,16.18782757347462,1008.5873663399616,10.496877027801006,0.0,NNW,1.7907078504515037,Aotizhongxin
2436,2013,6,10,11,100.67185778654012,117.09154581165033,16.87899834348488,44.98820786601319,1903.1616283509084,55.10931759948957,20.042155855853157,1004.5389751881503,12.163974061841207,0.0,NNW,1.2285573188287153,Aotizhongxin
2437,2013,6,10,12,92.38139605077782,132.7951277590662,13.341227951291298,58.213111589487035,1723.899077358869,48.16508117624178,22.569723178597886,1009.6353016581878,13.199390811024218,0.0,NNW,1.6259047889944958,Aotizhongxin
2438,2013,6,10,13,87.9210133834682,128.00956154252447,10.531465480604162,38.86144358334345,1572.562800006161,69.17692499016265,22.075745737976117,1014.7246182929134,15.408865820294526,0.0,NNW,1.6613979006567234,Aotizhongxin
2439,2013,6,10,14,78.93852778759094,131.1561402511514,8.968905105640788,27.62380539858255,1525.0939535165194,72.57463839125033,25.79796319640452,1016.4220516171495,19.020824221364816,0.0,NNW,1.482279969130643,Aotizhongxin
2440,2013,6,10,15,66.29901594903983,94.39957108732385,16.151529622186953,25.131257065271054,1265.278929047934,65.76472847081352,23.77328680428347,1013.2515248353068,14.271530136401049,0.0,NNW,1.449021563550374,Aotizhongxin
2441,2013,6,10,16,68.52979288792477,104.13910721567562,13.336836228628737,28.693656733448133,1229.315742671877,90.8462405632392,22.392839611880575,1015.6809179207735,12.603434517350008,0.0,NNW,2.897373820715382,Aotizhongxin
2442,2013,6,10,17,71.0585965275478,97.52730870270719,15.361924724038534,31.70813284844433,1190.2292228838687,92.52668360490476,23.774454368604058,1016.8808414417014,16.390233955664662,0.0,NNW,3.126255607591614,Aotizhongxin
2443,2013,6,10,18,64.86732053579738,93.78652096596718,11.619852702265309,14.313385238795826,1132.4410449586387,82.10262913147639,21.94783402262994,1019.1562202776843,13.898380644517507,0.0,NNW,2.3135419970580386,Aotizhongxin
2444,2013,6,10,19,68.64837696810609,112.78029617284386,8.88039664271014,40.46276349775822,1232.7479157571922,82.16233242330847,19.99846714669596,1019.8878188644793,11.292593089632566,2.646366099252261,NNW,1.4821363666326923,Aotizhongxin
2445,2013,6,10,20,69.6334905610396,76.24695860419907,14.639895748547621,30.14889427675616,1198.1150299131566,88.91327447056442,16.441223524531026,1016.6362915293682,10.02567128651358,0.0,NNW,1.5327755924306394,Aotizhongxin
2446,2013,6,10,21,75.45499810030054,109.77315991613756,11.36526208998196,34.58951216002435,1247.9503950517487,75.67103809854562,14.062331073193441,1015.0143005947683,5.173910029139805,0.0,NNW,0.3416709613735167,Aotizhongxin
2447,2013,6,10,22,82.84509805195096,137.33900457350498,13.162525310871056,34.2224836494125,1506.163517126996,53.19091799479847,14.104479539528459,1011.6126127825987,6.73682389328354,0.0,NNW,2.303748569076247,Aotizhongxin
2448,2013,6,10,23,89.14289549761004,127.62039588874747,13.577431637260835,39.97769083675857,1634.4506265519913,71.33984170156232,10.661628422501126,1013.5102336946347,4.423594974427308,0.0,NNW,1.4538158246431112,Aotizhongxin
2449,2013,6,11,0,93.77240418834009,147.78709549600458,6.159287342147957,43.813734896580776,,51.867406792614915,6.493813073268597,1016.1498450029806,-2.014883216953681,0.0,NNW,3.1768802832084244,Aotizhongxin
2450,2013,6,11,1,98.77481133215066,131.9926143697165,21.10830026239716,58.318748654338094,1917.2637707756028,49.631093328261045,3.4137006205254514,1013.2862898743621,-7.329947481568385,0.0,NNW,0.8975088788362404,Aotizhongxin
2451,2013,6,11,2,102.34547231715004,142.9631863023729,18.97301183787326,54.93657130037304,,62.078705679514755,3.969117133941002,1009.8497165925178,-4.635484541151271,0.0,NNW,1.5261180539612182,Aotizhongxin
2452,2013,6,11,3,105.23138691982467,147.6591887116404,19.525003088538266,65.27853737167263,2125.7284369759295,40.98254573024833,5.235948608240285,1009.0712217114675,-2.480125779396557,0.0,NNW,1.9235506645836722,Aotizhongxin
2453,2013,6,11,4,109.73023243756398,131.44641461900184,19.14479883211051,58.849727888868195,2217.667008321292,38.36671426412777,4.392844159577654,1006.2928402581737,-2.102646926278134,0.0,NNW,2.3721836424667884,Aotizhongxin
2454,2013,6,11,5,109.86420515625987,142.1281089402618,20.319912592603732,65.88364075227989,2235.7095589121604,40.94852709740927,5.275270654390384,1006.4560996110016,-3.5064703809634645,0.0,NNW,3.4423565302709727,Aotizhongxin
2455,2013,6,11,6,113.61463863043832,148.09174328877378,18.208163192461257,58.568637246084634,2368.375748198757,40.05333943874032,7.04519152973853,1007.2951983511687,1.6298316994333515,0.1771393005265591,NNW,0.903655279044153,Aotizhongxin
2456,2013,6,11,7,118.54139804045407,174.17861803696096,21.679367188367152,74.05074238617766,,26.65987666899546,9.890938655895567,1007.4716395491915,-0.05729491220504501,0.0,NNW,1.7584496112989307,Aotizhongxin
2457,2013,6,11,8,113.22417239983503,167.23537241660958,15.408831985724797,55.650530149935854,2370.247649303104,37.746379750045286,13.588751418412315,1009.691372846884,5.834966915233297,0.0,NNW,0.8574647354283937,Aotizhongxin
2458,2013,6,11,9,109.41423172403978,156.420288840721,19.093739203344377,56.54230006964034,2202.024676727261,42.683855749594585,14.99937119408146,1010.3886319595498,6.640626643517653,0.0,NNW,2.631961272515074,Aotizhongxin
2459,2013,6,11,10,105.19976872965509,155.52070519007418,19.184720411713315,52.48031670036204,1952.6993731021232,50.22026896628827,17.68109598330168,1010.5411335604222,11.70173232301165,0.0,NNW,1.4824846554876903,Aotizhongxin
2460,2013,6,11,11,99.85234916640782,138.15179470575322,15.698087824043897,47.34476980066027,1891.1380948977246,56.42174328160317,19.66270945417577,1008.7076124180888,9.452238683002856,0.0,NNW,1.917357024220646,Aotizhongxin
2461,2013,6,11,12,92.39159888499654,141.36755513439056,16.112603377413073,50.7799661555435,1730.7054952847943,85.87441228777458,21.322032563633368,1010.0771693576364,13.960484700837252,0.0,NNW,1.8621891694023822,Aotizhongxin
2462,2013,6,11,13,87.5977572053598,122.72474451382442,10.731901597784645,37.29035698005643,1616.8487710489758,54.71187842169057,25.00161534482428,1011.5183122849435,16.635267896982214,0.0,NNW,2.0930295506794367,Aotizhongxin
2463,2013,6,11,14,82.29132436915808,,9.60251968731211,46.15139624432859,1408.8616814162785,82.30091620197956,25.772861364656976,1014.9710405784133,20.06657278918596,0.0,NNW,1.8749837237376425,Aotizhongxin
2464,2013,6,11,15,71.12747124425245,96.9225334093293,12.174617457146443,24.31006368722771,1287.7783246478118,89.51142758799426,28.067919876499076,1011.4828917964205,18.825081854665203,0.0,NNW,1.2226543711911488,Aotizhongxin
2465,2013,6,11,16,69.83653682387279,104.61565632978618,12.705521944940962,29.034511683852884,1206.2261631710746,86.57847483384623,25.57510471047456,1016.317576873993,18.198082104216216,0.0,NNW,2.0679199803049673,Aotizhongxin
2466,2013,6,11,17,70.38868749780089,94.3321743307921,4.545773902049527,19.475195559717836,1139.858251338108,77.64499170849595,22.912632555133193,1019.6469145643537,13.65534524447642,0.0,NNW,1.3644902598031878,Aotizhongxin
2467,2013,6,11,18,66.31331786975863,102.60295878964277,11.5660619053323,28.367782260251733,1086.6689313845075,101.64668030267626,20.71409084820019,1018.3336520693613,12.996184114334463,0.0,NNW,2.6516505616430504,Aotizhongxin
2468,2013,6,11,19,67.48729442287701,83.16072078486775,8.540766367425647,25.55388565840447,1199.4682572025067,62.22831700982473,21.429417891067423,1016.1281739095538,12.875370581971264,0.0,NNW,2.0459308485760577,Aotizhongxin
2469,2013,6,11,20,73.21762306926018,91.51550974968232,10.09145471915557,26.438995566723403,1154.5016960381763,74.8179681224327,16.365710124560046,1014.9336161914226,7.787865491673909,0.0,NNW,1.1682057761983673,Aotizhongxin
2470,2013,6,11,21,77.14792646887946,114.88136460769627,7.44591232337215,40.36566410829724,1358.2346460812191,89.3944915018918,16.214605029783108,1017.1469644754861,5.233452072627136,0.0,NNW,3.9255005330277015,Aotizhongxin
2471,2013,6,11,22,87.65304209553993,121.82881678792577,9.945148279439874,29.765265031559167,1541.0998521082254,68.79888396577483,11.271938558135872,1015.1121107321045,3.8938146546730175,0.0,NNW,3.327081497566886,Aotizhongxin
2472,2013,6,11,23,104.34396072094172,141.5426308477871,16.604280751078328,44.51574035889357,1720.2961508096043,82.4351213755649,10.523737575680924,1012.8012303203471,0.900378870253149,0.0,NNW,3.9547781078671638,Aotizhongxin
2473,2013,6,12,0,108.96458794347745,161.45100044562304,15.098590121940639,38.84832069860166,1874.3353455340693,44.881952553215996,6.339305365834981,1010.8219382421877,-3.3357140567428556,0.0,NNW,1.7256837528457654,Aotizhongxin
2474,2013,6,12,1,111.204980883938,,15.145760020383927,51.0778625033334,2051.342215097381,42.4085049329569,7.509573993653735,1010.8586707538619,-2.823351114684427,0.0,NNW,1.3318511407517883,Aotizhongxin
2475,2013,6,12,2,119.6556839132819,165.51594493559097,17.150534942106894,45.435397374212435,2122.0028957700524,42.18361829873025,3.4902342538454434,1008.893926472026,-6.093839783753038,0.0,NNW,2.645199330531363,Aotizhongxin
2476,2013,6,12,3,128.7551373693829,194.24947181784765,20.00316937992564,53.84199845327703,2282.8011899852263,46.496323245701596,5.409435994260052,1010.0332252339007,-1.8398443562461688,0.0,NNW,2.886422488800489,Aotizhongxin
2477,2013,6,12,4,132.5992305519406,201.03034623082334,,61.66336371110585,2382.429821874335,36.12916340158881,5.0439818357687995,1010.1522111730352,-2.2792582315015872,0.0,NNW,2.1573817956497785,Aotizhongxin
2478,2013,6,12,5,141.4092858803636,213.6969823352123,19.604548130254937,78.83570986436598,2575.9108975197,30.947861817149082,6.492455617995004,1004.4358712128692,-0.5119779411931524,0.0,NNW,0.31700776072793246,Aotizhongxin
2479,2013,6,12,6,137.07708789279854,189.0866652805788,23.278877332690005,65.8064309636782,2561.2313904866237,49.20396431098524,7.335226436892074,1004.5483608549423,-2.205244902375142,0.0,NNW,1.215116341449193,Aotizhongxin
2480,2013,6,12,7,138.82653717359705,206.66418109288057,22.74101704216534,77.55586305271501,2427.1881161812225,50.9863040966648,9.371110078943513,1009.8664832438521,1.6932825173025985,0.0,NNW,2.3380037164832497,Aotizhongxin
2481,2013,6,12,8,133.4060812154226,177.27898542390486,20.57024310631338,64.08309440921612,2463.9708486027384,34.20556724831348,12.64398135498945,1008.0015108664057,3.720906055483268,0.0,NNW,1.471861348918754,Aotizhongxin
2482,2013,6,12,9,135.51603416231507,180.65341908002046,18.699369254662948,56.04546166793144,2407.9164010905038,25.224652397039687,13.496792432865222,1006.2011648204896,6.928886965372696,0.0,NNW,0.9079918051782347,Aotizhongxin
2483,2013,6,12,10,137.2728921393911,168.67749046890393,19.47196328535862,67.31485218080554,2375.8628776376204,25.925161708126204,16.07615735852519,1011.4665032133213,8.715178290791643,0.0,NNW,1.7938754881460148,Aotizhongxin
2484,2013,6,12,11,126.97083714133335,194.48785401685197,17.236897490916157,53.67252187863777,2138.5497167779945,55.92242502024054,19.462175750542382,1011.389274974265,10.477398260471965,0.0,NNW,0.2,Aotizhongxin
2485,2013,6,12,12,117.00803724462338,155.17145365171194,18.182400215417843,39.85822724893829,1933.8512919430582,,21.474862602286965,1016.4064915238498,15.035725905264322,0.0,NNW,1.5173555298972905,Aotizhongxin
2486,2013,6,12,13,112.68181743946694,156.4892186177831,16.40458890470232,43.588190773151965,1855.1877558033102,67.10045398334847,22.152159342137825,1012.8234918709815,14.913175853099812,0.0,NNW,1.6591813654325756,Aotizhongxin
2487,2013,6,12,14,103.89786619338452,136.35376925145547,9.445238295746815,32.65924200073913,1666.1281191221644,71.79091892919242,26.045580302262678,1016.7174079941374,15.965076061891942,0.0,NNW,2.2483175442129877,Aotizhongxin
2488,2013,6,12,15,97.50301788605914,143.4558775237842,8.206576581842146,14.94559080689869,1609.4263513212907,69.63224338272285,24.498289872352593,1012.6378650276672,13.991006600355231,0.0,NNW,2.4380969207437073,Aotizhongxin
2489,2013,6,12,16,92.83701289029204,126.21548143923546,8.566124347865578,35.16727719843617,1444.2213338566523,88.20043303374935,24.319264958396513,1019.1221821192494,14.297736227606586,0.0,NNW,2.3021678527263836,Aotizhongxin
2490,2013,6,12,17,82.16130759036251,101.97766172217803,13.098786938755422,34.44095591935407,1278.5975290284687,100.9299994462158,21.66896154889007,1018.7179492478676,16.14273412368003,0.0,NNW,2.7177990663680767,Aotizhongxin
2491,2013,6,12,18,81.0837313946576,117.93384959438124,5.271073009686264,39.7035362399382,1189.9646321384523,62.83122322664444,25.178521593783653,1020.2086948675875,15.655327654729007,0.0,NNW,1.8656166710936426,Aotizhongxin
2492,2013,6,12,19,79.34704550972889,96.74856346551816,11.354643035878638,29.05863301178073,1219.360174702498,83.37313376934955,23.64060109333237,1019.0507897664628,18.454811404855104,0.0,NNW,0.8355295563500673,Aotizhongxin
2493,2013,6,12,20,80.3715668952687,104.14613640022125,11.757502254356691,25.689704531650968,1224.7646247469734,71.94715160047495,16.41759258341869,1016.1320306471708,6.816614708837099,0.0,NNW,2.035355610378675,Aotizhongxin
2494,2013,6,12,21,90.91365358708072,106.21022387565219,14.95241027012584,37.53777979529773,1433.7134144189836,62.773009589125174,16.83912957175365,1013.1932807778591,7.078331988837633,0.0,NNW,1.2995995305042616,Aotizhongxin
2495,2013,6,12,22,92.10082944556011,114.70158010180808,13.04101607199166,41.79856292255124,1583.1100152261229,61.20024129215585,12.274089473368408,1013.295894199272,5.594018194963302,0.0,NNW,0.914490356649782,Aotizhongxin
2496,2013,6,12,23,102.58907883947639,145.4100020724717,9.67627660273569,52.92986856304094,1717.0014582507767,70.26720468440709,12.405654389219663,1009.7717944511163,5.793939355573317,0.0,NNW,2.4632131829077784,Aotizhongxin
2497,2013,6,13,0,109.23779847122478,,12.121935118055632,44.64297901546846,1924.988651207802,64.04962197591166,8.433281817735104,1010.1582019376326,1.2670195781855325,0.0,NNW,0.8696937478562978,Aotizhongxin
2498,2013,6,13,1,115.88332915031704,147.4252035642267,12.74810865981913,48.851749121509656,2047.472937915495,68.13240148418498,6.489389215306711,1011.5576274729043,-0.49644534400582185,0.0,NNW,2.5441676225364684,Aotizhongxin
2499,2013,6,13,2,126.28024538144825,176.76865437269944,15.886168101000578,49.27564464193178,2190.0873485638854,47.58781547145461,1.5918374276814444,1009.4044942423496,-7.610595235356056,0.0,NNW,0.9662730155018968,Aotizhongxin
2500,2013,6,13,3,133.85365399532026,181.9590466325178,17.986829203660957,63.441832317532565,2358.053202195679,24.740114171640528,3.6820910398599755,1008.0172858138028,-3.0684041669190503,0.0,NNW,1.7675634301646848,Aotizhongxin
2501,2013,6,13,4,140.9036646621351,217.18549688658223,15.83380244025902,49.93441472984209,2497.244313363611,35.96766948162932,5.371522741471731,1006.0836671491828,-2.268482250950367,0.0,NNW,1.548781814860243,Aotizhongxin
2502,2013,6,13,5,147.7734159794054,225.22174783141128,24.24161510340221,70.52721550868188,,21.988063620615456,6.637745341211582,1003.625572846838,-1.9101677431642563,0.0,NNW,2.9095159975308778,Aotizhongxin
2503,2013,6,13,6,147.47040765800006,197.77934609368853,16.024155884142676,69.70268097492632,2587.297472706596,22.93204113577995,6.106681617228448,1007.3641662264745,-1.7513885360944006,0.0,NNW,2.4754692869895916,Aotizhongxin
2504,2013,6,13,7,143.9992355086411,207.17030589613236,23.867939403032782,,2499.9117092054207,41.657444926838245,8.906842706985582,1007.9286912534919,2.4978114342095,0.0,NNW,1.3406040377695194,Aotizhongxin
2505,2013,6,13,8,136.66162072727104,198.81909458697396,22.885616113240218,63.4263099677035,2418.0543140698333,40.29117396133323,13.241980074851021,1005.6867458609844,5.8297559792877465,0.0,NNW,1.873923881577062,Aotizhongxin
2506,2013,6,13,9,128.5924199294185,174.05459932094186,21.230441554999842,71.40596160397963,2424.505111717699,48.19798642468962,12.925183905399964,1007.3975855537398,1.6884807663494428,0.0,NNW,3.0635300215649934,Aotizhongxin
2507,2013,6,13,10,134.175594195057,172.89041650809773,15.418700177509749,61.975947723414905,2334.828078081633,43.92507152728272,17.788785036610516,1012.5842669081788,11.125626843548332,0.0,NNW,3.1944156834311066,Aotizhongxin
2508,2013,6,13,11,131.91888387107974,184.56345292643107,17.32144786304331,45.31976337104482,2085.1866441691604,61.43481950669054,21.856930297233582,1013.0249006816347,15.078888367427405,0.0,NNW,0.9049524508347198,Aotizhongxin
2509,2013,6,13,12,118.75001505317204,164.52156432629974,11.167886599348147,40.28656760241883,1831.6516725500583,55.865971017098886,22.649272255533205,1009.0311508765421,14.080675236072373,0.0,NNW,3.052957391372274,Aotizhongxin
2510,2013,6,13,13,105.6956118731221,143.61621165266473,16.438625879588642,32.78622859063249,1745.8468980164048,77.6373044549855,24.16348415259335,1013.124822451051,16.338606592422035,0.0,NNW,2.9917183426691674,Aotizhongxin
2511,2013,6,13,14,100.3876474730717,144.96587514394523,12.278045655391194,39.410266662204705,1647.774824505873,75.94638939471542,21.629031089124034,1017.4099113647445,13.798140715863031,0.0,NNW,2.1428905579457638,Aotizhongxin
2512,2013,6,13,15,96.36350322698713,127.401608447726,10.236505450307208,22.8567530063494,1462.068221470168,75.6077008248175,23.767130835373155,1015.1026919113177,12.797941471408002,0.0,NNW,1.9273919417124958,Aotizhongxin
2513,2013,6,13,16,93.79147989031986,119.78809637065638,6.998638441109,36.34662907297805,1455.0046140186805,83.77156553637192,27.74056101327724,1015.7922406421079,19.138055549636075,0.0,NNW,1.5596514787765288,Aotizhongxin
2514,2013,6,13,17,89.77464404096621,126.775331360851,2.737852512667609,36.26526994098298,1334.8095500624568,83.96953864747753,22.76151116152549,1019.0151043849315,14.217045544605128,0.0,NNW,0.9972769155481522,Aotizhongxin
2515,2013,6,13,18,88.25060178962667,127.41054343116609,6.884377428892732,17.96786984839639,1297.8517503306646,100.96106515312923,23.967782126186076,1018.9741384885505,15.729691822906133,0.0,NNW,2.2711544767514216,Aotizhongxin
2516,2013,6,13,19,90.58434509759205,115.05163369762833,13.508765455393377,24.1970951974758,1376.1101890738682,86.6025218830146,19.083738665965576,1018.7002358222065,10.29496702016411,0.0,NNW,1.8639546330164167,Aotizhongxin
2517,2013,6,13,20,93.92492979790427,140.77580782697677,9.461372695653395,27.812459775210538,1378.3954872243453,81.63450837066588,17.171459698761016,1015.806157520574,10.165722352596088,0.0,NNW,2.34793638822306,Aotizhongxin
2518,2013,6,13,21,89.81528698485084,108.0365904010304,10.95647952272212,37.92972966002639,1421.344267314005,75.2927609591557,15.77338026803028,1016.8613099384828,6.559686920183295,0.0,NNW,2.367048576143458,Aotizhongxin
2519,2013,6,13,22,95.10929189814645,,14.466663074865357,47.87474700487901,1594.3826982916944,80.93184219245012,12.562849072965808,1017.4894910279104,5.927964822001137,0.0,NNW,4.014321435084657,Aotizhongxin
2520,2013,6,13,23,98.93909480802957,135.9346473692653,19.12291140883619,26.339679955000946,1686.4153435699268,73.5496095180981,10.572268676501624,1013.1943478285755,3.4958818015972737,0.0,NNW,2.9573469394717256,Aotizhongxin
2521,2013,6,14,0,107.40451183673929,144.0040794449157,18.975013964836915,42.45455425978653,1954.674908362801,57.26158369687372,6.701346806044044,1011.1931807573727,0.7419743877464313,0.0,NNW,2.4375333189361204,Aotizhongxin
2522,2013,6,14,1,127.11011920022857,172.30356214480804,13.377090214064038,48.04824733756764,2155.099842285638,41.97310872620889,4.6353406779524775,1013.1660500526667,-0.7639607708419418,0.0,NNW,0.2904306531371912,Aotizhongxin
2523,2013,6,14,2,135.81547450905015,208.85240913575134,11.672288285687781,43.79464116090762,2317.964487489039,38.480318616216465,4.011934315523565,1013.5908796057943,-1.3773879523530965,0.0,NNW,2.3138475335100046,Aotizhongxin
2524,2013,6,14,3,140.77455919995697,188.57554198955074,25.614376683233047,55.26125546929846,2406.5639537710213,40.48070507491435,4.20152278780645,1012.6944758611988,-5.5769041587455925,0.0,NNW,3.2658140391926223,Aotizhongxin
2525,2013,6,14,4,149.22932388580273,233.33327066484296,26.137101853900553,65.74265963049366,2583.9824864356774,51.83863996657987,4.9968196640232,1006.9208499815279,-2.486901582584107,0.0,NNW,1.6584316875867902,Aotizhongxin
2526,2013,6,14,5,154.15708810977844,220.1911911510003,20.394989920733188,62.089085303064905,2603.4966467537724,33.35008805030415,7.895659033115345,1006.6222903695608,-1.1810203513547677,0.0,NNW,3.752544803369018,Aotizhongxin
2527,2013,6,14,6,156.8596912829138,220.5241191691992,16.188535263254536,52.64303065114069,2668.9964178232863,29.058763900344356,8.059944372172097,1004.941675333727,4.980393756705774,0.0,NNW,2.4350915166673217,Aotizhongxin
2528,2013,6,14,7,158.2648684444485,226.33321935610454,22.719308733127157,87.31117810986066,2606.674625720987,18.244661210286832,10.726895653762877,1007.4064755173843,3.6480026922400626,0.0,NNW,2.235643983286555,Aotizhongxin
2529,2013,6,14,8,163.49403002862778,254.1909195325984,19.006175960884363,64.44993099732223,2706.3344713543274,53.484779261411994,12.62421106784499,1005.5216351181627,6.748679052385682,0.0,NNW,1.207384140836712,Aotizhongxin
2530,2013,6,14,9,154.20291760938738,205.94815461382785,18.196590536612906,60.03568866458435,2530.9962882128075,48.01261193015091,13.326848619706837,1007.4111992106523,5.97990287495457,0.0,NNW,3.2029602547482345,Aotizhongxin
2531,2013,6,14,10,149.88424248103678,198.6337602840876,20.18337652931539,46.21658909546363,2498.199593033188,55.46009970005858,17.61409474003368,1010.9022595963248,5.660930111478973,0.0,NNW,1.3354989211185146,Aotizhongxin
2532,2013,6,14,11,138.94328931418625,186.9719430741415,17.297219466132503,52.26203019782062,2334.688851737986,,20.196173165287306,1011.4858595947662,11.02082561786297,0.0,NNW,1.5485010857136656,Aotizhongxin
2533,2013,6,14,12,133.40076854647964,187.0825074347171,11.442555266955164,43.68628972766805,2105.3721209434943,58.35269771241037,23.210952643877437,1008.378557389666,14.182578232847975,0.0,NNW,0.49513839617273825,Aotizhongxin
2534,2013,6,14,13,121.96145114745961,153.4883203583177,12.731678969241473,24.715431796226333,1875.5852566990638,67.31638246503837,22.057371933379187,1016.4346798220614,13.472169017033748,0.0,NNW,2.7169230760954006,Aotizhongxin
2535,2013,6,14,14,113.0565552461149,158.50256973774694,14.483458785984041,26.437956479884676,1657.1492163626408,87.38601941951994,21.59864196516814,1012.3260078256965,14.137994415548286,0.0,NNW,2.470132127078486,Aotizhongxin
2536,2013,6,14,15,105.66299215356686,164.86366034913033,12.995222761282319,37.21727251766062,1607.6987149168574,79.47347842285504,25.264395722755747,1013.6136660581748,18.016394809377296,0.0,NNW,2.0081617020427687,Aotizhongxin
2537,2013,6,14,16,104.79870035300894,148.23225440046028,11.455922704153235,43.23163312431476,1502.4936695050576,87.52588799525091,25.19003326527325,1013.8522827153934,13.249028605698363,0.0,NNW,2.5921959412297246,Aotizhongxin
2538,2013,6,14,17,105.47550545363968,144.73885304534278,12.970639731982253,28.618806714562993,1484.3354550712133,92.85365282923182,23.391176828368817,1015.5070624543173,15.035797482104723,0.0,NNW,2.5167920333864044,Aotizhongxin
2539,2013,6,14,18,99.47041073652622,133.07697054430042,8.914849036548206,33.824666226346935,1482.252655265022,91.42931332422644,22.113099162955663,1015.2063872426684,13.384284980877174,0.0,NNW,1.707586618944924,Aotizhongxin
2540,2013,6,14,19,100.71237239185358,149.98243839411063,10.706380194211874,,1378.107484186034,82.86645395456176,21.318158567874207,1015.0847622490676,15.389716053427943,0.0,NNW,1.372130259765456,Aotizhongxin
2541,2013,6,14,20,100.87106564799575,132.96116417481355,2.0,26.987122638866406,1414.3431552461238,81.31179666647176,16.899982086233948,1011.4015829154594,9.788348992354596,0.0,NNW,0.62778218798983,Aotizhongxin
2542,2013,6,14,21,100.60460468323112,159.31040576251604,10.11551551253882,39.58569659722477,1510.172828072696,85.45407390942312,14.582038736762133,1015.7953886900403,6.307422453156428,2.953743670040683,NNW,1.8578589267981043,Aotizhongxin
2543,2013,6,14,22,105.94973991713003,167.6632333611256,14.79170872572693,48.302218313435745,1688.657976824631,80.26002859934728,12.53036421589554,1014.9641303356311,4.865885451689563,0.0,NNW,0.9534805589837425,Aotizhongxin
2544,2013,6,14,23,111.95123741023112,159.2992403609414,12.534721373135964,50.23239264567454,1819.8256432515648,78.15280211775766,8.17027798124599,1017.7829087012971,-2.3602565753321008,2.109938919248899,NNW,2.1301344794357666,Aotizhongxin
2545,2013,6,15,0,129.42267470868887,181.07659371139795,13.601317824848664,36.469095396921446,1990.5969720847224,65.51096983309839,7.701086350562893,1012.9726819953311,0.693114417810603,0.0,NNW,1.871666103646464,Aotizhongxin
2546,2013,6,15,1,138.91908536320727,204.7933175909058,13.169736370188147,49.64070977952844,2252.7079459817905,59.49558000835753,6.244130986154303,1009.7127267350511,-2.349177394734855,0.0,NNW,1.6783753655987386,Aotizhongxin
2547,2013,6,15,2,140.6440440071147,207.84964663223383,20.510097678187435,57.22019747581036,2265.0917111122544,43.03766633215553,7.796305058589728,1007.0985700430532,-1.4147631005529073,0.0,NNW,2.8372129274788134,Aotizhongxin
2548,2013,6,15,3,144.59815142602736,194.37749468584414,20.18092372655445,57.06471191567072,2397.740840165395,36.510835359617296,4.552826513557309,1008.2719131744688,-1.4758257266883055,0.0,NNW,1.2109086383898413,Aotizhongxin
2549,2013,6,15,4,153.4512432856817,209.56618926858735,21.806370812391446,65.42336842301354,2568.247241939769,46.15567164890398,5.640758597026018,1008.5673187598629,-1.9488701689575927,0.0,NNW,0.5216140228785084,Aotizhongxin
2550,2013,6,15,5,164.80202705230028,217.4993635263874,14.650987245571672,70.88313101913295,2677.1149846352687,30.110003662609543,7.717672370240228,1006.1636736299165,-1.280474025030815,0.0,NNW,1.8196855623542567,Aotizhongxin
2551,2013,6,15,6,159.4803190146764,227.36309600388753,19.5186498702031,73.02247801564113,2720.335526549958,34.79298996883138,6.672705100168882,1007.1220320526971,-2.2338846192053383,0.0,NNW,1.4080454132078617,Aotizhongxin
2552,2013,6,15,7,150.93839626279225,217.98003360247804,18.989296108195322,77.80547774355355,2608.19642476802,49.6420867524862,12.063610580314249,1010.9650790566723,4.612470089774989,0.0,NNW,2.0972553289760327,Aotizhongxin
2553,2013,6,15,8,155.4252442891405,204.09608562618396,18.488411899126536,59.684979237890104,2678.0901747082626,50.555067828839924,15.05761489706071,1006.9016527269995,7.489871841771652,12.258932529243861,NNW,1.2691231596008432,Aotizhongxin
2554,2013,6,15,9,152.21614232068737,208.5506102008007,16.68745127477887,48.22987030501644,2488.212582772397,45.34021877830815,14.956655568526987,1004.6909149844822,7.000793145663653,0.0,NNW,2.3364224174964683,Aotizhongxin
2555,2013,6,15,10,142.52976795758548,186.06913596480615,16.461687184659954,57.865876752115625,2334.1280361086465,44.5386042016629,16.779051358836135,1011.2469735747828,6.974016775942204,0.0,NNW,1.2216954748698643,Aotizhongxin
2556,2013,6,15,11,137.43285565515083,183.41799981477277,18.843029573632563,65.24686915152884,2263.5095937353035,52.295734769001925,22.440679136585583,1011.3345476661175,12.85748310642169,0.0,NNW,1.213038140992301,Aotizhongxin
2557,2013,6,15,12,119.12529334600771,172.2855812866738,9.261445939956513,41.184193120367524,1948.456306611872,68.67660141055615,23.264514121017697,1008.5820159774842,14.14204315376831,0.0,NNW,2.493147862296209,Aotizhongxin
2558,2013,6,15,13,111.37422401932075,148.58909296026624,19.037789078578754,45.31839491445934,1862.1664364989351,66.10548335310136,23.78320784484014,1014.1493825800652,15.488988198711034,0.0,NNW,1.962838400126955,Aotizhongxin
2559,2013,6,15,14,105.45008006376872,144.6218525289532,13.951523375079386,40.56596633978115,1670.6420510293744,66.91717606989737,26.799523992314235,1012.5042729017246,18.737557397652473,0.0,NNW,1.0503461539640417,Aotizhongxin
2560,2013,6,15,15,102.93395718632361,127.83442278137989,11.337470407086625,32.389400755025925,1422.9896215217022,89.83541709374342,26.981488282823978,1016.4181787106616,18.741531744221657,0.0,NNW,1.2385474668796732,Aotizhongxin
2561,2013,6,15,16,94.11081469921669,133.62504267615,13.390375420196586,27.734889692660943,1465.3548767874313,83.46663648590378,24.154872831953348,1020.1446540373308,15.983505390347624,0.0,NNW,1.7017484062774413,Aotizhongxin
2562,2013,6,15,17,91.45655066969123,127.59643773912123,5.814866633049355,18.294049828447495,1390.918415497893,78.37558744730924,24.033348817793115,1016.475690462759,18.85521721467472,0.0,NNW,1.0856305656257585,Aotizhongxin
2563,2013,6,15,18,86.73262695412495,114.1360852354433,8.005897284546958,6.746703420635381,1341.427645938527,89.78940188932631,22.93625654375441,1019.1665423980729,16.210131673644167,0.0,NNW,1.7696520350390605,Aotizhongxin
2564,2013,6,15,19,88.77638718815017,122.39679908658547,9.807144571382995,16.786677820906398,1228.2918480623111,93.86032978915179,20.043095044831777,1014.3726544957406,13.825420179654131,0.0,NNW,1.7978051276045055,Aotizhongxin
2565,2013,6,15,20,88.19201457383696,125.27176920840618,14.766554092374339,24.557058731417634,1325.976457013368,71.57390444673335,15.501884564668789,1013.2912887262469,8.198280552014758,0.0,NNW,1.266348083257236,Aotizhongxin
2566,2013,6,15,21,91.32716989513278,119.70935636409246,11.324976350687589,39.6372458756507,1418.3394050086047,75.67313039613434,13.592610744452632,1019.5702748507241,5.701214752927004,0.0,NNW,2.520030667879534,Aotizhongxin
2567,2013,6,15,22,93.55711175156829,116.2173310121778,13.850164013555437,34.17497550118899,1506.4008256345264,70.0331663241159,10.374415370784451,1015.1156300271127,2.98935273020577,0.0,NNW,1.1836940406108685,Aotizhongxin
2568,2013,6,15,23,103.39708536578725,162.81166383897028,11.937167786679009,35.67141334660438,1810.7451914799863,70.99334778539782,10.73938645453601,1014.5674351078353,3.07811671345917,0.0,NNW,2.9965346107692605,Aotizhongxin
2569,2013,6,16,0,114.59546118548957,154.10091861258266,16.460526206902472,37.87211646437255,1916.1752975927348,66.32008322859858,6.152403712448908,1014.3040446056907,-0.6356289746337622,0.0,NNW,1.8252126655913719,Aotizhongxin
2570,2013,6,16,1,121.42155025873554,169.02256933036085,21.325814004435973,55.43082753012625,2073.071972979434,48.014784759642126,6.628373068381758,1009.6502751548915,-2.834337631590893,0.0,NNW,1.4722732342001605,Aotizhongxin
2571,2013,6,16,2,128.80993088550002,190.44230058990317,20.486580075022342,65.86685733144483,2258.079862599789,,8.088597476522054,1011.1502327195253,1.1757181184466945,0.0,NNW,2.4314923546618172,Aotizhongxin
2572,2013,6,16,3,129.2287686625623,216.21082800329202,18.2911659425991,67.64962139867063,2345.1379451695866,52.64031801633032,7.141655277368219,1009.8115544186849,-0.607756719465828,0.0,NNW,2.0275570065096686,Aotizhongxin
2573,2013,6,16,4,132.7976207484719,173.471804548972,21.3565995607186,67.16970567375652,2242.046491970259,27.14991219961691,2.584616766708349,1005.0802633395131,-8.12601378976536,0.0,NNW,2.6079141573812517,Aotizhongxin
2574,2013,6,16,5,135.5938149554438,194.32961307488642,21.562179995266977,52.51361455471784,2438.8029733017097,38.56369639321207,4.4216937559991045,1010.19634149138,-3.449723714054256,0.0,NNW,0.39915448039123147,Aotizhongxin
2575,2013,6,16,6,147.0992125308917,198.8633746903073,21.519763015091826,62.186606057249826,2506.1542713575695,33.68019101269318,6.764157551864736,1009.613721031959,-3.1951691494690397,0.0,NNW,2.4134811426715244,Aotizhongxin
2576,2013,6,16,7,141.62911921646707,192.89286385728678,23.165489214026568,79.89695035689877,2539.418588905105,37.47629339481404,8.246464466170949,1004.6029363904792,-0.5560320439081265,0.0,NNW,1.5845783660222053,Aotizhongxin
2577,2013,6,16,8,144.48881549633796,195.08222148480525,22.643560130434594,71.29611201101058,2487.876064767777,54.86170462245761,9.931087982992192,1008.0704458640014,1.6923019933597803,0.0,NNW,2.030067424926343,Aotizhongxin
2578,2013,6,16,9,143.70869191226444,189.93561899916435,18.154058115308086,46.84210987785315,2433.281625997798,72.70514660655459,14.98373949041214,1008.0023066202414,4.723086687149631,0.0,NNW,1.9294639875555215,Aotizhongxin
2579,2013,6,16,10,138.61803409462857,193.65233411463336,19.425637184433306,54.55527581440583,2205.0182853125025,31.165625886013913,18.64584127515005,1012.3366149398519,10.56522950079072,0.0,NNW,3.077292870910137,Aotizhongxin
2580,2013,6,16,11,138.41708738448472,179.03889546779624,15.144810462033226,53.081168363338726,2195.3717058823613,63.36858542576621,21.431051058084332,1007.8846807622502,13.533753173690094,0.0,NNW,0.5116029065850058,Aotizhongxin
2581,2013,6,16,12,132.14093792183655,194.46538875568987,12.230782811053267,38.902732295790244,2112.884015966333,58.437522273223536,21.359353555749763,1019.2048300484211,14.49196415344509,0.0,NNW,3.291275617446032,Aotizhongxin
2582,2013,6,16,13,125.93300335143265,176.85623405233946,12.897423507375436,21.349986926678792,1974.4088829255613,76.94902126468854,23.252398487370996,1012.9451268867689,14.571750461944688,0.0,NNW,2.5651552783548874,Aotizhongxin
2583,2013,6,16,14,118.4850920924381,170.10347865842772,12.271165544781255,35.79059236013146,1783.8239077165397,82.07263076179163,25.192774130577813,1015.9768903323624,17.604486637057047,0.0,NNW,2.121709165793754,Aotizhongxin
2584,2013,6,16,15,117.16616418651621,159.37074374166048,6.479723126533288,24.55579831530554,,91.7751176016453,24.837271657241278,1018.3105305699384,16.694152533570563,0.0,NNW,0.853180051937428,Aotizhongxin
2585,2013,6,16,16,116.78448244382298,159.8262360792347,13.250870659327969,21.408758011633758,1650.8357881864147,84.50028424623794,25.875168427034385,1015.9381283325819,17.24776232273192,0.0,NNW,0.6623457545681053,Aotizhongxin
2586,2013,6,16,17,111.28476061869922,158.6743039178522,2.0,22.84404059477257,1540.1078671839673,75.25238080767647,24.30580133209616,1016.5997453602548,13.799935389385606,0.6007314658397922,NNW,1.5512426360132752,Aotizhongxin
2587,2013,6,16,18,104.98554662897618,135.3392589565084,18.144450818458964,23.930592682761507,1434.0249213285824,94.2764948870962,21.506611176594433,1015.9943382123628,13.339210715600187,0.0,NNW,2.508082419286808,Aotizhongxin
2588,2013,6,16,19,105.19584929072151,143.69428466287675,14.676008269943615,25.60882112145314,1353.9446480846577,85.32812141866735,17.215045532519834,1015.0586978791831,10.33181427862359,0.3040060754295945,NNW,1.9951979073081167,Aotizhongxin
2589,2013,6,16,20,104.99270770826979,138.39365565279314,9.886846808560867,20.607572732935218,1541.2112476855089,79.31220294326964,19.8367378592482,1016.8738453145077,10.436162673370525,0.0,NNW,2.462592106896457,Aotizhongxin
2590,2013,6,16,21,109.5061680877451,144.40294721693297,,29.096188139196425,1563.5983157281728,72.91543072261408,13.97087656583352,1015.2650005455829,5.644200773886109,0.0,NNW,0.8293148899545935,Aotizhongxin
2591,2013,6,16,22,120.66912406207807,147.83839128065287,13.408915620761848,20.940613036777954,1782.6612835493634,82.5633556910513,12.948147517570183,1013.481251603349,4.84241652792873,0.0,NNW,2.035519738486169,Aotizhongxin
2592,2013,6,16,23,126.07534608865525,189.89875041891736,11.938423610520566,42.31193162089419,1908.4948437000664,82.50417104763682,7.125112496921357,1012.3921673294452,0.7787734445940022,0.0,NNW,2.8763051001598434,Aotizhongxin
2593,2013,6,17,0,133.6686239164846,180.2706859515407,15.57785744276081,22.14979669327074,2146.268740553791,48.04647441300366,7.911957313055817,1013.1524669077863,-0.042880951160122124,0.0,NNW,3.161509416252508,Aotizhongxin
2594,2013,6,17,1,141.66528620879376,209.96516124394677,15.86209529240762,47.860460258581455,2230.581558411483,59.749046297226286,6.490138903448911,1009.1107777157863,-1.0777300335814521,0.0,NNW,0.9968262170019606,Aotizhongxin
2595,2013,6,17,2,152.29443838453926,223.90013695229788,17.217181848307103,62.35348922941563,2417.5998275720167,43.77612814577355,5.56364484593081,1009.0060704632156,-2.449339224664499,0.0,NNW,1.7184621014067702,Aotizhongxin
2596,2013,6,17,3,149.52008448419724,196.46812121271117,19.079917096374654,50.66741012553234,2557.9341578721283,27.649606488415174,9.520689924076994,1010.2618008776454,0.7822311866167788,0.0,NNW,1.7273623556497824,Aotizhongxin
2597,2013,6,17,4,151.86084198307276,201.7210664195734,15.389543623860208,68.05194970494797,2528.385785190848,39.82642311301912,4.3940641764191675,1008.1643239212164,-5.307646699917098,0.0,NNW,1.4989081951503205,Aotizhongxin
2598,2013,6,17,5,155.7029894273295,243.58921479181814,19.948338303846285,73.5643782227485,2672.710388504652,27.520476540877688,7.570742302590654,1005.0712523358375,-0.8568658435162697,0.0,NNW,2.7262159990946206,Aotizhongxin
2599,2013,6,17,6,161.52553046436492,243.64500206938231,20.490343239852432,38.53680038002089,2682.273457570996,19.222467721998022,8.713780866448591,1006.952257862506,1.3038198231374012,0.0,NNW,4.2971803018880035,Aotizhongxin
2600,2013,6,17,7,158.53569546301213,221.63478851493593,20.216177995513082,63.107613297175426,2604.528796119478,28.03444962052795,8.98204151099862,1008.0444141108405,1.1666560629979859,0.0,NNW,1.1090283285353866,Aotizhongxin
2601,2013,6,17,8,148.03247196370575,209.81919181336153,18.68263475261373,39.31432065466258,2530.727986559465,28.071625726250495,13.620313653746187,1009.6484173635503,7.839589048317419,0.9881531342062748,NNW,2.3398144590893786,Aotizhongxin
2602,2013,6,17,9,145.74375906963354,197.73279866801508,21.949107233840852,58.19646805916338,2483.3780407120867,35.8554619397024,14.753518594603797,1006.9537087605775,8.172296649529567,0.0,NNW,2.236425980133106,Aotizhongxin
2603,2013,6,17,10,136.9891060787346,196.10827565223184,16.439042335355346,54.94263031214938,2363.5983406287023,34.24115923046311,18.901055277390284,1008.3829405545978,12.761892128172498,0.0,NNW,2.253586864294202,Aotizhongxin
2604,2013,6,17,11,124.99501079544878,167.82119610640356,16.976072945982178,30.31602901476371,2177.222403671883,49.57812278617484,22.941443935132572,1009.315584797047,11.893029020655643,0.0,NNW,3.0663977889300966,Aotizhongxin
2605,2013,6,17,12,114.73305788352025,140.3027433939445,18.891892601776636,60.39870689663893,1903.1262593568854,52.86750871916028,22.297266147816625,1010.7089596012164,16.666267526392556,0.0,NNW,2.298634379370209,Aotizhongxin
2606,2013,6,17,13,106.23038509982125,135.50698127463923,13.467776354426459,42.11174555902658,1696.9530011559511,70.2266148990196,23.23856619424171,1014.1041046569068,15.638783587232428,0.0,NNW,0.290961579171678,Aotizhongxin
2607,2013,6,17,14,96.575977794744,135.4172963911475,13.143389802402655,28.207812543343724,1556.670877379078,78.43538986398316,26.236592538606303,1015.6889782597673,18.849980732239004,0.0,NNW,0.8505403291185669,Aotizhongxin
2608,2013,6,17,15,81.54051013075134,102.846041828026,11.175312185122573,42.5808997962572,1310.4048309048842,80.2791552974481,27.094979748901512,1017.637340891699,20.439020767393284,0.0,NNW,1.146447319402204,Aotizhongxin
2609,2013,6,17,16,80.36121624036315,111.83292808737305,14.381982361768605,13.314586159172695,1285.6102584383045,79.29619051587588,23.334371953802606,1016.1477772007706,15.366347916423045,0.0,NNW,1.4011471442077652,Aotizhongxin
2610,2013,6,17,17,82.46370373033913,104.70257482814615,9.397197183795774,15.848115206072096,1256.256035146098,81.52386970030356,22.980818403537278,1014.0189832218864,13.3752475822823,0.0,NNW,1.8883345410957943,Aotizhongxin
2611,2013,6,17,18,84.04756648436921,109.84305385309696,13.850063731864616,6.604355810640811,1308.755042082792,76.62925012588634,23.084202719627367,1018.3389403289149,17.255314169321874,0.0,NNW,1.8282336133611539,Aotizhongxin
2612,2013,6,17,19,80.5190490139979,121.25832168372897,9.859607184613463,40.0898450465333,1147.4853026006372,76.01819906312734,19.801951984377922,1017.1479164882605,10.649618894192091,0.0,NNW,0.5412818187793511,Aotizhongxin
2613,2013,6,17,20,82.71009555334672,118.26893925108644,8.091493810733757,30.338262896087258,1278.5902056086663,88.68667377539832,16.15669243154503,1016.4500659775542,6.67811636232126,0.0,NNW,0.7130381896014732,Aotizhongxin
2614,2013,6,17,21,87.4515689703656,122.33555234537836,13.502585605789626,36.13307869505701,1380.49392406621,60.08064354315905,15.811042241843094,1012.9687269293104,7.4595908693343365,0.0,NNW,0.3048145735610648,Aotizhongxin
2615,2013,6,17,22,96.05994996420968,143.27356968060005,11.58599649873303,37.4080098713478,1627.8359623340784,71.69275061687058,13.419044122534952,1014.1083282727893,4.84003822071515,0.0,NNW,0.756789186555739,Aotizhongxin
2616,2013,6,17,23,105.96874056600639,153.1623227258824,15.56740747178488,44.413761187106246,1688.5300876169918,63.23518551195104,9.49842136615454,1010.9067856532612,1.5041316174967285,0.0,NNW,2.7929314030872368,Aotizhongxin
2617,2013,6,18,0,110.79661672396804,169.58089632606894,6.811786845228799,45.62462171116792,1897.705801774194,65.99132101374893,8.02095533613138,1012.9639299768916,-0.12635708332691065,0.0,NNW,1.7836374375392183,Aotizhongxin
2618,2013,6,18,1,118.8891703026979,161.84624580062567,16.309711011197443,52.34375164370994,2048.2345597416024,39.27940403821347,5.474886358736434,1009.8461167170798,-0.5044189899097038,0.0,NNW,1.237836847713372,Aotizhongxin
2619,2013,6,18,2,127.95372056808327,174.8388590100415,16.121184103727558,55.8608274897836,2275.781890886485,47.624807054859396,3.697885598241358,1008.4609312072708,-3.613130503180326,0.0,NNW,0.4659393933834157,Aotizhongxin
2620,2013,6,18,3,139.9902132922668,182.97520594526006,15.345757846338904,54.27340117917672,2432.5560120382806,45.75217388392738,4.25440309005772,1005.3901551278892,-5.032292378641673,0.0,NNW,1.189740770623112,Aotizhongxin
2621,2013,6,18,4,147.5757981295024,202.31631020757916,17.67040401340279,61.94750995397142,2533.0787331408137,19.30205271914909,5.451640262373177,1009.7240647204459,-3.6291161253132156,0.0,NNW,2.4857461287273073,Aotizhongxin
2622,2013,6,18,5,153.72903755414336,224.86835151882516,18.108519698567385,66.50727311187478,2588.469287219371,25.10857461415592,4.12711212995167,1006.6532416060959,-4.455170841535452,0.0,NNW,2.3805312151120264,Aotizhongxin
2623,2013,6,18,6,155.08656927718874,230.1210707106856,19.856042615448256,65.88439295641705,2548.075429062016,34.082101531872084,7.2929127912562866,1007.1739615406755,-1.2833887158994517,0.0,NNW,1.7980296760376313,Aotizhongxin
2624,2013,6,18,7,159.7061806466748,233.1917045862114,15.727649747590473,52.496339663754824,2676.374058473396,40.99332341911634,10.131745195889108,1005.6993906871695,1.3596289906689223,0.0,NNW,1.7863690354366035,Aotizhongxin
2625,2013,6,18,8,158.3482191553739,203.7455881520291,20.278948359701335,51.560614726821505,2639.7204046832603,40.17435801651603,14.203799414162093,1004.3687228611445,4.551186387096703,0.0,NNW,0.5829983649323598,Aotizhongxin
2626,2013,6,18,9,150.1363088367429,221.02228449804738,22.6341782615501,67.80486709506208,2405.1898025448295,47.92687299983439,14.531111467799203,1007.4012149177128,6.966714673953432,0.0,NNW,1.379154956618096,Aotizhongxin
2627,2013,6,18,10,149.53658528164726,190.96603316158544,18.34278549084348,52.54404763293279,2334.6079740367504,36.70627487359346,15.719336925861372,1008.7569173244545,7.035930172053152,0.0,NNW,2.444463867441042,Aotizhongxin
2628,2013,6,18,11,145.09276972487896,212.11105085605402,18.721061053199634,54.85418367833794,2276.886274508624,37.642020375156704,19.685509980953405,1011.2914248163171,10.25780779238584,0.0,NNW,1.46014825641437,Aotizhongxin
2629,2013,6,18,12,135.5560222872894,186.1005859364946,18.283687363841388,36.26304072222083,2101.4052626087087,60.8450580575679,21.22121385573034,1011.2899351782218,13.949426648369375,0.0,NNW,3.2987811238851528,Aotizhongxin
2630,2013,6,18,13,125.87347906461683,183.24820382980212,17.415373311039925,28.03845208477734,1853.9278489713236,54.176943745421866,24.488521870430432,1011.857397506118,17.76025486859037,0.0,NNW,2.96445241949154,Aotizhongxin
2631,2013,6,18,14,119.82435259825553,154.42961015861206,18.110416078463917,28.251227099746302,1729.8915851076424,63.84677673952197,24.152400273347336,1011.4933212057153,15.783944626646994,0.0,NNW,1.6369804636270344,Aotizhongxin
2632,2013,6,18,15,115.46388834372944,173.36112000828268,9.966860099239472,29.07734381009775,1549.0439523466955,87.0004530779274,20.934150067631094,1015.6324408967782,15.606379614408867,0.0,NNW,1.7877071829737392,Aotizhongxin
2633,2013,6,18,16,111.48549872831751,141.42995075859562,8.514421025594459,22.35836953003593,1614.3370235034263,83.54163066227947,30.19669501468739,1014.7370066313805,25.51997606323415,0.0,NNW,3.7784601944842486,Aotizhongxin
2634,2013,6,18,17,109.73372074695014,146.9426599371984,12.520767813528863,36.032951659064345,1426.5057150915513,78.46669660467256,23.873798975230784,1019.4712421989767,16.619134205272697,0.0,NNW,2.677755932904169,Aotizhongxin
2635,2013,6,18,18,115.51132503392773,151.73490876980847,12.1247986589722,26.43618641229969,1551.2035698338493,78.01968495359037,22.204855077328343,1017.3002933226762,13.501638998536816,0.0,NNW,2.0562201650976557,Aotizhongxin
2636,2013,6,18,19,120.8197228541952,151.6047634676483,12.497396767401725,40.4729924227135,1578.4394175102655,90.35736122611836,17.687885042004453,1017.9538348115113,10.09131537356959,0.0,NNW,2.148562059951215,Aotizhongxin
2637,2013,6,18,20,124.57927789439418,175.35626472803654,16.337720343828565,30.914757156882565,1714.7037426226161,83.7703444511108,15.391336552082791,1015.8325496863439,5.554671954211882,0.5437159035862491,NNW,2.1191138471603637,Aotizhongxin
2638,2013,6,18,21,133.11207889540083,204.41780163193076,11.498575820462746,11.557457832910558,1742.4412140498498,65.53210310643678,14.862076563490453,1015.9380944854686,5.55428115214246,0.0,NNW,1.9864211248291221,Aotizhongxin
2639,2013,6,18,22,135.19518671688712,215.94231362684204,13.778469678938553,43.448332851668425,1884.624129252116,53.02176266899054,12.916066547442252,1012.7185693684595,2.3920328398409016,0.0,NNW,1.1432179620690037,Aotizhongxin
2640,2013,6,18,23,144.02232356359872,202.60281085990067,10.764740020036967,27.74720611818993,1963.7296250059135,85.28849445396455,11.053171208765132,1010.9376575741734,2.110473735012935,0.0,NNW,1.6781469675927811,Aotizhongxin
2641,2013,6,19,0,159.0241203156068,233.80058119252476,21.405963371927875,46.84426933769071,2175.2666206778667,47.77520774682442,8.285088674111915,1012.0302621546971,-1.5636917011749225,0.0,NNW,0.8511683849002585,Aotizhongxin
2642,2013,6,19,1,165.9165080871129,234.60405770124342,15.28446046188527,43.97890844073965,2460.676361931185,58.806488905438215,4.560832657403411,1011.8466880848896,-2.5030822447230583,0.0,NNW,2.5798484786261873,Aotizhongxin
2643,2013,6,19,2,169.76140101956094,242.6547933750674,16.575352215517512,72.14168827571349,2468.8399162030023,62.60692932338174,1.584041823489244,1005.6083764598768,-7.539695964896219,0.0,NNW,1.894009770335147,Aotizhongxin
2644,2013,6,19,3,173.36624890078514,239.2912619498268,17.49528423290801,70.65891904317203,2658.3618269591734,43.79830615866787,4.849666475932692,1007.4662591124592,-2.7354015867924377,0.0,NNW,2.6203878132149865,Aotizhongxin
2645,2013,6,19,4,173.7752754293523,245.23615485531923,17.39543944298918,56.385942942074706,2787.1771373472393,32.34499814071699,4.539779731195625,1011.3541171968545,-2.3383606077192267,0.0,NNW,0.9804575540515716,Aotizhongxin
2646,2013,6,19,5,173.63324047198034,248.46132370683674,17.641317984902393,63.299655180812465,2812.770497096204,21.59136392581617,4.445888375987187,1008.1288259718946,-1.7970980067500304,0.0,NNW,3.137663410883749,Aotizhongxin
2647,2013,6,19,6,173.17343328894822,236.65820931576417,18.428887151331423,66.95678455719374,2752.158191914156,20.599894636799696,9.171019524292962,1010.075292067381,0.6408827123264164,0.0,NNW,3.0381680444176187,Aotizhongxin
2648,2013,6,19,7,166.52894000090566,232.36557300233804,15.732241347292508,71.22582909827425,2639.176693702464,39.61880282953715,7.636634876230017,1005.9022809649774,0.10259112463970815,0.0,NNW,0.7404572770721289,Aotizhongxin
2649,2013,6,19,8,163.5944006615652,228.44785973621637,16.97417325813248,62.55372337428888,2680.6401098890738,52.85912813488888,13.337262808159666,1006.7540614510889,5.851015059004924,2.080246515338991,NNW,1.5952958441786451,Aotizhongxin
2650,2013,6,19,9,162.43595067877504,235.6743641235903,24.382423240275596,50.94297642868402,2649.443157047828,38.36773950329102,12.884793037473777,1010.3979327347563,6.79293010975705,3.9187890348998695,NNW,1.682136821167171,Aotizhongxin
2651,2013,6,19,10,152.59172252259094,202.9680898153505,19.706965430924107,49.259530886399574,2387.6218762474464,41.94279537850636,17.789323479400203,1010.7470407107567,10.964660598026121,0.0,NNW,0.8496840292422847,Aotizhongxin
2652,2013,6,19,11,151.4334295702336,211.49137931225053,19.07180775569576,50.14052653103609,2274.829411682522,60.504334780548845,21.400961483027935,1010.5171356223681,15.355978966208001,0.0,NNW,1.7921055654881939,Aotizhongxin
2653,2013,6,19,12,145.71202657126838,223.1168918903027,18.531626362250744,54.87565583011753,2139.451114426697,,21.564167838462065,1009.474968381463,11.067190651041143,0.0,NNW,2.44647349065722,Aotizhongxin
2654,2013,6,19,13,142.06977756068898,210.53829011082394,19.208308467574568,43.24632198223793,2061.611037984859,69.21530520384722,26.19513378960462,1015.6077991499665,17.198727274496843,0.0,NNW,1.6244569112588212,Aotizhongxin
2655,2013,6,19,14,132.20301069835602,198.57600546658549,7.18573234566847,28.812680587079882,1919.0499659075938,72.91801450085512,27.536087751280938,1019.5204562950554,21.08381300261683,0.0,NNW,0.6296944735129908,Aotizhongxin
2656,2013,6,19,15,129.40790817102607,181.4153898412168,7.774816748207642,36.04484659794738,1690.4402123245636,73.58298894388312,25.355762500029485,1012.3918015293392,18.226815255376223,0.0,NNW,2.617990483245429,Aotizhongxin
2657,2013,6,19,16,120.27261389150806,171.5916350849715,8.258701998393752,24.58361321328595,1540.8566591520564,81.49525350724576,25.47133631877609,1019.1373653184211,17.283768000192293,0.0,NNW,1.3666433099149398,Aotizhongxin
2658,2013,6,19,17,120.8365912197152,179.19358937463053,8.761181479085867,32.804747515713366,1697.322215338717,101.7796668037265,25.25131733731917,1015.8930268461306,16.54024251227915,0.0,NNW,1.450983408449117,Aotizhongxin
2659,2013,6,19,18,120.5017233675614,184.30496800989525,9.098291828244253,45.21608334662884,1555.1476475459892,91.04532944100956,22.88770737059371,1016.3330626979237,16.070734187537102,0.0,NNW,3.345033924035067,Aotizhongxin
2660,2013,6,19,19,123.7369534588285,153.715705713531,8.829438210136535,22.810872506670236,1616.1699369395162,95.07315369978649,20.655864826397817,1017.368908106522,9.686499219239133,0.0,NNW,2.3173234034331407,Aotizhongxin
2661,2013,6,19,20,122.03158771146798,157.6898097255567,11.327799720473969,34.0923332021222,1595.2459981470865,72.46369148541035,16.802086346861078,1013.9190804606422,9.99037312483018,0.0,NNW,1.3527523984279124,Aotizhongxin
2662,2013,6,19,21,123.21886702029832,185.6008548424441,11.57035226630291,24.894717719967208,1727.4063391604034,88.63703100573943,12.468965737233432,1015.461257016044,4.604998136294655,0.0,NNW,1.048721666865585,Aotizhongxin
2663,2013,6,19,22,131.8209833289083,181.7804831027836,10.331495614465249,34.10188986246961,1902.5709103663423,78.89020475468986,10.326666429100577,1011.2774927443957,1.5934071527121794,0.0,NNW,2.7727124487137074,Aotizhongxin
2664,2013,6,19,23,135.26301995893584,182.6510200499294,7.179258443524683,40.06011739292638,1993.5663502091245,51.474515161969364,13.573551038142282,1014.246260205069,6.327212390997,0.0,NNW,2.717635968646585,Aotizhongxin
2665,2013,6,20,0,144.88041648040797,190.2909732026151,12.021393883863905,43.45053071964495,2246.0862356939856,65.397907333711,8.412620624842026,1016.4674440759263,-0.166452998585649,0.0,NNW,1.5946151706083556,Aotizhongxin
2666,2013,6,20,1,147.1764366076426,200.4968442352585,14.646379265574877,69.8804904122506,2264.6018814050944,,5.971220740068615,1009.42684179616,-1.9852511578425798,0.0,NNW,0.992792011679553,Aotizhongxin
2667,2013,6,20,2,157.80456210523363,206.9026941130888,16.758761689576843,52.547255402572944,2449.2923731901,32.04196323674384,7.235732625786181,1009.1625133234165,-0.8336360755493559,0.0,NNW,2.308479423844899,Aotizhongxin
2668,2013,6,20,3,159.087672281756,243.63368392178316,15.146531528001127,63.83694793400989,2567.114408292538,43.620087793612505,3.8758130407072557,1008.2255097419218,-3.0073920733175488,0.0,NNW,2.4751375094820802,Aotizhongxin
2669,2013,6,20,4,166.06443071041082,232.26584247476939,17.85770761943293,46.879813121101314,2698.173689472367,43.73979081601514,6.215404138229099,1009.6428101690598,-1.5458231299960066,0.0,NNW,1.7018079269265476,Aotizhongxin
2670,2013,6,20,5,171.56396712013373,239.61004855056,16.436666965988582,67.77448903273824,2770.2794305798275,37.36793502921892,6.455534012495671,1007.9815156066583,-4.4081454641742415,0.0,NNW,1.1174692820548395,Aotizhongxin
2671,2013,6,20,6,169.79910505774336,243.59951383251902,19.622541945355,74.13643673881798,2694.172089114192,33.908614151542444,8.618973439789928,1008.8406920207038,-1.4691672639649074,0.0,NNW,2.019806880109751,Aotizhongxin
2672,2013,6,20,7,171.1049861147543,249.1704322533217,16.610355146357495,60.09773778514896,2770.83597774344,32.54600095818997,9.495385196059216,1006.15790019815,-0.13086410873917487,0.0,NNW,2.3693994565478196,Aotizhongxin
2673,2013,6,20,8,169.14974249294966,246.2685210556759,16.7834130498108,42.238730947365475,2680.899422217201,63.01524499880459,10.964768088039222,1008.5370109907174,3.6495850882070937,0.0,NNW,1.6103209311854672,Aotizhongxin
2674,2013,6,20,9,162.226816390242,237.85376238541448,14.60948151296532,58.83292147311235,2551.608392892823,30.496636585049853,13.765693390290537,1001.7288546281956,6.600972022574668,0.0,NNW,2.209514567780881,Aotizhongxin
2675,2013,6,20,10,151.97939421834076,206.46269639776847,17.03949791329065,55.13747080308423,2417.4592564843883,56.22921982357204,16.41236414763476,1010.834925143978,10.917899924766068,0.0,NNW,2.288778956564722,Aotizhongxin
2676,2013,6,20,11,136.89346280472603,188.6721798770478,13.694751915655411,55.96898130800485,2150.5991861123557,53.68375358132681,19.995544531516767,1008.2703193568968,10.473898915065424,0.0,NNW,2.916371153789173,Aotizhongxin
2677,2013,6,20,12,130.52749164084918,190.4288048516116,17.720352800026287,61.08722428330747,1987.4503669331318,51.45533493732968,19.736865041154562,1011.3448122370002,13.700744495986287,0.0,NNW,1.663453402544169,Aotizhongxin
2678,2013,6,20,13,116.50370920232534,157.83130226685927,14.923455574566093,36.783189893147124,1697.728607577402,65.98648562127723,21.789111115311247,1014.784597442801,10.882293117846077,0.0,NNW,1.088595167181714,Aotizhongxin
2679,2013,6,20,14,109.64965735316622,153.45845397416045,12.290444395449073,28.149695010717764,1764.5591252508243,58.57067362411382,24.862544709184483,1011.4278203347602,16.889181645421164,0.0,NNW,1.946144263571243,Aotizhongxin
2680,2013,6,20,15,102.3826610532408,147.32336311878524,9.072009602035898,21.52252196529751,1564.0051419064578,71.72276546159515,24.808487433379128,1017.7143995023769,17.17629253344617,0.0,NNW,3.35000165332121,Aotizhongxin
2681,2013,6,20,16,100.33167347705682,148.3161936909833,11.811433897026715,29.264120860564024,,81.1812918362549,24.94460556427573,1016.0815173963448,17.306990949129872,0.0,NNW,0.5895007372453727,Aotizhongxin
2682,2013,6,20,17,96.12647880395848,116.80026070183985,12.24247353660057,29.51631754476665,1349.2803380717082,68.63697507123541,23.592688736344726,1019.7358601040198,15.128295459709157,0.0,NNW,0.2,Aotizhongxin
2683,2013,6,20,18,93.78646244724217,138.4485039250285,10.42806523660489,20.634756845099325,1206.4900854756165,90.06382538488059,25.849493122197796,1015.1943116819284,18.026336509988468,0.0,NNW,1.9135691400805124,Aotizhongxin
2684,2013,6,20,19,97.73617047572331,134.49339808749536,14.98147643495545,31.910945440024946,1359.092589479085,74.51053524811138,20.19010765098631,1013.2040536827515,10.33727829503336,0.0,NNW,1.6965797573272123,Aotizhongxin
2685,2013,6,20,20,102.0734152671987,149.97735848272197,12.048784935302255,31.402564538864635,1505.970477482018,67.13342551447543,17.019570976794295,1016.2722335882461,10.317313206988928,0.0,NNW,1.8333079957215577,Aotizhongxin
2686,2013,6,20,21,108.10559777386652,159.1171538069614,14.205287746771365,,1629.1107848960066,66.87349217137998,15.151697678042266,1016.7096860416273,7.526383328222427,0.0,NNW,1.8035408775010386,Aotizhongxin
2687,2013,6,20,22,116.19587156869703,178.75337080736742,12.900696246607932,27.78068223404699,1761.681572229741,94.25954161835489,13.941742112740288,1015.8418738776204,6.485092232963091,0.0,NNW,2.804461582299785,Aotizhongxin
2688,2013,6,20,23,117.28901172279298,177.7391528881222,15.73289813425832,35.96870457407178,1842.7040735289586,46.68983470887465,9.925557415933806,1011.0231189536581,1.5070327236026846,0.0,NNW,1.9660305971595455,Aotizhongxin
2689,2013,6,21,0,128.08073779581656,192.77874954024614,12.609656301992473,25.56195761853964,2089.8396096631013,64.3612308876979,8.956024726088893,1008.7507338597602,0.46405528896564235,0.0,NNW,2.6556715203429286,Aotizhongxin
2690,2013,6,21,1,138.2951843249466,208.04996124658763,14.918900135874221,52.06267741563468,2193.462231536154,46.01316116224412,6.933814908758937,1010.0812568266842,-0.2790887499931607,0.0,NNW,0.2,Aotizhongxin
2691,2013,6,21,2,141.46388045756498,200.96322248875043,18.54809066044714,55.21073030997948,2385.9704894672377,43.998718284824385,4.905118371845351,1010.5328879809512,-0.7099208532185366,0.0,NNW,1.576769422513101,Aotizhongxin
2692,2013,6,21,3,146.7007619984646,205.70291766821882,19.56183235060488,60.649967552446846,2437.2196862763253,48.36163975713964,5.166313698322928,1009.3960396582798,-4.924132937575916,0.0,NNW,1.3477630510848413,Aotizhongxin
2693,2013,6,21,4,151.3110915258908,220.56369896803045,20.852962487751935,66.35506020020526,2512.8418282770135,43.89755205377824,7.7391249083974305,1010.8141256540221,-2.4269803537934056,0.0,NNW,0.2,Aotizhongxin
2694,2013,6,21,5,153.77011706342273,222.59897340312205,23.130807808281528,67.40508841723914,2566.245618001883,29.044890151155386,6.704363404712561,1006.4234604657198,-0.8963286267040536,0.0,NNW,2.0827172644207796,Aotizhongxin
2695,2013,6,21,6,156.12778214102485,215.48823263005218,15.725086484553763,64.11693455483172,2595.797436069551,21.42175993366706,6.449900651877919,1003.3102071235506,-2.0483994776535566,0.0,NNW,1.9197520135696158,Aotizhongxin
2696,2013,6,21,7,160.83102405702164,229.21166776791296,16.90627148861445,64.70786087108338,2705.9719244119246,42.07326407977968,9.520734359300686,1009.5637037451231,1.7068930168094267,0.0,NNW,1.6263619128517284,Aotizhongxin
2697,2013,6,21,8,162.16107829257408,226.67454494175774,20.018844942144955,51.08597674211942,2606.5615092995145,43.87313683548247,9.240438674375586,1008.0602636092993,1.2047547024765768,0.0,NNW,1.8992190111744698,Aotizhongxin
2698,2013,6,21,9,152.14464284091173,204.46317089267586,16.362443010522355,54.47237045821554,2448.3484129501658,39.47263538245443,15.206098060129321,1009.028841915069,8.139112111909862,0.0,NNW,2.0827124665540757,Aotizhongxin
2699,2013,6,21,10,148.41971936653948,220.69221452691878,27.633304723868086,55.40376842946769,2423.0445159153837,51.91944383808378,19.556283966699425,1011.0341807842132,11.127038821369508,0.0,NNW,2.8104789403553707,Aotizhongxin
2700,2013,6,21,11,146.50002399775673,205.6520260221603,17.841254083023014,44.28955229475153,2291.9263295466744,,17.98789134779922,1013.2331919552247,8.175573662950319,0.0,NNW,2.514023801588298,Aotizhongxin
2701,2013,6,21,12,140.28268672743792,216.8828439954016,14.765007453209527,51.88120636698037,2170.3910929617937,51.72962434965212,22.29566691362755,1011.9539600316996,13.110885971989592,0.0,NNW,2.2628437818805067,Aotizhongxin
2702,2013,6,21,13,136.88203707510615,175.37992920315025,12.159496955235818,34.55456245030934,2017.1586541234808,66.51009793877377,25.138401746648317,1015.6471984921687,16.89772426430657,0.0,NNW,3.845790987116791,Aotizhongxin
2703,2013,6,21,14,137.69569021098482,187.20617856694506,11.05951315042087,36.73044328998654,1863.909942678013,77.69032741091517,26.295966212685407,1015.6042725282836,16.41351050937831,0.0,NNW,1.433541648179948,Aotizhongxin
2704,2013,6,21,15,135.57732495981634,190.13464331065157,11.554888078012796,31.790389630791744,1805.5810080273413,80.770172225188,26.919701758413748,1014.2243691233168,18.86442089828727,0.0,NNW,0.912078913496474,Aotizhongxin
2705,2013,6,21,16,131.8070006644465,195.90361190651421,11.005818778941581,33.64971267319451,1714.3024933402803,86.74226189537768,21.856877515872426,1015.8636500745852,13.94800949944418,0.0,NNW,2.939321678136761,Aotizhongxin
2706,2013,6,21,17,132.99034188564661,190.18117236592713,8.800273434474121,32.88781286644505,1631.5944716458455,76.54235692433545,24.417650469762105,1018.0631171782424,15.880945069955382,0.0,NNW,3.49347049031775,Aotizhongxin
2707,2013,6,21,18,132.5476680067062,188.67146275119617,9.180543260440295,30.552260887743515,1605.15009534895,100.81881124758253,19.812720034223567,1015.5823504715122,12.126553234911258,0.0,NNW,1.4918462986741268,Aotizhongxin
2708,2013,6,21,19,133.665505391174,175.85906962210214,14.203224594258447,8.833433863153562,1648.9176321578796,80.72433710384045,18.502501795141292,1018.6025473357182,8.081083923847826,0.0,NNW,3.102241475761395,Aotizhongxin
2709,2013,6,21,20,135.25686112345795,177.79019160054642,14.82338786903091,37.23267710841624,,80.46147857984505,18.819873840437968,1016.6464940206166,9.39009733259311,0.0,NNW,1.5732353460887618,Aotizhongxin
2710,2013,6,21,21,146.27807323672312,208.0143491343114,12.220568033871894,43.07633016982583,1866.7446687080885,64.491110437485,15.237070682777427,1016.2987703841324,5.52302235332202,0.0,NNW,2.467802412405465,Aotizhongxin
2711,2013,6,21,22,149.2175620085515,195.26352687378852,8.476220818289786,31.14300572542824,2055.383835637748,70.56144843702718,13.501313660333853,1017.3810106471003,6.8210987672549885,0.0,NNW,2.5122183401701967,Aotizhongxin
2712,2013,6,21,23,162.58246155418828,222.2966686729703,15.321414244404522,41.716794399332365,2173.6990489185077,71.79285349607822,8.606325092797455,1014.007228980665,4.065571096668407,0.0,NNW,1.4951576859834457,Aotizhongxin
2713,2013,6,22,0,172.34648940222542,246.29425845397412,19.662847324833077,37.87334655895374,2423.2138561948027,67.62510612692665,10.13933685337884,1012.1428237078306,0.8181074834204278,0.0,NNW,3.477380010801861,Aotizhongxin
2714,2013,6,22,1,174.51383605609328,234.4961277557628,20.40343853139974,34.5893528481932,2544.762889267647,69.1489312443048,7.372246862917189,1010.5407278482712,-0.9806164925339663,0.0,NNW,3.569266099015066,Aotizhongxin
2715,2013,6,22,2,183.21986187498334,272.5613662485947,19.703277558429,49.09027787566091,2713.388420397469,52.70234895825461,6.674688916049506,1009.2306860804385,-2.3654549478737157,0.0,NNW,1.1830347931073102,Aotizhongxin
2716,2013,6,22,3,181.03295927997328,265.68550643434145,22.802802771790205,54.82102330802207,2750.4977538148532,45.091462428333344,3.379749835827296,1009.0890648224745,-4.288412302960789,0.0,NNW,2.1608433971052103,Aotizhongxin
2717,2013,6,22,4,188.30255002523415,247.90937005194482,,,2921.698890654706,33.88641379024585,7.097843597428245,1010.3965189493106,-1.8147693767019881,0.0,NNW,2.731601820304775,Aotizhongxin
2718,2013,6,22,5,194.84048863232897,263.4529716534406,21.713938040946456,56.64720380573346,,29.234450260443225,5.86550359719501,1005.9468183478863,-1.7103265876842089,2.055393861392252,NNW,0.49393332978123694,Aotizhongxin
2719,2013,6,22,6,193.49329002104872,248.0328335845187,17.95767330102446,59.13259866546209,3033.622806635404,44.70248514668155,7.012092782916438,1005.6250857226581,0.009632707998818546,0.0,NNW,2.0209844905188343,Aotizhongxin
2720,2013,6,22,7,192.96525559354308,262.32544420547896,20.706425499912477,64.2304659527541,2849.0963851045503,45.36255786016238,10.938195310068492,1009.7404506589507,1.1024579032323558,0.0,NNW,0.6774577281838305,Aotizhongxin
2721,2013,6,22,8,197.78487265340533,284.56270648049144,23.318729750833768,56.158692210807644,2946.1034551243592,27.579237896901304,13.2866272111567,1006.5375791013607,5.693898684444153,0.0,NNW,2.53398740252876,Aotizhongxin
2722,2013,6,22,9,190.99432715842084,263.2531085990406,16.767263671472065,63.490330284131176,2824.963509368769,49.55328934187112,13.729771728363993,1008.8966558267726,3.038687693535423,0.0,NNW,2.0687785550867446,Aotizhongxin
2723,2013,6,22,10,180.54549337459804,257.3716631605969,14.91566971160714,60.45328521117952,2597.53795470651,54.00383691395842,20.672641966313986,1008.3164050703683,12.287841019653307,0.0,NNW,1.7009847255947916,Aotizhongxin
2724,2013,6,22,11,179.23671833752405,235.7080624897162,16.586562042583697,69.21948287136634,2566.4005758293874,42.391435022295035,22.721525864584663,1007.3469358577745,14.236005226363508,0.0,NNW,0.7464788732726673,Aotizhongxin
2725,2013,6,22,12,79.32249574657163,119.03124659101934,14.320013388828002,54.005439456987695,1560.0758321937421,65.40456804789177,22.97862052308313,1012.396450386584,14.634914947310492,0.0,NNW,1.521118548859766,Aotizhongxin
2726,2013,6,22,13,71.57270708088741,94.65069763395887,15.653347937698657,41.7684435645769,1436.3448223180746,55.975011532744944,24.30585917194192,1015.5244310135647,15.837768487355095,0.0,NNW,2.4153575844280777,Aotizhongxin
2727,2013,6,22,14,68.38313057559645,95.85807962866409,11.140221422158875,30.03788562665858,1247.1106539598813,48.207070323265114,25.153937602281125,1014.3758902964146,16.411546921431544,0.0,NNW,1.9672239031765189,Aotizhongxin
2728,2013,6,22,15,67.53583080212356,93.62141810904245,16.619784940875405,33.20784318966105,1335.3752597905104,76.07664539274317,22.675005060971994,1012.5722167794203,14.276331793379667,0.0,NNW,2.9540246626710545,Aotizhongxin
2729,2013,6,22,16,59.798335194033264,71.00218406272373,6.80084468719464,,1120.399045341226,84.22878214716086,24.828469344772877,1016.5482681850231,17.18567588243815,0.0,NNW,2.902206825843463,Aotizhongxin
2730,2013,6,22,17,54.860099177422896,65.27329553099422,13.931575227213862,21.574978762173348,1160.8546646445716,82.99743760839557,23.80956641068801,1015.3177263541546,16.208952221769632,0.0,NNW,2.8682357778365835,Aotizhongxin
2731,2013,6,22,18,58.76137201871387,91.94386551623369,7.705452315075691,31.26985117402302,1110.2384724756857,113.67106817187974,21.207050282507904,1011.7609898335085,13.379849299557353,0.0,NNW,1.5697850539156257,Aotizhongxin
2732,2013,6,22,19,66.52365434487585,97.12303765784314,4.782422664802588,14.496699356763628,1168.2238149109307,87.93665794957646,19.535976241997624,1016.6678616879983,10.67558010652791,0.0,NNW,2.2359802341460218,Aotizhongxin
2733,2013,6,22,20,71.77219046071218,110.98155706053132,11.38349845012441,25.724293240011143,,83.12205328759796,14.016251858952,1017.3654954066983,7.636756831334174,0.0,NNW,1.227812607893482,Aotizhongxin
2734,2013,6,22,21,73.02049172464069,105.47527076952214,10.700642136025612,35.3047320508083,1249.0037195381356,81.9735825628046,13.354090604812516,1017.8909448621966,7.642123230299816,0.0,NNW,0.9920524686789454,Aotizhongxin
2735,2013,6,22,22,87.18193960703489,123.484621797941,9.171171896290906,32.69932681926322,1523.604095551126,68.08680995599904,13.794548986235727,1018.0137094799243,3.861927513667849,0.0,NNW,2.945482718393902,Aotizhongxin
2736,2013,6,22,23,92.29348466271138,111.95077234112826,8.6617740993416,38.169583870515396,1631.2445587970333,75.76526674849843,12.596795352459045,1014.5959665802856,4.843199086383925,0.0,NNW,1.0507807820599497,Aotizhongxin
2737,2013,6,23,0,98.71750489110121,135.50083987993,14.97491763818563,43.89771311046176,1722.7765233545447,63.61001946177102,6.513861160190868,1013.8671348172112,-2.1883517385958706,0.0,NNW,0.9648370247192821,Aotizhongxin
2738,2013,6,23,1,107.85142758213534,150.71815541095205,19.221605900384056,43.491570976548445,1890.496117872675,56.68124091136189,6.614018944619521,1008.1367738743313,0.0024160239620201196,0.0,NNW,2.084155724847152,Aotizhongxin
2739,2013,6,23,2,121.30349791191884,189.3559690594121,19.25486047925933,64.39120745259366,2122.4927968381717,41.258797771330606,6.988315231205292,1012.7436516030925,-1.0305760706074696,0.0,NNW,1.783459296019986,Aotizhongxin
2740,2013,6,23,3,130.93260525372415,190.17521367620057,18.705653852450535,,2421.3519157677238,26.67902720584538,4.219677461157869,1010.9991864572104,-3.7005556169874265,0.0,NNW,1.852625371012988,Aotizhongxin
2741,2013,6,23,4,137.35962593310853,207.66408812344721,20.766669738575395,64.86578269496785,2555.9510648792084,33.335504014616134,6.3551140029612405,1006.9356420111448,-0.9024342619515936,0.0,NNW,3.8445236059162617,Aotizhongxin
2742,2013,6,23,5,142.20979272871983,205.06908687915504,19.74798673431177,67.62769971204035,2534.2981297108313,38.678192905372214,6.289061418785375,1008.5336911191304,-2.157247019010009,0.0,NNW,1.204426919193668,Aotizhongxin
2743,2013,6,23,6,143.40607661462167,193.65547499097553,15.710827270908887,57.41102479032826,2554.695752729038,30.553005202550537,9.714535170772548,1008.1621363668972,4.230756786869548,0.0,NNW,2.396026569135421,Aotizhongxin
2744,2013,6,23,7,144.6164094613677,203.6342154074133,15.566947175775011,64.9033505608273,,38.769126013447,8.076323890497065,1010.1107978896554,0.8409334829718906,0.0,NNW,2.0693540463701123,Aotizhongxin
2745,2013,6,23,8,131.50115647545164,186.46385552827462,18.72062143196816,55.04345069373116,2351.6951459019137,36.02574613682598,10.754944605823313,1007.367657436758,4.152355848285557,0.0,NNW,2.807471142339651,Aotizhongxin
2746,2013,6,23,9,125.54716796123569,166.37447944802312,18.053574046834516,70.27047542417851,2355.979009044867,46.62812531660155,15.419308753414217,1006.9720008186672,7.08847535946802,0.0,NNW,1.3713689015864028,Aotizhongxin
2747,2013,6,23,10,120.2992522653064,164.57507940549974,20.052948035520295,45.889736504190296,2256.072837817308,37.73175874124686,17.73249960087586,1008.5200032606773,9.548216108496955,0.0,NNW,1.8204281311920743,Aotizhongxin
2748,2013,6,23,11,108.45976728390401,149.7860042606939,18.566007896836847,44.945204148194705,1926.5348020202764,55.45842399128779,19.915514155260006,1012.4994967412151,13.132951444606013,0.0,NNW,2.0913173355039096,Aotizhongxin
2749,2013,6,23,12,102.24048920207463,159.19288320855566,16.81539904727685,35.206199933155354,,53.59045853648603,22.9348190521722,1008.1602591797154,16.00159245456158,0.0,NNW,0.8529430510155809,Aotizhongxin
2750,2013,6,23,13,93.65803296505452,110.31384089716653,12.865056635255854,28.962029283009166,1623.2433306439195,51.087646706256656,22.264279691007783,1007.2999483470256,12.391276892508841,0.0,NNW,0.5555597365277629,Aotizhongxin
2751,2013,6,23,14,93.44450711139211,142.88049416310938,8.358043489669583,47.729722327058354,1526.544103147888,70.84845876971625,22.605104845458538,1016.288498013936,14.796553740182766,0.0,NNW,1.9833610885197264,Aotizhongxin
2752,2013,6,23,15,93.52338257665515,121.56478325772338,12.700679505265336,35.20006176756955,1524.6397609101157,93.04084526784415,24.24983783795691,1016.0851448342434,16.96059475630655,0.0,NNW,3.0701099492893524,Aotizhongxin
2753,2013,6,23,16,86.89260162224576,107.92885039844792,12.245380920864312,28.80183932991558,1283.1325741958847,67.06487101615113,24.07684042484353,1016.3670536915286,15.881389487348486,0.0,NNW,1.7182370151212345,Aotizhongxin
2754,2013,6,23,17,83.2922381008401,128.40855464156076,3.004776481121602,20.42886776744326,1303.2910588379088,85.3420681611687,23.23463326625752,1014.2185358754684,15.80302461478251,0.0,NNW,1.827932323917035,Aotizhongxin
2755,2013,6,23,18,81.97422262707857,122.08289237025382,7.496985440252012,32.26089448837415,1292.2056863819219,92.97577063264224,23.974636378896292,1013.5802204708094,15.842645007127748,0.0,NNW,2.9205645811728145,Aotizhongxin
2756,2013,6,23,19,81.18980993376805,126.21092093108714,,19.087703959279008,1256.0405902744262,107.14845250867123,21.155625870198815,1015.560570964449,9.785499454265349,0.0,NNW,1.8809472639782077,Aotizhongxin
2757,2013,6,23,20,84.96692254501943,126.96071103848296,11.024923584448116,34.028606278952054,1377.9786101957186,76.72130527014409,18.38805025475835,1017.0535172176616,8.4217130948001,0.0,NNW,2.6215271785105254,Aotizhongxin
2758,2013,6,23,21,86.70135294740578,141.98034414374212,9.054384795770181,23.877774163423958,1418.1507031314998,71.35766348362056,15.332999391943968,1014.3640224803984,8.795476043233197,0.0,NNW,4.1331741684241265,Aotizhongxin
2759,2013,6,23,22,88.39209504325207,129.33617142999773,12.385596293526078,29.84393838499462,1567.9932564038218,60.83307804060735,11.76052686540146,1016.3002004004841,3.3939564897679624,0.0,NNW,1.5383485599081501,Aotizhongxin
2760,2013,6,23,23,98.1183685857775,135.8009422588569,13.074299953428415,45.889878186892936,1605.3090653989186,77.87563947602524,8.719082264824836,1011.385976541472,1.0036187576884834,0.0,NNW,1.8583562231248654,Aotizhongxin
2761,2013,6,24,0,108.40105827574041,155.19074535924997,14.522551585386816,51.91061875324614,1849.76970315558,51.32585670760925,6.133196057096493,1010.9613098536809,-1.8722891473903023,0.0,NNW,2.316974515115851,Aotizhongxin
2762,2013,6,24,1,112.9483665901761,170.56240450970617,14.144912344410365,54.9561643732245,2003.5238936198652,49.823559554683484,5.2979856864496,1012.1123068838561,-3.9399617617933584,0.0,NNW,3.193299005003765,Aotizhongxin
2763,2013,6,24,2,123.7652169601509,165.4775504916101,15.583044837799967,46.60260707394564,2056.5113664576397,29.010621226287448,5.276358754567835,1008.7461699670308,-3.4242589531667527,0.0,NNW,1.9078985784350735,Aotizhongxin
2764,2013,6,24,3,127.452109479086,171.91406744540657,,55.56832069794832,2248.1619516283804,51.16204889712157,3.2675236997260004,1007.8097661734221,-4.239052085016748,0.0,NNW,2.5834153997940392,Aotizhongxin
2765,2013,6,24,4,133.23232910917466,183.43566060686544,20.470329340643687,63.57569800527688,2371.588831669233,49.9319477131693,5.595021373714231,1006.3828960737802,-1.7584844227399996,0.0,NNW,2.2783080924115033,Aotizhongxin
2766,2013,6,24,5,139.51071783476334,174.26917698101533,21.542937017219444,57.52426883050063,2549.8663729349014,44.309604978616946,6.048088771302147,1005.5124893869489,1.3307029770226215,0.0,NNW,1.9422080274179356,Aotizhongxin
2767,2013,6,24,6,140.39849278727644,197.9386739863625,17.688146149623982,75.96770208103435,2487.8457749824815,18.94674718646282,7.33298457081972,1007.7083547077924,-1.3836286973466982,0.0,NNW,1.6636627248888394,Aotizhongxin
2768,2013,6,24,7,141.195231224513,178.81203667480793,24.391549419496474,45.102940974176995,2475.0282309464324,41.92336475056636,11.742299351817456,1008.1377834578439,6.248258089306294,0.0,NNW,1.5126277767606533,Aotizhongxin
2769,2013,6,24,8,136.13249997382383,,18.38632267659605,56.09059195273556,2476.3444503371757,21.62266105814902,8.720881615640696,1008.1241698561804,-0.5697407087101087,0.0,NNW,4.4524207187007345,Aotizhongxin
2770,2013,6,24,9,130.57907496217473,191.4636025083971,23.12609077732242,55.0656036007723,2246.5797798825142,42.90273349097872,14.424405682072605,1007.2320988829604,7.157305972690642,0.0,NNW,0.7671614200264614,Aotizhongxin
2771,2013,6,24,10,123.54243380305695,168.19064271784134,15.573618478505189,32.24845068182586,2084.7772670522772,49.55077579983797,14.059534282580989,1009.0970162001732,6.326343211878741,0.0,NNW,0.8429682555832381,Aotizhongxin
2772,2013,6,24,11,113.32069176997165,175.420127179829,10.2143618957143,39.00654786016089,1992.0135371973145,56.631356053519625,20.357844009394164,1013.8977743413298,12.169045682631385,0.0,NNW,2.1957923583144634,Aotizhongxin
2773,2013,6,24,12,104.8490237644329,132.18362427602116,16.206593474737055,50.00231610033655,1766.4068517115454,65.34636532637468,23.214340186663865,1009.1578332458008,15.205852508869805,0.0,NNW,2.1626127991478334,Aotizhongxin
2774,2013,6,24,13,90.8899792159023,139.15857771858154,14.451540089844357,40.06588819037329,1553.1082509532278,66.3901400919703,21.633594731523683,1017.0658777863699,12.699672243664848,0.0,NNW,2.34108226388757,Aotizhongxin
2775,2013,6,24,14,81.6899355804095,121.1172803766425,12.60318138592275,47.58508817634323,1482.191174227675,52.87570487271448,22.824671887053597,1014.699439692235,16.180528720249367,0.0,NNW,1.3003639860794585,Aotizhongxin
2776,2013,6,24,15,74.33723017133441,86.91178975676127,9.537768658735295,43.21967594334761,1355.6538207916856,83.028879617659,22.452550252434317,1015.1752811259797,13.188627691550955,0.0,NNW,1.1788220039692838,Aotizhongxin
2777,2013,6,24,16,68.54495248341613,123.0708764671879,10.56615630462035,31.1438629531428,1241.39266914616,82.62671650588844,24.754721251960433,1018.2368836965255,17.231010132432775,0.0,NNW,1.7716025366919013,Aotizhongxin
2778,2013,6,24,17,64.58195002479412,89.77727717967211,8.636592494946077,28.187389466224328,1185.7241026980876,75.12194774351437,23.149071623538347,1012.6950969933287,16.282859123904416,0.0,NNW,2.726091391118339,Aotizhongxin
2779,2013,6,24,18,63.31266801402563,79.86289499807957,9.092951301004748,25.527448868631204,1168.5580601129452,69.30602578863392,21.653085716278085,1019.7606391491595,15.729390356359662,0.0,NNW,1.1858124572451443,Aotizhongxin
2780,2013,6,24,19,66.25265929769783,78.68285106893678,12.695267635849882,5.0,1037.221433424609,99.5483675164703,19.448042540771176,1020.5450807893421,12.905696744118142,0.0,NNW,2.1208998535178,Aotizhongxin
2781,2013,6,24,20,72.74774026936683,99.64665610051682,11.222524669668088,16.52301581770263,1258.0923586376325,93.96364047751779,16.1277918544733,1018.5060727538404,8.986436024069887,0.0,NNW,1.5901923686941455,Aotizhongxin
2782,2013,6,24,21,74.91623803991047,103.60866453197505,13.294320256063195,31.663268401060517,1290.0067818661869,84.73724360273823,16.697811035844058,1011.3309631681113,7.741213091119068,0.0,NNW,0.7804152736358205,Aotizhongxin
2783,2013,6,24,22,76.31663805395031,107.86974856092708,11.804394480122628,39.92820566998137,1373.1618921320803,65.73700088765298,12.820320569172234,1016.028335595601,3.641657840712612,0.0,NNW,0.9748738546647229,Aotizhongxin
2784,2013,6,24,23,79.38388905190227,108.15948311042358,12.679852737073066,42.14097759505469,1559.5642259846447,41.30052060544787,8.223004694833598,1016.5860923415499,-1.4848636328609217,1.7462590372089837,NNW,2.7282782240608556,Aotizhongxin
2785,2013,6,25,0,85.19964872019824,125.61176130942847,11.53955240733407,37.86028025827474,1595.0824157667982,67.64679175435235,6.878111964385772,1015.0854975754715,-2.9732863897543464,0.0,NNW,1.516933634568105,Aotizhongxin
2786,2013,6,25,1,91.55653480200785,124.3028503961785,15.183985387808011,57.67563116180638,1748.424466163455,57.19639161098773,5.031642800454399,1007.8897262800347,-2.970463256762115,0.0,NNW,2.995046944174142,Aotizhongxin
2787,2013,6,25,2,95.71197918414236,114.64712968539459,7.5366563332325835,66.8595522300371,1997.3744706772247,43.75337690927823,7.449633592318909,1011.532713663206,-1.6414914612308737,0.0,NNW,1.970201904088796,Aotizhongxin
2788,2013,6,25,3,96.74071596273922,133.9433873913385,16.764868007015835,66.64605242606167,2081.1577410520777,53.57039353731507,6.066828909024299,1012.0556068996256,-0.13433263924130268,0.0,NNW,0.9057390182284017,Aotizhongxin
2789,2013,6,25,4,199.68379133077917,255.88253132935807,19.084504487349673,70.23730271241254,2950.717124953584,46.829340245017534,5.151007551725488,1007.7288044183698,-3.717434835615155,0.0,NNW,2.3817591223715584,Aotizhongxin
2790,2013,6,25,5,203.40651048637392,288.3068209898373,21.52065009425581,59.844710142139675,2969.6267441704617,37.61280922508179,8.900577739586403,1004.2649684229752,1.041961495643927,0.0,NNW,1.3589270852342854,Aotizhongxin
2791,2013,6,25,6,106.80885356104415,139.73939268263544,19.19396636742513,73.60747298160639,2291.6623102174594,35.35058417871114,10.1069975809333,1008.6573051854499,1.7100319282730418,0.11689908232644783,NNW,1.6985238216507326,Aotizhongxin
2792,2013,6,25,7,203.5569361372829,286.613314141354,20.872649758180337,65.48458564040261,3048.840964216914,36.36153151877011,9.653933658787345,1009.2780868058582,-0.4518524972888813,0.5156781004715015,NNW,2.9061793062753036,Aotizhongxin
2793,2013,6,25,8,198.90793217357026,291.6118548582444,12.790761034751458,66.41295230386481,2941.9388446547105,45.14876363373649,11.795961565789078,1007.391456652426,5.430122813159556,0.0,NNW,0.9682571565406124,Aotizhongxin
2794,2013,6,25,9,190.4335802602443,257.119525411662,18.365023349311887,62.06559036632862,2747.445302493085,33.74756700490643,14.456454066153977,1006.0830191823396,7.4996771931214665,0.0,NNW,1.6403078130037225,Aotizhongxin
2795,2013,6,25,10,184.09462014314875,268.3450307855294,12.461491621259789,54.02810315647671,2651.4945438587147,51.75983121785037,16.15907055707181,1011.4637441680724,9.374853690456384,0.0,NNW,1.133174397884193,Aotizhongxin
2796,2013,6,25,11,173.4654769594611,238.517772076384,12.66918467853461,43.296361101072,2533.1431175929197,44.32361442774107,22.600961672700745,1009.1682870432439,15.493381663074175,0.0,NNW,1.0477336599165197,Aotizhongxin
2797,2013,6,25,12,167.9934168593503,252.72273162374626,14.438503356408418,44.34290669156763,2410.3068960148917,73.36555171752234,20.56144905727716,1012.7946934530778,11.422221504784478,0.0,NNW,1.6214470493726834,Aotizhongxin
2798,2013,6,25,13,153.08537953853823,210.66800522197138,17.53469673810806,47.71771203781216,,71.79176184331536,24.962710510985545,1016.4104279355385,15.852637063130379,0.0,NNW,1.3139442054751935,Aotizhongxin
2799,2013,6,25,14,144.41143220180402,193.7710752274587,13.613620290410179,31.46819355749673,1942.8078092240191,65.61771738361071,25.695072959253924,1011.182403806096,18.373054421043598,0.0,NNW,1.7808743815266714,Aotizhongxin
2800,2013,6,25,15,139.40265812297457,202.03610587611726,11.519159085478616,38.004642477134226,1824.2940971079247,78.48362776996117,24.542701032664652,1017.3510619018713,18.857080381640955,0.0,NNW,2.5110720488254414,Aotizhongxin
2801,2013,6,25,16,135.37043751032786,185.16071521822263,10.6112818126765,33.5760572892526,1750.297989014396,73.11277129433056,27.374325918387356,1015.9169629582826,19.953294265152156,0.0,NNW,1.399311598737321,Aotizhongxin
2802,2013,6,25,17,143.145559491111,191.9892881462653,8.029484188941257,23.28998429805999,1729.7407804102595,99.18927403423467,21.321609556222096,1016.4683225634762,14.789309571498556,0.0,NNW,0.8254538146700547,Aotizhongxin
2803,2013,6,25,18,143.52253437805467,196.15314962223863,8.368049759881949,36.110400828956614,1603.4710221458581,101.2287598447121,21.95153086039714,1018.0286328690656,13.162722361950268,0.0,NNW,2.5131807968086015,Aotizhongxin
2804,2013,6,25,19,140.5285412020146,196.2938923609904,11.452499004967049,22.837110104692982,1797.4964491828443,91.11038248285519,19.266439752589243,1015.2868610686171,12.913216117544215,0.0,NNW,1.3939370377136542,Aotizhongxin
2805,2013,6,25,20,143.1436968887972,213.8229769567646,6.513791425744325,39.75586682521228,1888.4738609547296,97.21720077115674,19.02908017643149,1013.9800887450649,10.399877588229327,0.0,NNW,3.4622152010909515,Aotizhongxin
2806,2013,6,25,21,140.80627023286814,177.7879008714196,13.243628244916327,34.330880228596826,1812.9874564080405,79.19562901838869,15.530348796562754,1011.9671443618714,7.890587703432053,0.5109719558449957,NNW,1.672803089022939,Aotizhongxin
2807,2013,6,25,22,146.6970746712775,205.6067111292927,11.33447879864344,34.87307265237188,1920.2439289242811,80.13512567174799,9.820866780975054,1016.9635254188385,1.2716251379068333,0.0,NNW,1.891219851964232,Aotizhongxin
2808,2013,6,25,23,150.6002790901988,217.08942667281875,16.182575999096088,32.72120805524834,2094.4195885610707,78.7177213466606,11.859219165619683,1012.5507508552946,5.192953426135023,0.0,NNW,0.2,Aotizhongxin
2809,2013,6,26,0,162.0264115455151,228.7714619136391,17.88328037169625,44.293918158919666,2286.8360981776823,59.94256404484083,8.657124772521376,1013.1398808247147,2.0112677564490866,0.0,NNW,1.0706130433581735,Aotizhongxin
2810,2013,6,26,1,167.59282180020858,247.72860221462733,11.274843187995383,48.54630479409505,2494.046121300825,54.240562445610436,4.786508169211217,1009.7358406247241,-5.428663451003537,0.0,NNW,0.2,Aotizhongxin
2811,2013,6,26,2,174.361186783952,243.36220819994756,15.755257710318347,44.933628917992756,2597.621466353868,56.83656601428898,4.8162230799297285,1007.17647899325,-1.1958301687370019,0.0,NNW,2.2352698568341705,Aotizhongxin
2812,2013,6,26,3,178.0321588539308,247.39950797364367,15.968950842110868,57.40121224198961,2667.4688417875063,48.78731012629624,3.050172627541877,1009.7690913139455,-1.3852135833193326,0.0,NNW,1.9345625987311037,Aotizhongxin
2813,2013,6,26,4,189.75512293928085,271.5804675851266,13.891943123702763,55.89008263491208,2798.53067250012,30.794757703378508,5.084484698684597,1008.3257981285275,-3.4485143258623383,0.0,NNW,2.5040985683446846,Aotizhongxin
2814,2013,6,26,5,191.4671645499481,269.0471685194408,16.73202930281711,69.00645067761161,2961.389356156196,13.983560630058605,6.564922913195349,1006.6965725605797,-1.6252794442994847,0.0,NNW,2.645927980760991,Aotizhongxin
2815,2013,6,26,6,199.81961793519287,275.84337772646523,27.32376753579602,75.45024380582562,3028.532505539755,33.244719374029515,7.426961450183602,1007.6037921268829,1.286106141543831,0.0,NNW,2.7691775483875114,Aotizhongxin
2816,2013,6,26,7,202.053999772338,288.03704007713696,21.65815882008266,54.50319111541944,3055.830322598922,14.882712550521504,9.324303250190718,1005.2494017560666,1.4244544331492919,0.0,NNW,1.8199678502362922,Aotizhongxin
2817,2013,6,26,8,100.98525400654063,134.85407267699043,25.081990924739458,76.01896990262416,2105.882856030046,28.439191544333546,9.992698995398024,1009.7910725301884,1.9867375303483825,0.0,NNW,2.0683302244627098,Aotizhongxin
2818,2013,6,26,9,97.69262791787395,130.65790756483025,21.022829225987746,58.11372734864991,2156.3055807940273,33.57946089833247,15.505862192254812,1011.0492553711362,10.351315293085932,0.0,NNW,2.4631536171030644,Aotizhongxin
2819,2013,6,26,10,93.05461367514255,124.99651892754343,15.274470516974574,47.19982892049189,1857.2521840482787,41.81357689059874,14.701508555730776,1011.0186091426739,4.670062813618735,0.0,NNW,1.3642175840742579,Aotizhongxin
2820,2013,6,26,11,178.1084947108357,262.88258419683405,15.148781635490478,56.23841914371589,2563.8756267977683,61.73390531407239,20.046619277355894,1009.9619332563001,10.8631745821553,0.0,NNW,1.2495900426294075,Aotizhongxin
2821,2013,6,26,12,169.2283897811571,204.70958213376278,16.765308540720923,41.428364173959615,2258.347979889412,70.37679540730261,19.372334075816784,1012.1186935893668,11.999068566150571,0.0,NNW,3.232053791794261,Aotizhongxin
2822,2013,6,26,13,164.84445031281876,234.73821878557567,15.018423384906505,39.16972568969763,2175.7114153766183,71.55788332563509,23.736011373573817,1016.4317681217822,13.306694482760266,0.0,NNW,0.5550686332968171,Aotizhongxin
2823,2013,6,26,14,157.41343293199793,220.7215242467993,10.767973952875,31.765774046303378,2137.3586099783815,78.82506976061805,24.65007975600906,1017.0623324352224,16.090565980904465,0.0,NNW,2.40000326825829,Aotizhongxin
2824,2013,6,26,15,145.57947010918718,187.00255356048086,6.934486582329644,24.323960921349855,1923.3612611226781,84.23887409335013,25.60501745151781,1019.5232720869502,17.03176900640497,0.0,NNW,2.2729693732338823,Aotizhongxin
2825,2013,6,26,16,140.60229362894057,199.94047887187682,20.533156543244026,33.47146818352646,1751.09716674339,56.68233518240172,25.952686838093072,1014.7690893122958,19.395347568426544,0.0,NNW,1.1013435403430085,Aotizhongxin
2826,2013,6,26,17,144.42170301882368,206.94790414466846,,23.391072251065136,1743.0614414938777,84.25012247729786,25.231636671220794,1015.0892045634711,18.270916222973675,0.0,NNW,1.46572555323127,Aotizhongxin
2827,2013,6,26,18,48.38704466963458,73.6382548510624,9.02278332045214,13.506785662566033,992.1274628988488,67.03541278829995,19.65600391280158,1017.2687405751642,9.131163039557597,0.0,NNW,1.7145271760078373,Aotizhongxin
2828,2013,6,26,19,49.161253843498386,54.161253843498386,10.510374260270563,30.089964467946093,1032.626749770396,89.23954041394211,19.91269092030038,1017.643420646038,10.873005907773557,0.0,NNW,2.173337828611039,Aotizhongxin
2829,2013,6,26,20,55.96406362686963,92.01358319616187,9.941687213144721,18.034833116121185,1163.8813166353166,60.71955362141399,20.60460177786529,1016.0455486888031,11.56951735172489,0.0,NNW,2.2813370153760597,Aotizhongxin
2830,2013,6,26,21,59.265594223334176,75.59446486581943,11.832652817183714,21.631782994866974,1168.4703410816296,75.8732841761567,15.178650852746562,1014.756165050262,6.853787037621051,0.0,NNW,1.975256364656289,Aotizhongxin
2831,2013,6,26,22,158.66331131162372,228.99431330380494,16.360841858349257,44.54084963981852,1988.7172373186297,77.97769776019588,11.164787338522823,1017.0347903656583,1.518466554108802,0.0,NNW,2.1507141057079844,Aotizhongxin
2832,2013,6,26,23,162.20087600602983,234.4919642152646,13.332259335428121,30.25289990426787,2201.927821359668,55.292896644399924,9.880448310340999,1013.1126310444183,2.5579202232984977,0.0,NNW,2.527560214701631,Aotizhongxin
2833,2013,6,27,0,76.2170024331383,97.93683255020069,11.511868682016715,26.468441144580076,1586.8644775896867,69.6171596051322,7.353433277663433,1009.5695771641633,-1.6878473262921831,0.0,NNW,2.4906105838765344,Aotizhongxin
2834,2013,6,27,1,82.88560145889672,122.6444415659709,15.80916384207677,55.159272781742374,1701.5807444747595,58.59574557195445,4.575058726457382,1008.5065266006163,-2.542008369537034,0.0,NNW,3.2274451251852705,Aotizhongxin
2835,2013,6,27,2,189.14749418832105,260.95155945452586,16.10679465577027,52.56909256415096,2728.0633992722082,51.3082469583791,6.644398019419829,1009.994128650267,-1.359883346327716,0.0,NNW,2.834508588673764,Aotizhongxin
2836,2013,6,27,3,194.16134483881797,251.11211098096356,22.807230717673292,57.40089465462602,2825.477783480523,49.302346345441634,5.876528837413043,1014.4697710638906,-3.5830838711025406,0.0,NNW,2.014233059141532,Aotizhongxin
2837,2013,6,27,4,106.54544987504676,160.84104908034323,22.843484213134904,59.80450492888717,2214.099370837639,34.75736402772248,3.3389781289411253,1005.7179854935874,-2.5786059169406297,0.0,NNW,2.5125456540715696,Aotizhongxin
2838,2013,6,27,5,116.0462982116339,154.71436786612506,20.152204132737737,66.17187603793117,2270.0185061993393,37.37104298034138,6.199834086430261,1006.5406227312085,0.32642403785482577,0.0,NNW,2.33905851607765,Aotizhongxin
2839,2013,6,27,6,125.94364435675436,167.77616747207554,16.16379243554223,58.978246064775455,2431.88468137031,35.10051572234199,7.079236714361341,1011.8096095505321,-0.48524531282398997,1.7285978089400786,NNW,2.131525264284682,Aotizhongxin
2840,2013,6,27,7,124.2852383038262,169.96867494498946,16.151952341125504,76.12743552230748,2314.797327108488,35.72636489661185,7.59761122821255,1006.2018094088777,-0.7611980910534767,0.0,NNW,1.305121254442617,Aotizhongxin
2841,2013,6,27,8,122.47072358367569,174.18138027041985,19.375496803675855,50.51066423321359,2284.789380698352,31.62905413891826,10.289580362760814,1008.5807946636206,0.7051411426986449,0.0,NNW,2.1298046996573894,Aotizhongxin
2842,2013,6,27,9,111.63659470805578,155.71852848305707,19.54450281389658,62.701134957147936,2163.7897585847013,29.897009323109252,13.101060264299502,1012.2162875392497,6.707730319108148,0.0,NNW,0.3478010500591995,Aotizhongxin
2843,2013,6,27,10,111.33112897693246,161.34424981477716,16.376131542021835,60.13696803101267,2177.7399525634455,44.13141650710525,17.50054582086101,1007.5970426381923,10.734505123395708,0.0,NNW,2.8578601474611482,Aotizhongxin
2844,2013,6,27,11,99.42458212493632,125.79952130962425,14.853586472890903,44.0991668153834,1938.165543467924,49.61004480049431,19.313070499694966,1010.0873843304443,10.092076582175428,0.0,NNW,2.2802781733627286,Aotizhongxin
2845,2013,6,27,12,92.5271130269112,122.11409453336832,13.22160230046406,36.81012443777745,1794.0765294286791,52.6326901248311,20.632285868721606,1011.0312681327309,11.602066768200382,0.0,NNW,1.8726519731546112,Aotizhongxin
2846,2013,6,27,13,80.37333156330418,111.3626934654105,13.635722893755556,47.96101281131083,1610.3128861325824,74.99101394566325,23.072429493412958,1010.2583044995782,15.757810189676526,0.0,NNW,1.6634253784201967,Aotizhongxin
2847,2013,6,27,14,70.78243560942502,118.07428277978208,5.351712943780807,27.073113967866288,1546.4010916659438,60.77793382144387,25.780560720658897,1017.6387318913772,16.017395099632147,0.5526926261100229,NNW,2.5236020404350032,Aotizhongxin
2848,2013,6,27,15,61.22018244962983,84.57013004534417,8.160486207758135,26.00455285026452,1208.9982005003417,75.96257794075126,25.535044145908085,1014.364725228993,16.596514510284,0.0,NNW,3.470011264161715,Aotizhongxin
2849,2013,6,27,16,54.021122728989845,86.4817944572021,8.788720444735755,34.7779636239892,1156.778866474636,93.31403221022349,26.162061474323536,1014.5776356672784,16.601212976864588,0.0,NNW,2.300063917305951,Aotizhongxin
2850,2013,6,27,17,,68.80021862560022,13.792880453410422,25.959413342530826,1055.20238613451,93.23943918322223,23.317784740765514,1015.9407613553045,13.805283726313986,0.0,NNW,3.5217982845755196,Aotizhongxin
2851,2013,6,27,18,45.65231885022678,59.0766600159418,7.558559074213212,10.622850658967163,1015.0201759671905,97.16293885097282,24.47490359788794,1018.8576628103082,15.394806856591389,0.0,NNW,2.627483372431972,Aotizhongxin
2852,2013,6,27,19,50.00787970867593,67.5437873510019,10.711775294048277,39.657956630646744,1102.4046880557892,78.24033988348444,20.522119825547737,1017.0554162054611,13.881126057306052,0.0,NNW,1.3556780034869613,Aotizhongxin
2853,2013,6,27,20,148.58544121156473,206.3354205759018,11.349501233870795,23.439405854071502,1821.3077166295186,89.49351635188803,16.854814316013123,1014.7467944080615,6.222994595502567,0.0,NNW,2.3901834025580277,Aotizhongxin
2854,2013,6,27,21,54.23516559755694,81.96568922618711,15.358215611049548,27.635806057017707,1126.1043611090176,67.04796555988237,15.139427714535556,1016.3538335957629,7.789654134504012,0.0,NNW,2.31205447160134,Aotizhongxin
2855,2013,6,27,22,65.32020564237557,105.19440057509134,16.287732220892448,37.046274018610916,1338.5499208130973,69.74126044183461,10.539695620090066,1016.1251893954972,2.9266166193053627,0.0,NNW,1.3552063049721326,Aotizhongxin
2856,2013,6,27,23,70.50284883124637,102.30079684060813,13.533395868102643,44.82423347398215,1451.3601840128679,64.65291801976112,9.540722295628349,1013.2465660497071,2.9932379417557446,0.0,NNW,1.673818915273582,Aotizhongxin
2857,2013,6,28,0,75.39574462133163,117.42481925728183,13.573545776431672,,1619.0909996205617,54.241597878019896,8.573893533474436,1011.5304781422686,0.959467014170185,0.0,NNW,1.6579597661161782,Aotizhongxin
2858,2013,6,28,1,182.23821747368623,245.48560708686384,14.302595917035532,36.89583570680484,2639.5707970831486,49.911383991591734,7.257250224303497,1012.7376566512519,-1.311008762695703,0.0,NNW,2.0801803833280714,Aotizhongxin
2859,2013,6,28,2,94.19254695405346,127.72326064753452,16.776810332602658,61.60761767140757,1929.6330394971137,42.566240725026475,4.725498402862522,1009.1416295069731,-4.4974661852972755,0.0,NNW,1.7759689798797431,Aotizhongxin
2860,2013,6,28,3,101.1821809134633,134.41202793677195,17.233433842961936,65.08621317613157,2077.0662116526387,32.498392359319354,9.100835641283952,1011.6808491066473,2.5864531521481293,0.0,NNW,2.214933476495624,Aotizhongxin
2861,2013,6,28,4,103.82488241296966,148.49928128690604,20.99100924699689,61.223188788695836,2185.7247709938615,46.91349996544695,5.082430122376384,1006.1546032368972,-2.1721477512406766,0.0,NNW,2.3445490021778177,Aotizhongxin
2862,2013,6,28,5,108.75740169286071,148.67077851821085,21.090558583900954,70.61670608431115,2245.0136227572543,34.0273543140306,3.8221548989408847,1005.608543937033,-4.917548589283437,0.0,NNW,3.0141347469706767,Aotizhongxin
2863,2013,6,28,6,105.37045830484294,154.81637099712205,21.775403573435046,72.47419214109237,2147.263375038069,37.014365439172856,9.748832976147272,1005.1924064398313,3.1122005623972626,0.0,NNW,2.4393118337265243,Aotizhongxin
2864,2013,6,28,7,107.07367113528677,140.59312247307705,23.607480265753846,53.26281424588532,2213.9533174629746,37.48962305470184,10.910690955774516,1006.6926779551746,2.2418736329653455,0.0,NNW,1.438447345122194,Aotizhongxin
2865,2013,6,28,8,105.71108769095497,148.42583250054977,24.918734383122725,76.31864012273542,2226.467525153291,38.89662915648925,12.759342780407668,1007.6748811038104,4.757929982166674,0.0,NNW,3.688882331525179,Aotizhongxin
2866,2013,6,28,9,99.7122951284627,146.46579228997032,18.909524086155407,46.67203759862582,2152.4184110489527,43.250375930900596,14.302618663362333,1005.8131942749216,5.395893100545387,0.0,NNW,1.443626212746595,Aotizhongxin
2867,2013,6,28,10,90.14474849907737,105.54962014830221,20.798391314186958,45.917469750089815,1863.4270596157326,44.44582779968979,18.178210225064866,1009.6935145358284,10.97897308166521,0.0,NNW,1.6899260973391812,Aotizhongxin
2868,2013,6,28,11,179.36259616301913,272.3239477015288,,48.08207951305765,2480.4642673836192,67.71349255758561,22.428524368996445,1011.8366131490593,12.937237343711626,0.0,NNW,2.4779966562746187,Aotizhongxin
2869,2013,6,28,12,173.73729415532716,240.40069296865926,18.555020950749046,60.399524105496454,2391.4100433784843,67.6074476163536,22.373517217875694,1009.069016890414,13.925634185776467,0.0,NNW,4.3162397503103955,Aotizhongxin
2870,2013,6,28,13,70.8886448122078,78.99370360032918,16.890432246014928,37.35756605992249,1359.8017872127625,66.65429645527321,21.455203657627997,1012.2517523727508,12.473372982751325,0.6649291356464233,NNW,2.3212683611933738,Aotizhongxin
2871,2013,6,28,14,61.103985177168234,87.12651823380338,15.525247909828977,34.744528879593524,1266.5833712679896,68.02945564033936,19.47922713810903,1015.6349714571379,11.874795080602057,0.0,NNW,1.4867345023472618,Aotizhongxin
2872,2013,6,28,15,56.724328555777745,79.74849465782036,11.746675617641836,42.31449320750556,1084.1498129940337,76.48946110237287,25.576839340957576,1013.356695374181,18.159571218319126,0.0,NNW,0.6885388647548449,Aotizhongxin
2873,2013,6,28,16,143.6086618034327,200.23318272908085,8.664798489105141,,1870.9121979058095,85.82685025832842,23.18038795100052,1015.6981699750953,13.524146560363006,0.0,NNW,0.6353405732887385,Aotizhongxin
2874,2013,6,28,17,138.27317820566503,203.49436061719769,5.98678555495823,16.25398977077323,1681.3485374121728,99.14754658258983,23.510684961750684,1019.005996269313,16.1203320449878,0.0,NNW,2.0087665501000775,Aotizhongxin
2875,2013,6,28,18,137.12671726285345,199.45185388226537,9.879888377436702,21.662121318093483,1779.655447419779,71.26952455334956,20.857451377345377,1020.5903655262521,10.642366301808824,0.0,NNW,2.435796615694194,Aotizhongxin
2876,2013,6,28,19,134.51020880625407,191.29305423899416,14.769408495302207,36.64781814466485,1745.3874076073223,90.74589324364449,18.6786365237051,1017.7094595539436,13.966596280863543,0.0,NNW,0.8641493306395558,Aotizhongxin
2877,2013,6,28,20,133.76119598223454,191.76723071459483,9.740338276985588,28.24641190075232,1691.3635414592302,92.9178714623973,16.44027925109581,1015.991620447267,7.673069647175661,0.0,NNW,2.177577761102074,Aotizhongxin
2878,2013,6,28,21,135.85763643429573,189.15710651363315,13.819845850447425,46.30313044871912,1750.420397157443,,13.987686960125153,1014.5327378646613,7.561577957578566,0.0,NNW,0.9491423747359113,Aotizhongxin
2879,2013,6,28,22,143.23961078319763,218.29036358887717,15.031854201556792,40.90347941009723,1936.2395988072014,70.68849123268727,13.576163531699045,1016.321508197543,5.877913120547795,0.0,NNW,1.260476131022791,Aotizhongxin
2880,2013,6,28,23,149.72572335649647,194.8240525155174,12.854846111705873,34.6651476068017,2089.045837598053,55.825296396732654,10.860465689704881,1015.5609080237439,3.2231589412336374,0.0,NNW,2.505398656492733,Aotizhongxin
2881,2013,6,29,0,148.53736977627227,209.34883442894014,18.94903451255856,45.408610435720625,2205.606305407798,64.30529611677035,6.116948953917765,1009.6871284057647,-3.632161934851621,0.0,NNW,1.4018988561849408,Aotizhongxin
2882,2013,6,29,1,147.81914051880761,207.59704303821846,7.568112992071091,43.350635956915376,2247.25357771496,49.94601454888146,4.7321438726051,1012.5267584063753,-2.0026948387724435,0.0,NNW,3.0480653867255363,Aotizhongxin
2883,2013,6,29,2,152.6271084543033,221.81075589667054,13.831749163785474,49.65253575480984,2458.3366113105367,46.198609331198746,5.909424593813376,1008.2859073965476,-2.0176047083150244,0.0,NNW,1.5324975499087155,Aotizhongxin
2884,2013,6,29,3,160.67105823411396,216.50094275351051,15.788637016857358,94.974809631937,2581.4775810975257,38.21177239755157,6.578753548153283,1006.7453545461627,-0.7160369188201321,0.0,NNW,2.887553484012662,Aotizhongxin
2885,2013,6,29,4,154.44859754114975,198.7913105336443,16.870981950320022,70.46950415595926,2564.97918400718,45.55099923307172,6.896453776980506,1007.362584573977,-1.2396177072871706,0.0,NNW,3.812172147021953,Aotizhongxin
2886,2013,6,29,5,155.4466895116821,219.19359547733686,20.838417985003026,71.20730043783475,2594.341813838183,38.14218394875468,4.835382700985267,1009.1535973536794,-2.969552704639795,0.9599425026953351,NNW,1.4034548976237047,Aotizhongxin
2887,2013,6,29,6,154.3639232969404,218.9217975379026,20.870113409161707,60.01455747753549,2625.667137220589,37.309267640396556,9.41289933598486,1007.6188106496793,0.08214194463720803,0.0,NNW,3.972822938864585,Aotizhongxin
2888,2013,6,29,7,158.89504919844626,237.34906297230125,21.011600847970364,,2616.685661511819,37.45807259358783,7.3355955485217255,1007.7350341981363,-0.8937410667243602,0.0,NNW,2.0107888884223506,Aotizhongxin
2889,2013,6,29,8,154.35794927645594,203.39750852378742,21.118371501319654,71.11583289003228,2584.1956904696026,44.0742737099104,12.107482923459735,1008.3747562890771,3.4776491109807166,0.0,NNW,1.4939461589980003,Aotizhongxin
2890,2013,6,29,9,151.12234653748294,223.1182228196433,15.68522019849579,74.19510593859312,2496.093419035478,39.70261192177308,15.730539663912978,1009.399782131448,6.672182867278806,0.0,NNW,1.7631671137392173,Aotizhongxin
2891,2013,6,29,10,145.47417166223636,227.3379839674021,13.845471799578043,69.6649131871876,2376.8787374717076,64.50774787540927,14.469982931462729,1009.2716975649471,6.671771541005099,0.0,NNW,1.6772437078137967,Aotizhongxin
2892,2013,6,29,11,129.71647709608317,177.82541905929165,17.483054271536194,38.34366659727024,2229.571555293266,41.18157636025178,23.139285386128194,1011.9696823052714,15.684365819855968,0.0,NNW,3.121432239908285,Aotizhongxin
2893,2013,6,29,12,125.0247346095345,162.12520625841606,13.109303779060683,36.12128408584074,1993.5756408912973,42.74081551830351,24.0611105863304,1010.6806356080499,16.43726860092517,0.0,NNW,3.0542699139763148,Aotizhongxin
2894,2013,6,29,13,118.12174927828401,161.3007053258639,8.994479638383485,31.793316574240492,1891.676269541488,48.383670441477285,24.63075999638527,1014.5961105274037,16.47736880413057,0.0,NNW,3.0447745213010773,Aotizhongxin
2895,2013,6,29,14,112.91939519005797,158.22720293979495,15.414032853624446,27.44847485334051,1714.834531369249,51.704118807075645,23.211715951543297,1016.213970695668,15.828379534088679,0.0,NNW,0.9604696734629217,Aotizhongxin
2896,2013,6,29,15,122.41114258020686,,15.649771813574157,33.44548329035218,1684.5342130721135,84.4093676778662,24.8978445631343,1016.9338070950668,17.261090881106963,0.0,NNW,2.1514421526447913,Aotizhongxin
2897,2013,6,29,16,109.30713214427578,147.11603770360563,15.341355650173785,23.145064307544686,1522.0889321428692,87.16431208743737,25.844888517535214,1017.8321846823104,17.99117932427768,0.0,NNW,0.7602445518761625,Aotizhongxin
2898,2013,6,29,17,113.20890606818135,174.04445383692732,10.73139403297882,42.262271800318786,1516.359597571421,96.22591057498266,21.976261687344667,1017.7593604119056,14.225488217298105,0.0,NNW,2.808878826536241,Aotizhongxin
2899,2013,6,29,18,,144.30632394087212,11.877796287918708,40.2374390566531,1502.2835116204265,74.43361785294478,21.80035646500845,1019.3468858306852,15.574860949660351,0.0,NNW,1.6130773541996248,Aotizhongxin
2900,2013,6,29,19,113.20843160819196,141.09975272974071,14.27997553864039,25.629790721586314,1471.3310840889599,91.60276020468172,21.365575774716472,1012.2864015634881,11.557965432612496,0.0,NNW,2.402462520458354,Aotizhongxin
2901,2013,6,29,20,116.02339530212589,173.49985766584942,8.745625611007505,43.32210165350955,1508.5099817309833,82.21887571610402,15.346297948365635,1018.0376189340525,6.868403693638795,0.7001399346508888,NNW,1.5985131947305784,Aotizhongxin
2902,2013,6,29,21,119.09400864647046,143.9854017929966,14.796499146229538,42.76294139419066,1702.6242263708584,79.34353452122228,15.498637066530684,1019.4864489602485,8.005898979464991,0.0,NNW,0.5953176415378987,Aotizhongxin
2903,2013,6,29,22,123.02788036911186,170.19773482802944,13.326188702429624,31.39434752658192,1829.1292345819575,78.75622895349609,9.779655104543021,1013.2562090500822,-0.5944487491809776,0.0,NNW,2.708122596096445,Aotizhongxin
2904,2013,6,29,23,131.58134395832826,215.39069283374005,16.447039731515165,23.749896345745075,1986.4049252657576,58.90765861693861,8.584229866632024,1011.8266355087876,2.6581065916211295,0.0,NNW,2.7699129173138823,Aotizhongxin
2905,2013,6,30,0,133.27722052471722,186.4676732050048,15.558279062627806,43.25625292031417,2073.9663651255614,85.87249135404488,7.172043279620383,1014.5726380259476,-0.4457299067928948,0.0,NNW,2.1114952979006913,Aotizhongxin
2906,2013,6,30,1,144.0441085478799,190.45407546006933,20.182865354756608,45.01940385342263,2294.241717796712,66.84832691519051,7.11007938123378,1008.8524260955288,0.5454320278693905,0.0,NNW,0.3108796436271155,Aotizhongxin
2907,2013,6,30,2,149.61475957526324,208.88668876750057,18.17057128762461,56.65204500116664,2432.589527902963,42.182940460046396,4.289558083350012,1008.1665513748491,-2.0307990988176634,0.0,NNW,2.6002834489925872,Aotizhongxin
2908,2013,6,30,3,151.30768565469822,211.32275203038216,14.083596727530484,59.855961918728944,2532.6856656599525,31.414949893102833,5.188322586993727,1008.8043631334629,-2.1929980196402945,0.0,NNW,1.4099295141816566,Aotizhongxin
2909,2013,6,30,4,154.2751929006517,217.5917694644435,23.685906915866358,62.8246493468826,2537.6346636518833,37.47032328734212,4.309899530396968,1006.0719705607717,-7.038991027769107,0.0,NNW,2.4132610509058643,Aotizhongxin
2910,2013,6,30,5,162.30080244324085,233.84375324213337,16.987036908529006,68.50799445681469,2629.9291602038224,37.67443877859372,5.543820803982886,1008.9204198725417,-2.234637863421799,0.0,NNW,1.6075177606766784,Aotizhongxin
2911,2013,6,30,6,161.18168730650393,,23.759174630731742,55.29982442333057,2670.025036114418,45.65615259708311,9.804924449813747,1005.4183957554857,2.122754820106644,0.7310754791067302,NNW,1.6896310680189845,Aotizhongxin
2912,2013,6,30,7,161.59327656801446,243.10606774758818,19.558900487124376,67.60939874633902,2678.2473375826103,24.164645227090034,8.274657732636642,1007.891637563968,-1.3556424007204644,0.0,NNW,2.3980940037293026,Aotizhongxin
2913,2013,6,30,8,155.6724387900137,220.39255714974536,22.858159974515313,58.80357885155273,2579.6936154772707,41.20423433738069,13.55054050989557,1008.2388379070708,2.8660303247663435,0.0,NNW,1.343276060856847,Aotizhongxin
2914,2013,6,30,9,153.93656751177144,222.77913498049804,21.939839750533032,60.741993222640446,2420.5007360018967,27.03218022618842,14.998404171787527,1011.7922422388842,7.690908125989558,0.0,NNW,1.8666526992847237,Aotizhongxin
2915,2013,6,30,10,150.46539503133585,204.37005904631374,18.790428922946113,62.65927876185752,2489.8077908574437,51.86357593411119,16.72485991766322,1011.8306037325915,6.851074411836317,0.0,NNW,2.407679086652905,Aotizhongxin
2916,2013,6,30,11,150.6244017175971,223.73798377459124,17.819701178394,40.38118271628218,2294.8205323374987,52.45448166785647,18.173715751384822,1009.6468496915801,13.265841564835,0.0,NNW,3.73315930265309,Aotizhongxin
2917,2013,6,30,12,142.1575745825246,196.45008032740378,16.2678858515777,42.74965077864344,2145.8958174890445,79.36679762285763,20.351713351216837,1009.4710151870555,12.74641927393657,0.0,NNW,1.940424545604778,Aotizhongxin
2918,2013,6,30,13,137.06762244848062,194.67019656280817,7.664430505644162,38.87534522571867,2055.2408110849897,51.01045068536625,22.552286500707467,1014.9700329094675,16.57955407696483,0.0,NNW,2.671591451841794,Aotizhongxin
2919,2013,6,30,14,130.224463959712,172.98318877172574,12.854990656694609,30.88584822743488,1724.547098201636,86.20608381490105,24.43417665205897,1013.1932183304933,16.480921751110643,0.0,NNW,1.062553481836013,Aotizhongxin
2920,2013,6,30,15,129.19474765156764,170.90333044817342,8.116273565851579,38.056500345332715,1725.1305751423367,60.63935617800149,25.9052644542346,1014.8641804301253,19.032572696199026,0.0,NNW,3.3557062754714893,Aotizhongxin
2921,2013,6,30,16,121.55185942319599,177.05465625700322,,21.916385053907455,1606.6488501928022,68.37853235054592,24.20889937300714,1014.210471638795,16.288795269851715,0.0,NNW,1.3535695262840242,Aotizhongxin
2922,2013,6,30,17,121.53486799956623,165.71274689731885,6.741543229405013,21.238280278679923,1569.0931112083704,67.37720007250505,23.310287760021062,1018.187652993019,16.81864715558457,0.0,NNW,1.894246764013847,Aotizhongxin
2923,2013,6,30,18,119.73385360377154,159.08916417023636,6.445144176321775,19.320646936383483,1549.1964992944747,87.50352608451054,21.945082476882018,1015.707013767125,10.887584624578999,0.0,NNW,2.408972299289254,Aotizhongxin
2924,2013,6,30,19,120.49932610666552,162.26722312906142,14.985174373816363,34.41792676572904,1649.9810182599392,72.41115754968936,20.715166537158094,1016.7595457548398,14.047388302992225,0.0,NNW,1.3760686330909753,Aotizhongxin
2925,2013,6,30,20,123.86334871959792,180.39821892461129,13.878215145450376,23.739939025013495,1678.1695720293692,68.16732004180558,18.555394679819976,1016.2911208871373,11.5585409212213,0.0,NNW,2.8647267193183445,Aotizhongxin
2926,2013,6,30,21,129.63986898324134,175.20543796450175,11.452038339234798,34.538227503337495,1802.1780028227531,79.7053455458975,12.91955178664223,1015.9026551457606,4.688324299517699,0.0,NNW,1.4705541221938674,Aotizhongxin
2927,2013,6,30,22,135.38815624634992,188.36686942886826,13.05430595074707,50.80564080984058,1885.4612635613453,77.01775385874691,11.988697484359825,1015.8232770034393,3.3749516573626357,0.0,NNW,2.664499138528963,Aotizhongxin
2928,2013,6,30,23,143.48243762595638,201.0256901792099,12.962156697258365,39.22507173514489,1974.3632306593672,66.8689691690663,11.841106026021887,1012.8084544817242,3.392452650257231,0.0,NNW,2.854161578962044,Aotizhongxin
2929,2013,7,1,0,157.55948120928076,201.40978483289007,16.70962912793857,53.89648544026526,2156.4909979169456,58.37780850978447,5.954752257554593,1010.5171448362269,-1.621097289872409,0.0,NNW,2.4627431114701985,Aotizhongxin
2930,2013,7,1,1,169.26585130481726,222.26092777300894,14.265932125866188,63.547213574795435,2381.1840423179647,71.81862019680877,6.451215297829052,1006.9868155069765,0.2722743448130003,0.0,NNW,2.5667447742754295,Aotizhongxin
2931,2013,7,1,2,179.97789832172924,255.33183654289655,20.48122078860387,63.217532480323314,,48.9583626624197,5.084475731414146,1009.7052592587354,-3.7168080802521213,0.0,NNW,4.024699639327078,Aotizhongxin
2932,2013,7,1,3,184.3689436532302,250.74622750299528,17.776273382890405,59.00772509590903,2759.382747335342,50.3792452095588,4.149986615095083,1008.1504680128312,-6.402664021643131,0.0,NNW,2.3332354173290697,Aotizhongxin
2933,2013,7,1,4,185.57953901825363,270.37860373835923,18.070586031428505,67.45737014767768,2820.5382912820037,39.778586162288626,7.726915713674354,1006.2489273208358,3.4537871900419495,0.0,NNW,2.087871442996483,Aotizhongxin
2934,2013,7,1,5,192.3977539263435,279.02492653938634,19.894768186899867,54.0194877806986,2907.1235165893686,24.87309146022645,6.394999675457426,1007.2954757928597,-0.59763847777204,0.0,NNW,2.2689863469804123,Aotizhongxin
2935,2013,7,1,6,196.92416630779064,282.8855194944613,18.22655951022317,58.759654734800385,3075.9794092344623,40.49887681902017,10.195649796050995,1008.7119653452298,1.6088323749880178,0.26172933632316375,NNW,3.0170613747223403,Aotizhongxin
2936,2013,7,1,7,201.79262379946658,300.70739119237913,20.81567617993479,59.48111507272601,2959.566141362536,29.29388122807537,10.008440807866615,1009.394147038449,3.7917108863621873,0.0,NNW,3.8634202284744257,Aotizhongxin
2937,2013,7,1,8,196.3796886204508,274.10067079119926,17.718039250981995,80.24540503708303,2963.838643283185,37.43950352499667,13.10219338295139,1004.599598144229,6.502734235674047,0.0,NNW,1.8668274038055352,Aotizhongxin
2938,2013,7,1,9,190.69393532107267,273.46032870854015,19.941104714389247,52.641459509688815,2808.48984184425,45.37635728927057,14.134167736609529,1007.7427434920365,6.872591297114378,0.0,NNW,1.2700965397274837,Aotizhongxin
2939,2013,7,1,10,177.9227952353745,243.24790356356397,21.14801961673443,48.380185989905364,2620.335386293696,28.08581933113357,16.739049938078576,1011.4220504247969,8.023472400086835,0.0,NNW,2.930039549256462,Aotizhongxin
2940,2013,7,1,11,169.11748216420665,261.2881741585765,14.136130165088085,41.82501306005855,2515.2993527854987,37.434502633519685,20.61402129537329,1013.8979868435334,13.615005073849797,0.0,NNW,0.9095294913798018,Aotizhongxin
2941,2013,7,1,12,165.33919285344882,251.31120651918854,14.608273628114485,49.47849409544609,2395.840061962163,69.09459172497563,22.712613998315863,1010.3654726936832,16.34695223385493,0.0,NNW,2.2062070228819612,Aotizhongxin
2942,2013,7,1,13,155.70863998346044,218.11090032202253,15.08989691359366,40.96459023930064,2130.164028982433,59.83301166157358,24.55723463773217,1016.0507410839778,13.977125539295901,0.0,NNW,2.2437000793071085,Aotizhongxin
2943,2013,7,1,14,151.03513051733933,215.31504502332695,11.19242793505578,43.69407181621253,2048.2411801008216,66.3367801089114,25.224275693322543,1011.7998074355307,17.56101816628071,2.4722268807267795,NNW,1.914130287042214,Aotizhongxin
2944,2013,7,1,15,,215.2768565145004,12.85742777654726,36.22794170488789,1887.8311728948972,79.34205350337187,22.995368609493873,1017.8321030321727,15.442632163660077,0.0,NNW,1.9611678584210415,Aotizhongxin
2945,2013,7,1,16,140.58858409270118,195.35262268164058,12.336069563033027,16.63637315051869,1778.6703681683298,77.79390912339227,23.449705247822056,1015.7666143545115,15.848820239965365,0.0,NNW,0.6780051152438438,Aotizhongxin
2946,2013,7,1,17,133.00080585829966,179.63488749362244,13.42015619743757,19.22326131413567,1687.8488634836212,88.3240294736546,24.935168367067433,1019.9552756627329,17.004443791841698,0.0,NNW,1.3053749008549356,Aotizhongxin
2947,2013,7,1,18,132.31941844550732,193.98708333377908,8.182029861745264,35.92262998620657,1624.1549068218167,84.48878211266955,19.13336976376047,1016.0719375674894,12.912479376791323,0.0,NNW,2.7496726624858647,Aotizhongxin
2948,2013,7,1,19,121.37709977323236,170.712332143362,7.342045147863234,,1569.3414980036775,86.13417515903119,20.438910862258403,1016.2098476779247,12.121935462642657,0.0,NNW,0.36698496485405907,Aotizhongxin
2949,2013,7,1,20,123.6265278157233,174.90708343846524,9.747140812386576,37.18022646845533,1613.5702970243758,74.63205119218844,17.420370302421436,1016.0633417605145,9.41619212848798,0.0,NNW,1.9312046300773853,Aotizhongxin
2950,2013,7,1,21,121.87219351879946,162.2783574956396,8.561209075425962,29.66041679294651,1737.2036714972226,79.61361776247297,16.274372801208543,1012.4614335964869,8.747870778326227,0.0,NNW,1.749947292753475,Aotizhongxin
2951,2013,7,1,22,132.90937502058313,168.8964035451824,14.193494612142489,27.258748573691822,1858.5149443876116,83.55089086835446,13.036741328080925,1010.9750546584827,4.7696370371237,0.0,NNW,0.4060490763255087,Aotizhongxin
2952,2013,7,1,23,143.2544330785655,202.9176304087827,10.220650873958158,37.39753287661592,1977.6221453567634,60.79299396642106,9.00402958043731,1014.314403611594,-1.074972304689422,0.0,NNW,3.3539011591496175,Aotizhongxin
2953,2013,7,2,0,152.88568835950548,223.08958411824966,21.999049254758063,37.25560163560243,2186.9136457178893,69.15318300272152,6.864907130682029,1013.9769246947067,-0.8138978037845713,0.0,NNW,1.175785526239946,Aotizhongxin
2954,2013,7,2,1,166.7342846212186,231.1699309789456,20.181878810233854,45.65195880283102,2277.438662750148,53.013920689210494,5.555570752660234,1011.9210597801696,-2.106244681282579,0.0,NNW,2.439141370602611,Aotizhongxin
2955,2013,7,2,2,170.17404718484363,252.60796125436974,17.537727308800942,56.60740565252197,2536.6677473846416,54.844816559779375,6.210836308165259,1006.992048771643,-2.336911313957915,0.0,NNW,1.6248819134135546,Aotizhongxin
2956,2013,7,2,3,183.3767034121023,249.68822152278776,21.137717384926667,63.23497634668311,2751.738593026295,43.61004365386742,1.546679480667133,1009.4248435842113,-6.65179289412682,0.0,NNW,1.3241121768282769,Aotizhongxin
2957,2013,7,2,4,191.87302834708055,258.07519513625357,14.419721425989817,49.59897748965439,2874.587595847071,38.015255704409775,5.576810903644909,1005.6894650336703,-7.192994455815062,0.0,NNW,1.8112155476647303,Aotizhongxin
2958,2013,7,2,5,193.92381987334363,270.82104475071975,27.399749125644014,64.17957246570857,3036.768607078946,39.34915116353695,5.015194081314563,1007.985676285002,-1.172196844684235,0.1835215019020051,NNW,1.7149167366278806,Aotizhongxin
2959,2013,7,2,6,199.4885256734034,278.45801018925187,18.22935616339853,60.30707411552198,3024.653507432979,47.13597562302249,8.21518513484541,1009.2625982904049,1.5667303986363088,0.0,NNW,1.8506131898799107,Aotizhongxin
2960,2013,7,2,7,194.04112641242887,279.3572642907526,19.468136889747264,59.13119805411086,2965.221934469516,38.212827284924046,10.516746679755054,1007.9053045752247,0.509999909031277,0.0,NNW,1.370438572647782,Aotizhongxin
2961,2013,7,2,8,187.7460570911793,255.09485168701113,13.762327157356886,63.38198502875339,2766.215166514696,43.134673214473004,9.918319674581761,1010.6069407855616,0.9051188070404181,0.0,NNW,1.188812338671835,Aotizhongxin
2962,2013,7,2,9,180.54413952028375,266.4427376965462,19.99439582015542,54.73852064221725,2708.9637259310325,38.637481334569294,14.659700359499054,1008.1644911513617,8.832482401061439,0.0,NNW,2.80356513918367,Aotizhongxin
2963,2013,7,2,10,172.21502525243125,260.7702049784863,14.180967528768672,66.0571039587734,2553.3870616532654,63.20886473995026,17.821545986225576,1009.0667013573913,8.089269970244148,0.0,NNW,2.005548497754107,Aotizhongxin
2964,2013,7,2,11,160.75336603446584,224.66327217856875,16.599062510210693,59.6808759120589,2350.250486376335,59.93289498173369,20.13192514291272,1010.8406073700489,12.84961317676692,5.0210570078097145,NNW,1.9517492264441214,Aotizhongxin
2965,2013,7,2,12,157.88112694977156,233.53068193152336,13.367176701226386,54.45462635153632,2223.054982322505,60.77708460025006,21.88776638219153,1009.3147178324025,13.149741285570862,2.7181006351693404,NNW,1.2868175515065219,Aotizhongxin
2966,2013,7,2,13,149.08113799521664,198.14862248705066,10.472672969696365,35.864337534027165,1998.7153382236436,65.24393940501628,21.82892275812337,1012.4881930742783,14.444135693151118,0.0,NNW,3.2595190857029546,Aotizhongxin
2967,2013,7,2,14,143.25572922171978,211.3102363222268,10.086915494712152,27.30000932064543,1882.2531735396917,82.27908269273111,23.05631621692087,1013.8697336605198,15.131523254656466,0.0,NNW,1.9300571391478258,Aotizhongxin
2968,2013,7,2,15,134.76112032046865,199.13833253425074,12.141830196323827,31.51410381137398,1838.9509202273778,71.61562875921108,22.932929015869224,1014.967534019359,14.508081271953586,0.0,NNW,0.483432647564251,Aotizhongxin
2969,2013,7,2,16,122.71114844033787,180.4299806183718,6.825400062471334,26.47670499402109,1628.1332914092684,63.82188493189763,25.490326619150313,1016.866709353249,18.073109429027493,0.0,NNW,2.2206589179519964,Aotizhongxin
2970,2013,7,2,17,120.79436519876468,168.9564803895676,7.923935855483928,20.810898174831713,1554.6644701607736,84.87214165147125,23.486897775134487,1013.8689708917988,14.747326996361815,0.0,NNW,1.3886449314396652,Aotizhongxin
2971,2013,7,2,18,112.12312008575765,127.4298787076404,11.989820143793434,15.594124426664308,1496.7143939534258,96.90004573114344,21.993437952926406,1014.708772032279,11.317088643493195,0.0,NNW,2.728667170123901,Aotizhongxin
2972,2013,7,2,19,112.87080911274374,151.60186132131992,17.977810493177596,25.34933972007406,1574.9656763213802,100.06123376907345,17.44175983423266,1019.0937683247223,8.050176431102058,0.0,NNW,2.8307452995416535,Aotizhongxin
2973,2013,7,2,20,110.39456163255142,148.29322610872595,12.102639439736821,24.446936322291442,1536.9568575904252,80.57769566027217,17.5377862551334,1012.3156305707946,7.965998317811982,0.0,NNW,2.7383470177311153,Aotizhongxin
2974,2013,7,2,21,123.11122430741136,162.57316464977114,8.7126811675354,36.3646406725732,1729.0657885312237,78.11354616908152,15.950455607974027,1016.7682760436785,5.544276871092718,0.0,NNW,1.6308744755808697,Aotizhongxin
2975,2013,7,2,22,132.96987863170665,187.38026012985998,11.398657489783066,40.32084841217183,1821.4287869342402,77.69530432515957,9.649050187113374,1013.7528806384046,2.203150286634932,1.3339011694780498,NNW,1.9096813197767688,Aotizhongxin
2976,2013,7,2,23,140.6283224437169,192.69001696599133,13.800671792945126,48.630017541331306,1990.5674639713907,63.8269819389254,9.196890611882548,1013.6143401888395,0.9377405759667873,0.0,NNW,2.1988844976375774,Aotizhongxin
2977,2013,7,3,0,153.44772050741125,206.5806886127255,13.951725148092878,34.92563558495969,2245.2806083124738,65.16405948391149,5.573408490817316,1015.1161975706679,-1.8956799104679543,0.0,NNW,2.7141290538698133,Aotizhongxin
2978,2013,7,3,1,157.82702795062391,210.36983764839528,19.003269725723403,53.38484736359947,2460.776527062855,52.6755063617543,5.709322850060782,1010.4435392027567,-1.509550116534155,0.0,NNW,1.1697974495739976,Aotizhongxin
2979,2013,7,3,2,167.2363741122287,226.9757939022679,18.152420449042673,49.180274350130624,2609.3797358735733,57.6136825719018,3.9892538907529325,1010.7507760110116,-2.876042854106705,0.0,NNW,2.074740767312025,Aotizhongxin
2980,2013,7,3,3,174.24881928269997,255.1633391142792,21.25909106066235,49.37882193724227,2705.9746702090256,49.552135601314546,5.571363250462404,1008.5816000294311,-1.8182541378144235,0.0,NNW,3.4943383512012374,Aotizhongxin
2981,2013,7,3,4,180.07245828597138,245.49119105408496,18.386795648029302,58.89169018009909,2794.561515809582,46.45164322841337,5.5946010822489045,1007.4511206415712,-3.874811812942424,0.0,NNW,1.5716851174828812,Aotizhongxin
2982,2013,7,3,5,188.15888496153735,258.2730518818196,23.80612979060911,72.8681563668583,2961.6948779892846,33.798677894752416,8.277002570606681,1006.7040202728739,1.1462908584831444,0.0,NNW,1.9791433843379291,Aotizhongxin
2983,2013,7,3,6,192.11107858398452,264.38853386734587,19.500543247155363,62.02145317143613,2976.6225448241325,54.25927320502261,7.847815414183784,1008.4021166970125,0.18052252299534305,0.0,NNW,4.090790043947559,Aotizhongxin
2984,2013,7,3,7,192.24374802395664,272.53118237163346,16.916059524031365,76.84215380545426,2809.6372135887473,40.690973766568014,10.50773170315641,1005.7071671363119,5.79288887184365,0.0,NNW,1.8070107096230625,Aotizhongxin
2985,2013,7,3,8,182.6271856039046,260.24055473075174,25.862088162048856,66.71153619985145,2754.731103952251,40.822305440257345,11.575248326502075,1005.4058266039752,3.5871258363115834,0.0,NNW,0.7689647547871834,Aotizhongxin
2986,2013,7,3,9,174.01944174484998,213.18065305035836,13.060600665049387,55.98941179188633,2691.9052627013157,34.71290066466659,13.345403023157132,1008.6134160409295,5.919752701756531,0.0,NNW,1.954095497125389,Aotizhongxin
2987,2013,7,3,10,167.3154025748707,244.45791574309501,15.283783824085218,64.28038743125127,2449.1748423214167,46.52928179851446,18.840334103060336,1009.885568007177,10.698095689838883,0.0,NNW,3.3383436443664074,Aotizhongxin
2988,2013,7,3,11,160.45346342505292,238.9985291375116,14.413011670021422,53.739555078964706,2342.275875203589,54.67332147946333,21.864882580320618,1007.0575884436895,13.93822635636544,0.0,NNW,2.8453716796331725,Aotizhongxin
2989,2013,7,3,12,148.16807717328163,196.9334426689776,22.52491881916969,37.53952489242636,2150.3538702033543,52.123227035757,23.129551360722854,1011.9790251427787,15.10163132959821,0.0,NNW,1.2162471846392542,Aotizhongxin
2990,2013,7,3,13,150.0502125225197,200.3473150841792,19.12648142692693,54.6940401825937,2084.0657868268577,63.54730466987214,23.857096222538683,1010.8403413830836,15.205160858237704,0.0,NNW,2.33231577097073,Aotizhongxin
2991,2013,7,3,14,148.8803600966096,203.9299702574707,16.981784430926595,37.07583058469182,1976.6713703615665,70.8419998189699,23.198117931162766,1015.7536862148957,15.46414841779514,0.0,NNW,1.859324119348462,Aotizhongxin
2992,2013,7,3,15,145.07562994258308,195.54584172505025,10.472490106938269,31.008233912152992,1863.3063057077045,78.23687613889585,26.71244226014042,1011.9281641941395,19.645082923325084,0.0,NNW,2.6496269825399805,Aotizhongxin
2993,2013,7,3,16,140.59621870978134,199.07397493315995,17.948406992603132,20.8352305650663,1819.624964026491,64.02356519419492,25.5285222363462,1020.1802786786484,16.89926221729021,0.0,NNW,1.5076820530236466,Aotizhongxin
2994,2013,7,3,17,136.75037015503784,171.98526535346434,11.275426880077573,35.11778961508054,1694.3714374521487,82.79544025018406,26.697571951838558,1016.1532322981737,19.950931884603897,0.0,NNW,2.3956141625067193,Aotizhongxin
2995,2013,7,3,18,131.9204711036209,173.50938346470187,12.931790110909366,29.138203418890452,1636.1322622254056,81.22653816920068,20.339431886505615,1015.2700761030254,13.410897380905308,0.0,NNW,3.5282022587167514,Aotizhongxin
2996,2013,7,3,19,133.25261838902435,201.94563774638317,10.709457011873278,30.715388916580558,1612.1920113893916,83.93930416097771,21.293849751871072,1016.263684210709,11.973456374131102,0.0,NNW,0.2,Aotizhongxin
2997,2013,7,3,20,137.2806412247342,182.91069804114773,10.521473267108053,23.61924117610508,1803.0522783833894,92.00340075641353,18.411850208337405,1017.44266873619,8.966315619910189,0.0,NNW,2.474314075390915,Aotizhongxin
2998,2013,7,3,21,137.08115760074446,204.34790342207148,10.709130072288124,37.53066895154959,1780.2316726339623,98.20162445087576,14.486959199627918,1017.3164740844027,7.159189299788308,0.0,NNW,3.0552536592643067,Aotizhongxin
2999,2013,7,3,22,144.63106670532045,206.03687534334998,11.87108001974251,42.29450874856641,1902.6970172424997,79.28377199644629,14.457561869279449,1013.9513773799504,5.576258191810728,0.0,NNW,0.7549304140963566,Aotizhongxin
3000,2013,7,3,23,151.2454591569458,193.6509656738415,15.531379720521628,34.47339318770059,,54.12625440689968,10.603517722636825,1010.4167143958882,1.0349517517325852,0.0,NNW,1.4235225145816015,Aotizhongxin
3001,2013,7,4,0,151.3788002785119,218.28361234207873,16.101599396326165,33.664078882552076,2172.683339108942,56.54593048167466,6.523592645442044,1009.5754057327556,1.098938814672148,0.0,NNW,1.6850370886546326,Aotizhongxin
3002,2013,7,4,1,155.70183158846953,216.8058912019288,16.19968111490155,54.827365376761804,2322.84463375905,59.48915696074789,6.162237437743999,1011.2786801719689,-3.287253908704029,0.0,NNW,1.4152718823449546,Aotizhongxin
3003,2013,7,4,2,161.28283810170734,221.24130277989286,22.028571978096565,42.41322440315408,2503.1857135296123,52.33290496429023,3.917453526454648,1011.4746542590209,-6.367939645784211,0.0,NNW,1.3553490692618735,Aotizhongxin
3004,2013,7,4,3,175.04679216666455,247.5150799650504,9.635274699710546,60.35826184643319,2666.8929186189575,52.195587824867054,4.297226426921729,1010.6994165972354,-4.878313655709943,0.9620684767540104,NNW,1.7002056648777752,Aotizhongxin
3005,2013,7,4,4,182.04056334273633,259.60312353549875,20.859788762685774,58.74254723739031,2918.315137020698,37.37585496248308,6.396480967418917,1008.0060581318993,-1.2560467419972374,0.0,NNW,2.681355874396361,Aotizhongxin
3006,2013,7,4,5,179.69564974147562,258.64982785781206,21.98284525142228,74.06783821209274,2820.1941012814723,32.21685189911824,7.823657030006939,1009.1049700009174,-0.06601485399174106,0.0,NNW,3.1901218588164992,Aotizhongxin
3007,2013,7,4,6,182.66202011047415,267.5093566301438,23.440888604765508,61.85724887386234,2892.1880718277544,,8.260750688818572,1010.824698435184,3.091570834065819,0.0,NNW,3.042123269696741,Aotizhongxin
3008,2013,7,4,7,175.4505789433927,249.71216964853335,19.635014808285256,73.17670030181179,2692.8902596881217,36.43856037646967,8.874887685115702,1009.5510662940272,-0.27770173654344443,0.0,NNW,2.795040672096325,Aotizhongxin
3009,2013,7,4,8,176.78433048380214,233.74172178945935,19.953887221074066,58.206832520784566,2717.652348788456,28.182621145177883,12.984222179567828,1009.5139487838866,5.338456790049713,0.0,NNW,3.4656920744962454,Aotizhongxin
3010,2013,7,4,9,170.1322731985939,233.44872790151956,21.4933790558769,67.14206366420784,2589.5552133175347,57.07366704066552,16.085099456936454,1006.8513517278826,9.777832789520179,0.0,NNW,3.625062115742198,Aotizhongxin
3011,2013,7,4,10,163.5445250080408,258.3928183639433,21.97349921284054,71.48273235069465,2460.637213899195,32.53904508605555,14.63002283316563,1011.4252392408561,5.641499060425606,0.0,NNW,2.132847293627133,Aotizhongxin
3012,2013,7,4,11,161.61228295128518,233.50210673561654,15.392487269976302,41.6320037951205,2417.2027813431405,18.57907164755092,20.174718162546377,1011.6283697302649,13.230304474649834,0.0,NNW,3.1447722045411033,Aotizhongxin
3013,2013,7,4,12,148.69905732387258,231.87155326153655,15.80092734938268,47.336285773847266,2241.370711979851,67.69386758037574,21.78578311426648,1013.3012912567343,11.037526462978018,0.0,NNW,2.339135358817459,Aotizhongxin
3014,2013,7,4,13,135.34601323034502,203.43875934447487,18.741626667533666,61.8138784252301,1996.4720130334774,75.57748583780933,25.090820920958745,1015.8163077834016,19.72895273007485,0.0,NNW,1.8270087652809905,Aotizhongxin
3015,2013,7,4,14,125.77618727803662,178.50468290480873,6.127918772363449,35.53271061522338,1794.8772670459775,76.64012941944691,25.23779201018293,1015.2171156967364,18.729928652443753,0.0,NNW,1.960185030103923,Aotizhongxin
3016,2013,7,4,15,123.71649924651747,176.21716964293563,9.39442829462351,31.352170538106243,1675.3465295619,64.65310868974318,25.726527552209177,1015.3304412446098,16.70551505639572,0.0,NNW,2.810013972666077,Aotizhongxin
3017,2013,7,4,16,112.87155626667334,157.65437837457418,15.067380916886696,33.987483503119385,1612.2422761789367,81.06193654218775,23.936391813319236,1014.1903954036004,17.18111848006981,0.0,NNW,3.1724729320805016,Aotizhongxin
3018,2013,7,4,17,98.54592119909215,120.58624352026399,13.447984369379569,26.010130386976666,1505.559811784853,81.36645992168799,23.662731613543045,1016.2365964961547,17.632505962732946,0.0,NNW,2.46436349212141,Aotizhongxin
3019,2013,7,4,18,95.71906055412819,134.1871573004617,11.567335632780082,11.34219204343558,1372.50526967221,79.6271098910761,23.486595266571307,1017.4257045343254,13.553592390846214,0.0,NNW,1.6831696920453667,Aotizhongxin
3020,2013,7,4,19,98.94824896509981,150.63429407656167,8.824580249227298,34.73978247293014,1452.1838144087499,98.2688399653195,19.902680400544586,1017.3848678118104,11.002863552082415,2.600603655391737,NNW,1.6084168586105234,Aotizhongxin
3021,2013,7,4,20,106.74630863919401,143.44843214665957,8.02441748412155,11.655904613389687,1524.7288250895504,71.18397450829407,17.85019478462257,1016.8178796162629,11.869319905386968,0.0,NNW,0.5173724145712935,Aotizhongxin
3022,2013,7,4,21,109.66122186878914,157.6452406069229,9.690819236340142,27.52353116716231,1632.2223077989736,80.83871406072768,12.696064052336903,1017.4545536254549,4.7972733864968475,0.0,NNW,2.2887472255551247,Aotizhongxin
3023,2013,7,4,22,114.22871887592156,168.43611688522216,17.144024662456076,44.65940599325318,1655.6024121018663,84.44046983662577,12.308999494483968,1016.2307294004343,4.963248743033193,0.0,NNW,2.234314075032743,Aotizhongxin
3024,2013,7,4,23,126.07975045986889,167.41484625069168,11.820576707021353,36.971279668807284,1880.7035716308362,70.28489138075342,6.98200004784084,1013.1699187425994,-0.9127041092497244,0.0,NNW,1.16429011959357,Aotizhongxin
3025,2013,7,5,0,126.36535501416284,172.39846837639132,15.304268892718973,39.450428060284764,2030.696312115582,72.41118372495373,7.15471488409714,1010.3054757850881,0.491948149595856,0.0,NNW,2.378483936439696,Aotizhongxin
3026,2013,7,5,1,132.5758432665064,175.42706566833738,14.032972290927365,57.21049214338289,2224.7589113771587,59.166671096726276,6.435019298745962,1011.4726206480426,-0.7955832404319886,0.0,NNW,2.3650666899730637,Aotizhongxin
3027,2013,7,5,2,140.57296747313103,188.58049839548937,20.02832209029708,48.191081705324905,2283.6770287031645,51.79349670492029,6.491287928836173,1013.9926750952309,-1.3493861752808227,0.0,NNW,0.8130300646915865,Aotizhongxin
3028,2013,7,5,3,148.5830457938676,195.140211274884,16.919355064893413,49.36432986699532,2369.8421232735536,45.990679158657784,3.501260084822036,1009.1069516446253,-7.651278886903944,0.0,NNW,1.7426048178008826,Aotizhongxin
3029,2013,7,5,4,151.3113776990408,202.83144416487684,19.03734534845895,,2531.9879617840393,44.48379757189054,5.90126795231447,1007.0780250763313,-1.1387161019131173,0.0,NNW,3.127236574915077,Aotizhongxin
3030,2013,7,5,5,154.44615442100303,230.41917299738262,14.779482732316865,62.85513013848063,2672.446101601064,31.996463368650687,8.542486068698807,1008.2420431734889,1.6363475336876236,0.0,NNW,1.4934555807582934,Aotizhongxin
3031,2013,7,5,6,145.51507021867906,194.56632801524776,15.15989529138518,55.050615086489266,2484.92578219504,21.981261481272135,6.967816389561091,1008.1914725175226,-2.89149191957445,0.0,NNW,2.0141133460109217,Aotizhongxin
3032,2013,7,5,7,141.8598513580157,199.86838409182886,19.85264871140986,69.41413684574032,2462.403146773174,45.39228845740639,7.679420617416014,1008.3396720693662,-2.0779777449373906,0.0,NNW,2.1283654434911297,Aotizhongxin
3033,2013,7,5,8,,191.918935409623,15.354655553328909,66.03640892030666,2479.6210790810887,49.96678791044669,12.846569484560426,1010.4156333711692,5.622967378064821,0.0,NNW,1.9789310437183842,Aotizhongxin
3034,2013,7,5,9,131.98013871813924,196.56085357576433,24.850793823936243,56.26409549088589,2332.8852595816597,44.84211857939675,13.212004490195561,1009.2366520079742,5.503492092396965,0.0,NNW,2.5509632394643167,Aotizhongxin
3035,2013,7,5,10,126.0028721689012,189.51564400249782,11.315430663663252,52.66934395100043,2237.746301428871,42.016243803656295,16.359692590814927,1012.1508244708207,5.397502217932436,0.0,NNW,2.74817736282,Aotizhongxin
3036,2013,7,5,11,120.55493352518762,177.41760675665213,13.893569329520293,53.93952283812367,2006.5307482202306,37.9523527071406,21.385005412553728,1011.1663730019625,12.15197285633536,0.0,NNW,3.0116661525497204,Aotizhongxin
3037,2013,7,5,12,111.42016536868095,159.04957704718086,15.050102601802651,54.52289135801653,1875.1123932410142,60.85807099923388,24.8864167249305,1015.0249965350177,17.35718137328355,0.0,NNW,1.7492016574359703,Aotizhongxin
3038,2013,7,5,13,104.33744909959164,143.7618333710193,12.610505961100042,37.561273417074986,1790.9312448758799,52.9809726803833,22.159218863332157,1015.7075656169918,15.174234167085459,0.0,NNW,2.419093284476271,Aotizhongxin
3039,2013,7,5,14,93.25109019152882,118.63277922622785,9.187563630008245,40.237507944065165,1486.3639118503913,57.61012497362074,23.55312865286756,1016.3435988231058,14.676649823128857,0.0,NNW,2.6718634298242723,Aotizhongxin
3040,2013,7,5,15,86.21144163714821,140.13130710322946,8.59068257558146,35.37946611294585,1480.6944354380805,77.47035424950674,24.340196556386772,1017.1139053774585,16.119011823639227,0.0,NNW,1.9053332545438972,Aotizhongxin
3041,2013,7,5,16,83.88474763756835,109.84191651507015,7.6979107485800915,34.71395026598304,1271.296970292337,74.01294008273082,23.83754618260254,1020.933162373063,14.518518024060608,0.0,NNW,1.4246706439067478,Aotizhongxin
3042,2013,7,5,17,81.51562680630319,120.75834099915286,9.310205784094471,25.995957064166358,1308.223762803679,87.6012412188744,26.56019280856244,1018.9828643087782,20.546078319804735,0.0,NNW,2.114862549644117,Aotizhongxin
3043,2013,7,5,18,78.1472765167195,120.00184284964126,15.855787268552271,17.701395887469136,1206.5302866230998,83.40704397438125,21.275216067333794,1015.3013659907509,13.537098483622808,0.0,NNW,1.5154147747731643,Aotizhongxin
3044,2013,7,5,19,80.0663673452106,106.54010931424152,10.404182758229286,21.981490248618876,1196.9151953641087,78.08179999500061,19.418372128210805,1017.321430234382,10.416839703988686,0.0,NNW,1.4366175249195439,Aotizhongxin
3045,2013,7,5,20,85.92181918289594,130.67067212921393,14.218574449240378,30.42231965056441,1316.1194395917623,64.60148428732131,20.012456660787446,1015.8006934824676,10.27800451252522,0.0,NNW,2.1761071265227026,Aotizhongxin
3046,2013,7,5,21,82.48961274652277,123.12758987852041,12.985395131551687,45.40557940332179,1404.3206489065128,69.14878827136012,15.865014467308953,1019.6644865395286,5.9646834141105,0.0,NNW,1.8493469454217897,Aotizhongxin
3047,2013,7,5,22,93.33911244194279,147.95439577253757,15.841587193946658,31.127843014429764,1546.3701997904675,64.33863509948911,13.89065839839866,1017.0028751191909,8.607990477277156,0.0,NNW,2.140417515783858,Aotizhongxin
3048,2013,7,5,23,99.22952213414284,134.22786632353285,5.306011866706635,46.26191864616876,1746.2320296043013,54.21739939241343,8.640830690466416,1017.3579972747548,0.38056292417374193,2.0212725331354835,NNW,0.7590187453038209,Aotizhongxin
3049,2013,7,6,0,108.69605322017941,139.315834335454,14.086625936555311,42.37554839458592,1941.3554288081793,56.70955704757615,7.13366266337092,1010.4800109435305,-1.465618971896453,0.0,NNW,1.859562296610916,Aotizhongxin
3050,2013,7,6,1,121.24961226783593,164.69455962052518,20.215501494964744,51.0601309491395,2014.372982917803,42.057003960690466,4.780168425637172,1012.9092541315873,-3.5396972961603796,0.0,NNW,0.2,Aotizhongxin
3051,2013,7,6,2,122.99834612583845,174.28622000151714,15.784792531751998,67.12317399410874,2121.1733117611902,45.86257252708785,6.542634056163041,1006.7709420339279,-2.4026806230421927,0.0,NNW,1.1636238602908557,Aotizhongxin
3052,2013,7,6,3,126.37378555172467,177.5054270432651,23.822953400541575,65.25647627509441,2228.5933082073743,44.726442607022875,6.837864811675166,1005.2802014257912,-1.3226509279426988,0.0,NNW,1.9288531588282252,Aotizhongxin
3053,2013,7,6,4,129.98714944615858,178.0476302618765,23.781797480225475,52.39011389376112,2341.347552280643,30.08766536149726,4.441080183337048,1006.8759607161296,-3.5065272112554986,1.6296065955052295,NNW,2.9704980518054653,Aotizhongxin
3054,2013,7,6,5,129.84914803679976,162.6968326617472,18.42223698306295,59.738716335288636,2480.3742408510125,40.10594063695914,5.7933839777992,1010.1951211435461,-2.184110723987518,0.0,NNW,2.429480688933542,Aotizhongxin
3055,2013,7,6,6,137.81111955147497,197.64039733335602,18.49050944286093,75.04977075553087,2530.5070539451367,21.386421287522964,7.448197090576538,1005.0147699180922,-2.445699607438144,0.0,NNW,2.0722214945742605,Aotizhongxin
3056,2013,7,6,7,133.36180596483985,206.42997314159777,16.788811604381934,,2426.0133995882243,24.730080358810387,7.6791640100827365,1007.1367471749081,1.0178104801550267,0.0,NNW,1.698604022513165,Aotizhongxin
3057,2013,7,6,8,128.14260617175353,184.04216102168496,17.441344323330803,,2370.9958813566623,37.21719192914134,11.401076432335312,1010.0475587174896,2.571637282624462,0.0,NNW,1.7995260309974015,Aotizhongxin
3058,2013,7,6,9,124.19260362022868,179.96100025885528,14.837766713425992,52.59051606394118,,49.1927413892227,16.159899322145403,1010.1572924163859,7.1719043013291826,0.0,NNW,3.0446233583036317,Aotizhongxin
3059,2013,7,6,10,113.17080208032792,164.16357597401012,18.78643354129902,60.627948181689376,2200.766959191579,56.173995414892666,16.275062694357565,1013.9323731574257,7.219323669558752,0.0,NNW,1.1149211230636413,Aotizhongxin
3060,2013,7,6,11,104.35265058637846,150.06417751975383,11.925955745473306,58.13166315179146,1951.3180394041765,69.65343009401256,20.139472793307483,1010.7126487589071,10.560765253610837,0.0,NNW,1.4195693915507683,Aotizhongxin
3061,2013,7,6,12,97.85789227830355,146.3177088583059,16.811199048570664,45.142842411857394,1649.8990790240584,56.2341112518249,20.10903935016924,1011.1167409107387,12.510735848100209,0.0,NNW,2.853404327893716,Aotizhongxin
3062,2013,7,6,13,88.76187930769787,,15.590140865188141,59.6261295054384,1621.4317711585734,65.19546294077998,23.444252671151084,1011.1051330633546,16.786725629661085,0.31079435883900175,NNW,1.7248582826386032,Aotizhongxin
3063,2013,7,6,14,81.1529032251737,110.48729281871042,7.516386784448234,41.59321890764512,1495.960632278457,62.17324470982013,23.814276531011668,1013.7640001197652,14.729792703060948,0.0,NNW,3.5512687888854604,Aotizhongxin
3064,2013,7,6,15,72.8223713397838,93.99143077560977,16.11392191305228,28.910015819205853,1310.9678740364554,65.14000620975344,23.167492774324348,1013.328335987561,12.40280409625169,0.0,NNW,2.5525599071778835,Aotizhongxin
3065,2013,7,6,16,61.996931425124,84.30596744236685,12.210700864323472,21.153843539516476,1185.8910358239557,83.9363559578862,25.84483740712335,1012.737236459103,16.304165510710714,0.0,NNW,2.9239656506724576,Aotizhongxin
3066,2013,7,6,17,60.286291595342036,87.5421031979855,12.419464932889266,17.882409037106303,1113.7732709701284,76.38943066276428,24.930195079645916,1020.7564142941295,16.257766155704836,0.0,NNW,0.6994979833579247,Aotizhongxin
3067,2013,7,6,18,66.28379867060306,89.63648852761455,7.724004395371683,27.683370563842956,1068.5381184907312,97.3237920001729,20.616759743511512,1017.0978135985508,10.769606776364633,0.0,NNW,2.847541298226366,Aotizhongxin
3068,2013,7,6,19,67.37963040506479,97.474869398405,12.037508223974013,21.771267114911375,1108.3547910567179,69.5242883385528,19.67572480370941,1022.0125628739036,10.777627270206304,0.0,NNW,1.3204882534008648,Aotizhongxin
3069,2013,7,6,20,71.27769954919387,104.18028070587559,14.049053330244003,41.06944195617863,1207.7538255232678,86.51416715285792,17.654668475633883,1014.6515501455773,8.827378239212782,0.0,NNW,2.5726116561931613,Aotizhongxin
3070,2013,7,6,21,78.81614924759805,118.67440325933907,11.16864089705323,42.588358799611925,1400.957220418083,67.6202771414934,12.277857319308229,1014.6779166885248,4.254622286132838,0.0,NNW,1.7090389594695625,Aotizhongxin
3071,2013,7,6,22,79.95203069700766,124.76079266420052,18.50576737774508,40.06453237997781,1401.32204216003,64.29551533227918,10.316170459383745,1012.9492619764858,0.1337387600053077,0.0,NNW,2.178242734848426,Aotizhongxin
3072,2013,7,6,23,93.99751797645042,132.37659935181918,13.838098679226205,30.391649714294402,1671.2476574289772,71.86159678008336,11.929426654550175,1012.012583095527,4.799596714038634,0.0,NNW,1.1150157746771159,Aotizhongxin
3073,2013,7,7,0,102.5714045152173,,18.422357401357424,39.622249019580764,1835.7558658177982,53.241195638920914,6.331241843380669,1013.7472074884189,0.8226500714303531,0.0,NNW,0.623535680612979,Aotizhongxin
3074,2013,7,7,1,116.86340346464938,160.1577238823172,17.173121647288568,60.22180110797922,2117.7447090121595,48.371683197237985,8.227020624533157,1011.8385527070161,2.3706964327533093,0.0,NNW,2.1204451443674404,Aotizhongxin
3075,2013,7,7,2,121.16670012947782,170.07400585533492,19.256564598570602,50.49547040163918,2167.2496121293516,39.37841636448431,3.322621225534321,1011.2508188508356,-5.553444995413066,0.0,NNW,1.7649600860541526,Aotizhongxin
3076,2013,7,7,3,134.65215125530557,170.15532419565687,13.521537103028422,68.11926949508714,2272.3220016032506,60.17262838647073,5.988241665710604,1011.1490092783711,-1.0087755925518567,0.0,NNW,1.2849635013208642,Aotizhongxin
3077,2013,7,7,4,142.5203319093814,213.4151098741588,20.443288233568282,66.11733945996686,2518.916340033665,32.17450179458894,4.873787075843814,1009.8845830694128,-2.3008322153031693,1.2840329372418071,NNW,0.6543600095938567,Aotizhongxin
3078,2013,7,7,5,147.72950492792972,208.24508602420627,17.624703827673542,64.73225960428687,2675.109130520765,36.36737651710092,6.083596558424064,1005.1533913796707,-1.9816911859697823,0.0,NNW,0.2,Aotizhongxin
3079,2013,7,7,6,149.68782795667028,213.3764874851412,17.460805082666937,59.377337496516475,2633.121790896685,32.98086399718926,10.712836058435471,1005.952362872662,2.9783445201981564,0.0,NNW,2.4188473846280827,Aotizhongxin
3080,2013,7,7,7,147.67148827304453,220.395348207525,25.061938684843277,63.56456577758335,2528.359157109463,38.0660249600159,8.118720048521977,1007.413336488698,1.143285743810543,0.0,NNW,1.7959481437814981,Aotizhongxin
3081,2013,7,7,8,149.47660223180117,202.96581482309816,18.68881627473515,63.83769171468796,2488.1256854092367,32.20199543572968,13.304006843366398,1015.1255396706042,6.62907054992656,0.0,NNW,1.5169080226846612,Aotizhongxin
3082,2013,7,7,9,145.2704830332566,209.11909555539953,15.525628413006249,67.40244681013992,2397.3581350653017,40.31415812491981,15.830234495336732,1010.00926637833,6.612726100234142,0.0,NNW,2.1702492038771974,Aotizhongxin
3083,2013,7,7,10,131.18900078331154,182.5659598656168,16.422605115673377,47.91411519492996,2349.6776002855945,51.43952008993935,22.620050534774773,1009.7133776168135,15.741587619748797,0.0,NNW,2.811523408236971,Aotizhongxin
3084,2013,7,7,11,119.48482628955914,165.4378881352236,12.392744538746864,48.073846161841495,2043.03985633141,44.89945249240706,18.38430376965217,1012.052454217979,12.883997554880338,0.0,NNW,2.2156532215365106,Aotizhongxin
3085,2013,7,7,12,110.97687192771252,147.64569682075373,19.30165340458881,45.35858505545828,,,21.13209062161032,1010.7937718911783,14.45536308463663,0.0,NNW,1.6454967814216959,Aotizhongxin
3086,2013,7,7,13,104.45229650729912,162.88924724708403,11.61886254198785,45.1250459594389,1724.1689218110232,78.32528131797935,24.884137466593216,1013.8189462475171,19.188831839528007,0.0,NNW,3.7059907960933502,Aotizhongxin
3087,2013,7,7,14,96.99051390477518,132.03171906592954,14.087899801831009,27.732285299817793,1560.0787588079163,78.56492626158739,24.358862474087886,1016.4093243696201,12.483583438820334,0.0,NNW,1.491397854008021,Aotizhongxin
3088,2013,7,7,15,,140.90911354865176,15.53278623669824,20.325306033171337,1560.7653545415837,78.37643336562851,24.305423564902377,1015.4775425368501,17.198987158844517,0.0,NNW,0.8722952741932208,Aotizhongxin
3089,2013,7,7,16,83.08122749426218,97.56364461724768,9.169414937433618,33.07121313799163,,51.7446206125656,26.09552549537543,1014.8170205108279,18.491902400237738,0.0,NNW,2.0798525101756846,Aotizhongxin
3090,2013,7,7,17,80.65856656514391,124.72187848809934,11.766438165373017,13.537890554645008,1317.9303635885465,88.39105698377134,23.260401383388807,1016.673881026086,16.801028429224157,0.0,NNW,1.7955513714318523,Aotizhongxin
3091,2013,7,7,18,72.36442445226737,111.8323057927449,6.90974183528671,35.27983771809735,1185.0200004406931,81.08669594771136,20.73327920629335,1016.3608467828076,11.044839969925746,0.0,NNW,2.757675394620863,Aotizhongxin
3092,2013,7,7,19,76.42549884553198,107.9700394867178,17.507679575895708,24.434074694355367,1285.384985920013,81.68540154305131,21.089315232142972,1014.1153742921035,12.330103594485395,0.5052233300841751,NNW,1.57896904714009,Aotizhongxin
3093,2013,7,7,20,79.04467666290287,108.39312266668477,13.479013384927674,15.299243266115658,1365.0782039761502,62.6768617893828,18.151122463067,1015.187022698537,11.501927562537972,0.0,NNW,1.8678768747614536,Aotizhongxin
3094,2013,7,7,21,85.49067522893608,123.68694537664616,10.886646777784843,27.014502621041093,1405.3225710525244,82.61355438840562,14.530730106591037,1012.7499083332718,4.941227270404289,0.0,NNW,1.3073857990072542,Aotizhongxin
3095,2013,7,7,22,88.24834682217345,146.43559215984573,10.181498807333107,38.03298906455389,1490.233594097429,58.014189531730466,11.87135727083476,1012.026410219008,4.234828657011832,0.0,NNW,2.646126817541805,Aotizhongxin
3096,2013,7,7,23,100.60163519572883,123.2099222849855,13.363915115968513,35.562010397509745,1704.5944051180772,67.65472158747698,8.627640092589159,1011.0122062497796,0.6022322182308357,0.0,NNW,2.1148559985472155,Aotizhongxin
3097,2013,7,8,0,112.53310520503987,165.3666211627971,13.980048832945442,45.16023799059478,1895.5263080400623,69.04657481909841,9.016577470807537,1013.9069025964517,0.7226814705085162,0.0,NNW,1.7798521898063324,Aotizhongxin
3098,2013,7,8,1,122.63185377016306,162.56842225668925,22.152928887511123,56.09700782769271,2001.7341254153762,48.83624205926146,5.79958423627405,1013.6842349012064,-1.3413678005806149,0.0,NNW,1.8800077071207306,Aotizhongxin
3099,2013,7,8,2,129.34921342963366,180.8897148384898,13.823395833355294,53.38247731689904,2312.417726126323,59.66051725228441,4.185972881748812,1006.4278406459235,-5.487278299320238,0.0,NNW,1.9829516006745025,Aotizhongxin
3100,2013,7,8,3,137.88184600641063,190.55578321818822,18.93993817580335,51.64567421200188,2398.1867313949633,34.85242668826451,3.071667249212218,1011.6248334266162,-6.098507923232971,0.0,NNW,0.8501112339306565,Aotizhongxin
3101,2013,7,8,4,139.82183441239795,191.46738559937955,19.27511281902106,59.928636096714044,2406.829877560406,44.353695672699054,5.928973273972571,1005.4166846351567,-2.2798999191978693,0.0,NNW,2.930166705260116,Aotizhongxin
3102,2013,7,8,5,146.24106972361966,204.63284632254022,19.47739823041073,75.63723761745544,2452.9227222946643,22.80399682818802,5.576871493786118,1008.6641310564994,-4.224902053970252,0.0,NNW,2.8832226493921813,Aotizhongxin
3103,2013,7,8,6,153.86121851224328,204.06399446436268,19.674150035184972,78.48051476266548,2514.5097864514287,45.31130434680524,4.909919217150917,1007.5171171415326,-1.2436980793495196,0.0,NNW,2.032544311522139,Aotizhongxin
3104,2013,7,8,7,157.12143554083207,230.26181411844456,19.48141670108389,48.15910713424316,2681.865836676659,44.61175816856619,8.19509681553393,1008.4420739579804,-1.0030538906111341,0.0,NNW,1.9470476422993954,Aotizhongxin
3105,2013,7,8,8,151.20601298646358,193.746983069063,21.949325217918492,71.04873134922059,2525.1093869851293,43.03294413502633,12.061414145486319,1005.3383868754559,5.24090854554766,0.05864161377257032,NNW,1.2026735895160674,Aotizhongxin
3106,2013,7,8,9,147.88412357761928,212.4354181369504,20.362487245410044,61.1433173520138,2443.1706676903163,38.3894891041982,14.691693502624249,1004.839751528723,5.378438542203276,0.0,NNW,3.381867969879763,Aotizhongxin
3107,2013,7,8,10,136.49835396698825,187.83233702843782,18.756734834118358,62.3918614329612,2316.3945449628472,33.47999376571888,17.22287707546923,1007.8941831797349,10.279172884683359,0.0,NNW,3.1883636520006764,Aotizhongxin
3108,2013,7,8,11,131.55248656476658,172.46423225259866,7.192127139076799,45.772474819909384,2130.145102754052,49.6231207202424,19.425865832648658,1011.5596420744088,9.012592820978314,0.0,NNW,2.3155157867267087,Aotizhongxin
3109,2013,7,8,12,125.59032886314111,177.8502941143845,15.899384622489492,30.85389192398811,2032.0488517078045,71.10307175748123,19.857287227760857,1015.9138083509717,13.97021032932762,0.0,NNW,2.6560384693372856,Aotizhongxin
3110,2013,7,8,13,110.34649215193683,138.91557814564675,8.738986693977148,44.49952940712927,1784.0075223933222,67.77009484325417,22.34843125162081,1011.2346480301404,16.05113075928076,0.0,NNW,2.984384774312949,Aotizhongxin
3111,2013,7,8,14,98.46392812936301,138.24663759830457,14.438960489407478,27.47218190973827,1583.5049458774422,56.9696307048755,26.43492374261683,1014.3023250267033,17.606048480433003,0.0,NNW,2.8219760439366217,Aotizhongxin
3112,2013,7,8,15,91.11816910679154,113.3366676713926,15.887958196778808,19.75152492439024,1367.4651200951391,66.43039313546426,26.5543421902796,1014.0373755089136,17.315881242163897,0.0,NNW,1.3150440228411193,Aotizhongxin
3113,2013,7,8,16,85.14717144029152,123.81876085958642,7.891155643312155,17.132280864523498,1293.7806421866137,94.18214910313375,25.52618593640676,1016.2956746533695,18.21288970515694,0.0,NNW,1.7510988076620138,Aotizhongxin
3114,2013,7,8,17,77.3122510234774,98.9935780965646,9.385028701526538,30.48879373354131,1262.2544459515352,89.02727317850557,24.394507943905392,1012.968058409386,14.10534861119977,0.0,NNW,2.374545748751573,Aotizhongxin
3115,2013,7,8,18,77.84594072955821,104.4743768510884,8.201932884841009,26.11561972823358,1188.666435093263,72.65999879260072,23.428201673963713,1019.9960866707798,15.48032980415509,0.0,NNW,2.162659945846761,Aotizhongxin
3116,2013,7,8,19,79.87406037664822,114.76317840673912,13.87666619582506,31.941211649216022,1312.890630286783,66.48983069548078,18.31880789376185,1016.877701288018,9.10742524138509,0.0,NNW,2.6024472552157416,Aotizhongxin
3117,2013,7,8,20,82.09399652387305,107.20617401499989,10.954956636894027,33.03209396028215,1427.661876876879,75.4002137486103,17.637583001160632,1018.1644583468944,9.25611782824367,0.0,NNW,2.5149803223937783,Aotizhongxin
3118,2013,7,8,21,83.83838920117631,116.7941048849638,16.649454235766264,27.49039585959892,1420.6836661768575,59.16408244976449,13.319599274029562,1015.0711298591946,4.353826117419059,0.0,NNW,2.1975770626118547,Aotizhongxin
3119,2013,7,8,22,94.24642114243896,116.80668458696599,13.741262608842161,34.43621140898035,1628.6129637077693,70.94165509993,10.757437844326883,1014.8812561522539,1.5598848949862107,0.0,NNW,0.2,Aotizhongxin
3120,2013,7,8,23,108.10347824171653,157.6536255743647,14.43325531639485,35.73211886768925,1797.336569807527,90.98672984592608,10.552097406620415,1015.5518402108061,5.109288643057294,0.0,NNW,2.938269022632665,Aotizhongxin
3121,2013,7,9,0,113.93380365940601,177.15646317867612,15.20462034780851,43.31737781707607,1884.7573281416387,44.03043924300828,9.349057846838338,1012.2634336461884,2.5198730718437963,0.0,NNW,2.6712286525991695,Aotizhongxin
3122,2013,7,9,1,119.24970734386234,194.87167896050687,18.74807152328461,42.43834299820188,2067.532860032278,51.66926724037483,6.048972260521806,1011.0413174227183,-4.170822212736413,0.0,NNW,3.655371303135505,Aotizhongxin
3123,2013,7,9,2,128.44996665243468,180.74163478007293,12.28694140526397,58.12387435099468,2328.2657805243493,,7.81424238542357,1007.912117914749,-1.4994777217275432,0.0,NNW,1.6180019315427359,Aotizhongxin
3124,2013,7,9,3,133.2310525690432,194.4055150046323,18.791565772494266,67.743101615585,2322.5134458955918,49.81320905333726,5.317676490568305,1007.395618970709,-1.3961499654293266,0.0,NNW,0.5256750960718715,Aotizhongxin
3125,2013,7,9,4,137.44102244432696,174.61117469298284,19.119987687738295,55.78760383712088,2393.971976124488,36.861957757397654,4.17556343848455,1005.6442417053959,-2.371406295808688,0.0,NNW,1.8556413277121042,Aotizhongxin
3126,2013,7,9,5,143.3966477263645,215.78265007996617,22.00588561291864,74.5686736889921,2476.83379117078,34.38836764109132,4.709653134345107,1005.6943356915953,-5.367970909134162,0.0,NNW,2.3653442711018537,Aotizhongxin
3127,2013,7,9,6,136.7814485876633,199.25631306996968,19.43689518237789,65.90817197182353,2483.375119509629,23.440902175754207,9.456129414411599,1009.5024582209284,2.5040366874485542,0.0,NNW,1.646368910512408,Aotizhongxin
3128,2013,7,9,7,141.032432675746,192.60607129653206,16.71342582895733,66.24714833702787,2464.456187489442,33.17529664271776,10.192688673609723,1010.7875894885689,2.5902323478092564,0.0,NNW,3.0974349344737018,Aotizhongxin
3129,2013,7,9,8,138.3261420979245,206.0284069399844,19.352179043681293,48.72507191882863,2536.7202696690333,40.78377204779033,13.425880616229016,1005.175323211819,2.5133756686306126,0.0,NNW,1.4718884119349478,Aotizhongxin
3130,2013,7,9,9,131.91261084173902,182.13289441198123,15.287012319327708,44.684037147205075,2348.9614259380955,53.37346590307721,11.013055109320138,1009.2548096641408,2.4082585317301746,0.0,NNW,1.9192917412292139,Aotizhongxin
3131,2013,7,9,10,,170.899207274814,11.724213362237544,56.15293090223746,2251.32608180208,41.298243764852444,17.955198502545613,1008.8646172195992,9.75095352801986,0.0,NNW,1.8032080582718841,Aotizhongxin
3132,2013,7,9,11,117.95675956241452,169.89281264165524,18.475462669969087,56.49423789910648,2032.2484250113398,51.63117259180235,19.232338717255644,1013.499841907919,11.305076425306666,0.0,NNW,4.219449167424077,Aotizhongxin
3133,2013,7,9,12,103.26738299555922,133.9407911954797,16.737184718084013,39.62895645084038,1769.1292040766677,50.50786519243317,19.98042850799018,1012.2697204363558,9.999554327010145,0.0,NNW,1.2751378719059523,Aotizhongxin
3134,2013,7,9,13,101.48256455229652,152.29183801721462,15.107177606468118,53.1843703026143,1642.8632011057002,68.72372792296807,23.566230523421748,1013.2791438160309,14.421707267144688,0.0,NNW,2.466985176949471,Aotizhongxin
3135,2013,7,9,14,94.4124384344546,121.61751568896798,16.408785265837434,40.87948779403453,1509.8999203667308,80.33779450308964,26.296978563372363,1013.0104613756805,17.362562955399742,0.0,NNW,1.0390339958720272,Aotizhongxin
3136,2013,7,9,15,89.97124352064766,115.45919303067485,9.469370423155489,23.591134362605175,1454.3035103918983,83.97414966396262,28.399342429629577,1012.4719738277479,19.59582885463995,0.0,NNW,2.2743717987582284,Aotizhongxin
3137,2013,7,9,16,89.0098839250071,115.51693961092658,6.376530552764042,27.926281260739287,1391.6630564746788,69.94876434018741,25.022486873874445,1017.8520039844212,16.24399070299522,0.0,NNW,1.2364262559537602,Aotizhongxin
3138,2013,7,9,17,81.92822141962704,122.29451036263906,9.960281538130525,45.49691654400593,1299.2152444943233,85.61677775179085,22.596534152902105,1017.5355862809482,14.39758478653038,0.0,NNW,2.8799556521927783,Aotizhongxin
3139,2013,7,9,18,82.79988380444001,109.75208371101894,8.957499100882268,15.059487977602355,1187.9654362464273,,20.916813977087774,1017.7548882810408,13.3812688997534,0.0,NNW,2.726502892654119,Aotizhongxin
3140,2013,7,9,19,82.7515446521728,102.37220466937022,,29.907642985539475,1275.6215674068417,94.25864581375504,21.4446985430978,1015.6309749261281,16.10603712986967,0.0,NNW,2.2172162051444375,Aotizhongxin
3141,2013,7,9,20,89.13564042817768,118.73309660009076,10.430325520614419,25.09753550252449,1315.3718703670265,80.03750786687559,16.09287927229587,1016.0385901279021,9.39921240261572,0.0,NNW,0.8868564224601727,Aotizhongxin
3142,2013,7,9,21,85.39428942470846,119.23158148778697,9.629650655453508,36.513034703617144,1420.384901302275,62.482536147252844,15.933641069291646,1017.11767587816,9.908936153556276,0.0,NNW,1.9574365581849122,Aotizhongxin
3143,2013,7,9,22,91.21111565933982,115.88583708643189,6.991984149929505,45.13818917054705,1553.6427780495908,70.30197294392268,12.852331333914218,1016.4642252594622,4.131197806378694,0.0,NNW,1.7566898372171291,Aotizhongxin
3144,2013,7,9,23,96.03526168312835,122.93255526603626,12.38237470210611,36.73372238825863,1606.1458230726962,71.05520181955185,10.274652087824322,1010.9371519936756,0.7687673624599269,0.0,NNW,2.6643142913978317,Aotizhongxin
3145,2013,7,10,0,105.52888483874062,168.85340211523268,11.590874499888429,53.95129817365739,1892.6325590697425,62.440060631428,5.576754303313336,1010.7333038589973,-1.2211077833656656,0.0,NNW,1.2780092697282321,Aotizhongxin
3146,2013,7,10,1,115.17363294128906,152.63743207966579,16.989039440345373,67.9460080562261,2141.8578286477327,48.41156373591718,5.804308658816126,1007.9261379303431,-2.2200077510110146,0.0,NNW,2.924049184921957,Aotizhongxin
3147,2013,7,10,2,119.57855800892531,164.17955752476536,15.531895725278035,55.530197898753876,2198.3702509506356,41.64726610128854,3.153505050072898,1009.9025288251868,-3.7510182497327973,0.0,NNW,2.77390965452275,Aotizhongxin
3148,2013,7,10,3,122.94306598781759,168.44792237495176,21.870428328355892,65.42124512368443,2258.2455383996044,32.44728648817315,4.117628898024852,1010.2331427182737,-5.205821438852711,2.9876772482859932,NNW,0.9004792579967842,Aotizhongxin
3149,2013,7,10,4,127.26796319152498,173.96158039043056,24.14172522072579,57.596981914062575,2348.7265818854885,34.401868702035976,6.716449729390085,1007.112441946979,-0.3106846224584515,0.0,NNW,1.8243175356379915,Aotizhongxin
3150,2013,7,10,5,126.67840695740303,183.56323714005524,21.867773250481058,64.47259099803107,2389.344387091226,27.295064677515267,8.186332817188962,1005.8446576065552,-0.07654141242587548,0.0,NNW,1.9589316240968988,Aotizhongxin
3151,2013,7,10,6,131.0685669505395,192.97742323547578,15.34692145405004,63.58659925833406,2410.5118432654654,44.70085986177315,8.249855162370853,1006.3293962923894,-0.44149631433155123,0.0,NNW,2.8047582874877874,Aotizhongxin
3152,2013,7,10,7,128.56951293742173,176.9377737970745,24.34521712808246,70.69400393105013,2427.5463443476037,26.84048043545713,9.144489231349022,1011.7829974985076,0.5943555828740044,0.0,NNW,1.4505434614956663,Aotizhongxin
3153,2013,7,10,8,113.94454738499627,147.15758347307127,,71.95791556174419,2201.0434110360306,39.57220952901104,14.79395854751542,1010.0537291809248,7.529608673387235,0.0,NNW,2.1660833354141564,Aotizhongxin
3154,2013,7,10,9,107.6777004805723,163.49318295129024,18.59190543985656,58.26489683079128,2049.7794269893025,42.86536950359964,14.12461404936573,1009.9264604395265,7.285826023882315,0.0,NNW,2.879246814947489,Aotizhongxin
3155,2013,7,10,10,97.3103217616,135.28103955427318,21.468778481006595,67.26898276586338,1989.4626581834773,56.95667447884911,15.8846607133117,1010.1401357911653,7.3350394767304135,0.0,NNW,2.201015450342928,Aotizhongxin
3156,2013,7,10,11,83.54978985283181,134.2729239425362,14.639069811372572,62.41676043454345,1772.9875901524542,64.42320676202068,21.044724451875176,1010.6804218452493,13.56118919451017,0.0,NNW,0.5141432439073734,Aotizhongxin
3157,2013,7,10,12,170.8355119468659,216.7138577499606,9.401262195451231,51.77482994543921,2338.1255947530676,66.95969943281328,22.757668875720036,1010.1867356718093,15.268893467219803,0.0,NNW,1.6043834226129976,Aotizhongxin
3158,2013,7,10,13,163.50857448112214,230.86603648640417,11.425051458622615,35.69540684417576,2140.4061466774506,69.99975956046431,22.846390171455624,1011.1707143768965,15.953895461503064,0.0,NNW,2.7233859231255098,Aotizhongxin
3159,2013,7,10,14,61.58770914719066,105.408856144829,17.687902598134272,30.105369466080784,1307.1888745232272,62.013538539059425,24.80959610724503,1013.3641786469735,18.28996889716976,0.0,NNW,2.6235003749325334,Aotizhongxin
3160,2013,7,10,15,56.627243607054154,75.74549969549423,6.991226323232843,24.35881353874875,1120.666484453292,66.9889686522811,25.66323998327766,1013.6279741463287,20.380072064186727,0.0,NNW,0.20048746412419582,Aotizhongxin
3161,2013,7,10,16,49.433671376254445,66.95220569340985,10.668436826872291,35.27282048621652,1042.1119919529933,73.19372689696146,24.964776524468405,1015.1145010948825,16.267020944683885,0.0,NNW,2.160590232488125,Aotizhongxin
3162,2013,7,10,17,48.26027548179836,70.51950259042108,10.272802548575296,,1087.9604660450818,91.66735565350587,24.34866247029126,1016.6258378792062,18.538677319781538,0.0,NNW,2.7568036485456124,Aotizhongxin
3163,2013,7,10,18,45.40168902959442,57.97440645258261,8.461077268096565,30.414701232888056,995.7730007155246,85.73329928250637,21.312495519525513,1016.9493968228741,13.488107082117523,0.0,NNW,2.431139590527775,Aotizhongxin
3164,2013,7,10,19,143.64551276426982,197.98299854945043,8.839806069043313,17.032608691625725,1694.3371384794464,92.83471806458233,20.7893675663594,1015.5888665806764,11.14716575824185,0.0,NNW,2.5228599973963366,Aotizhongxin
3165,2013,7,10,20,142.0250747664768,195.45695373115345,10.886620383786415,34.267860883047014,1726.0478580674237,91.6786624378118,17.614527207400133,1017.3205461282026,8.638800478329225,0.0,NNW,3.6498531363958726,Aotizhongxin
3166,2013,7,10,21,139.78531821740665,189.42523816010555,9.77797906826308,30.99562103811353,1843.0307879018221,70.41815052667121,14.292284217695471,1015.157521161636,6.991224398019791,0.0,NNW,1.9652374883342425,Aotizhongxin
3167,2013,7,10,22,144.4388268267653,214.502923059477,8.233824508496205,45.669108494878614,1886.744580511171,72.82074327557189,12.04298240562488,1014.9293972623564,5.128623473513091,0.0,NNW,2.2438212360853167,Aotizhongxin
3168,2013,7,10,23,152.30646943337018,217.8398375296826,14.35100060331776,48.95525572451974,2014.8378633642383,66.34053934072715,9.853147246113377,1011.8049144556454,0.32874546102163227,0.0,NNW,1.2484035907563213,Aotizhongxin
3169,2013,7,11,0,159.68454610638628,226.06464686997379,18.220099747334917,56.48052329601689,2304.0949694159262,56.72212310375785,5.760864682542606,1013.38574510902,-3.384961702384738,0.0,NNW,1.4922631016317305,Aotizhongxin
3170,2013,7,11,1,165.78524974767248,240.1850597156426,18.902812781472868,61.86293064836332,2445.8564037384317,48.181095327189865,5.38475709230072,1009.6362125739843,-3.414917892987649,0.0,NNW,1.734420609712346,Aotizhongxin
3171,2013,7,11,2,169.23769415180976,234.28921348049897,15.070793597830566,56.14904667190558,2576.431469778435,59.34755503411057,5.438100010498496,1012.7171084734773,-3.8569520223485996,0.0,NNW,2.6797805254758256,Aotizhongxin
3172,2013,7,11,3,177.88388235414607,241.29539711227545,14.78185015979971,49.871791092334114,2719.0655303986828,42.84204773749132,2.9735134469167215,1008.0144833858849,-7.8466140384545096,0.0,NNW,1.401912976357539,Aotizhongxin
3173,2013,7,11,4,177.38291335229644,242.30983564706943,18.477563372457855,53.90032363570974,2762.207932748527,38.48081279098672,4.410856244387446,1007.4805048580887,-6.918114325057512,0.0,NNW,2.98769847168136,Aotizhongxin
3174,2013,7,11,5,183.48403768280923,256.895483166979,24.533003660832332,47.62372829125386,2821.133204594268,27.824077594087335,9.916713429713422,1008.3575478412391,1.3440027564658643,0.0,NNW,1.1254670146033257,Aotizhongxin
3175,2013,7,11,6,180.49739481843028,242.10423566207336,21.936794236878637,56.33067333257525,2869.785906851839,41.752124304135044,6.235044640902734,1008.62370038691,-1.3868364246577165,0.0,NNW,2.51168392233738,Aotizhongxin
3176,2013,7,11,7,176.46542865769015,242.04898995489947,21.94152316182804,64.86910578741856,2874.587934197406,25.80077933439314,9.424279131024356,1009.0095582289373,2.407657541162332,0.0,NNW,2.4416532471279333,Aotizhongxin
3177,2013,7,11,8,167.60127522008855,229.4806188894096,21.999697874278677,57.84327462908748,2662.1589129023114,42.898420193835854,11.161233631181696,1011.2210490471057,1.11773252022003,0.0,NNW,2.205982469857311,Aotizhongxin
3178,2013,7,11,9,160.82810795460927,246.4049134347431,19.797833593488498,57.70105078845214,2518.4305656010783,47.144624070887936,14.824694994069995,1009.7882371408753,4.806686317980947,0.0,NNW,2.7877109272375957,Aotizhongxin
3179,2013,7,11,10,158.51615435292473,194.18446669475546,17.861825642840735,58.94172335569121,2411.373263852836,43.37484950676431,16.365812936322737,1009.3660270223106,7.573920031666202,0.0,NNW,1.405966905196633,Aotizhongxin
3180,2013,7,11,11,153.34323805977618,212.88433606963034,18.28101591545651,47.74385883752436,2286.9370108525322,56.706044684268775,19.63513531506135,1009.6466129436837,11.64014899439421,0.0,NNW,1.6270986377115193,Aotizhongxin
3181,2013,7,11,12,149.49235515481274,226.54623514488554,13.36150168734594,36.02536959669933,2206.0687674623055,61.85669559044487,20.993247259140634,1011.7323434336006,14.506419659735831,0.0,NNW,1.2293174334609573,Aotizhongxin
3182,2013,7,11,13,143.81635398547286,202.56134022098652,9.462515740388433,39.39774975744213,1940.0218356650967,66.07686987946153,25.242945762399124,1016.2621282063703,18.319528866184452,0.0,NNW,2.0072096034396587,Aotizhongxin
3183,2013,7,11,14,132.16624602442698,192.56691916840867,14.668990803872973,27.812076105817248,1879.2884894170322,72.62943980145232,24.781713819470003,1011.7260673939553,16.22997156274941,0.0,NNW,1.9040463304826583,Aotizhongxin
3184,2013,7,11,15,124.62988569152033,175.4801031191261,15.17768041131494,28.691572400436552,1746.3920235723517,78.29548776159889,23.49554101455517,1013.8975176730146,16.035773971481817,0.0,NNW,2.685164046801611,Aotizhongxin
3185,2013,7,11,16,116.74153049711373,156.76480888379442,7.315177163009713,38.421707639695256,1497.6181644659905,82.94975182133145,25.92045304863972,1015.8921535318551,16.655144189944465,0.0,NNW,2.3094493524634663,Aotizhongxin
3186,2013,7,11,17,119.066817438131,144.27438506829427,12.63613531580236,23.51744104144924,1517.205187175541,84.75056597066377,22.22285411379922,1015.1649981923518,14.334372747273953,0.0,NNW,2.5515338595087815,Aotizhongxin
3187,2013,7,11,18,113.2574376410978,160.61496956789992,15.04229714016457,39.167660426781964,1510.0435501210532,73.96135809787859,19.724947528498,1016.1824560303157,11.631312588947685,0.0,NNW,1.8422967214513042,Aotizhongxin
3188,2013,7,11,19,117.8544536099822,157.24016900795118,10.163632263283295,,1549.2918118490106,82.62603614717065,19.99543626885079,1020.4420982081384,14.101889703592771,0.0,NNW,2.3245395799293336,Aotizhongxin
3189,2013,7,11,20,124.42328176555617,166.1892404101256,8.215866426852568,23.045049455678885,1674.9579660241034,84.30012110657968,20.449087087535176,1015.7339409396623,13.189419713273363,0.0,NNW,3.450188333990328,Aotizhongxin
3190,2013,7,11,21,136.50932125035723,186.12317719070901,11.83352211464753,21.96887424494284,1802.1750164524206,78.6505568150566,12.25850380662617,1016.3588310362586,3.1023262376221155,0.0,NNW,0.9235663329041208,Aotizhongxin
3191,2013,7,11,22,141.08377831543567,214.96590370784486,10.848398095397894,34.579566704638445,1991.9087028622334,82.0375025939514,10.415327666621147,1011.1836063000085,1.2744954279021246,0.0,NNW,0.5287245819125841,Aotizhongxin
3192,2013,7,11,23,151.16849560068067,235.68426926349264,11.855714444618187,49.05024120512468,2089.7618768122525,72.6713420225576,11.12878849474127,1011.0892206868757,2.6291511953990705,0.0,NNW,2.5095304179457654,Aotizhongxin
3193,2013,7,12,0,168.0596742999117,237.45562339516036,16.299552201814627,41.07847275017049,2295.325745063306,51.29590464946864,6.965450088716584,1013.865367219244,-3.3812489179480316,0.0,NNW,1.3211658131484199,Aotizhongxin
3194,2013,7,12,1,173.3536789452525,238.04747828423623,11.482906800422917,57.441103288147524,2437.1849562899406,51.86325279189303,7.257668813025427,1014.0419616515771,-1.0873617541947573,0.0,NNW,0.8946149748960166,Aotizhongxin
3195,2013,7,12,2,174.44894660204744,232.45626106835428,13.168213232523318,64.66751991308871,2632.364998280464,44.38663346552812,4.084508376696396,1009.942821194577,-4.130980437776148,0.0,NNW,2.427126231877147,Aotizhongxin
3196,2013,7,12,3,173.1421099020128,247.0843554782786,18.593406547054567,52.94993042083011,2669.460648788567,42.27884560406447,5.212943266113765,1007.8524335752879,-2.0872664154366776,0.0,NNW,1.1964990798838975,Aotizhongxin
3197,2013,7,12,4,180.76051669539487,270.89377937420426,19.263201402184897,56.91209936938007,2824.180090113194,38.31955090700204,7.95745262518755,1008.6621962428554,0.8756406534108261,0.0,NNW,3.2312448680801653,Aotizhongxin
3198,2013,7,12,5,176.22492853829942,244.24149608336762,20.86029286256515,70.01981278279742,2826.825883783482,41.967071035171784,4.547861491622808,1001.9755018361171,-3.303763894295133,0.0,NNW,2.1251756911808757,Aotizhongxin
3199,2013,7,12,6,175.7578775378757,222.2710681454937,25.625676165450166,66.21478039713257,2705.0705276648137,36.77328363141144,9.46457340334048,1007.4582426870361,-0.9804156266188611,0.0,NNW,1.8379153338445071,Aotizhongxin
3200,2013,7,12,7,176.4849050747036,253.77936382274027,20.143171239672803,58.830024313431935,2741.245441062084,48.1573043948588,11.01956019494813,1005.0781496683396,1.1879903982265265,0.0,NNW,1.342735666040658,Aotizhongxin
3201,2013,7,12,8,174.22859454688438,253.7740294801386,21.12464346992658,59.50306449073208,2689.2076658636597,40.75939628201263,10.17794317232643,1009.2580589455258,1.2702857869273005,0.0,NNW,2.1721506990648725,Aotizhongxin
3202,2013,7,12,9,171.16281532568433,223.76948505209958,15.608935099088843,58.577979201911596,2611.3420256555055,34.016425266963545,15.83835078561266,1004.0798682777054,8.816787958564992,0.0,NNW,0.7272629290639356,Aotizhongxin
3203,2013,7,12,10,165.83877131329132,233.93912167523735,19.803812990549613,42.481164600356315,2505.692404177504,42.8271937983178,17.697399644319116,1008.2432480481814,10.625185600931104,0.0,NNW,0.2,Aotizhongxin
3204,2013,7,12,11,163.71880591962048,233.71858844882965,14.714922630180574,56.30152575391198,2463.2355451288317,59.56741457975456,20.136641014870595,1010.6239530982714,11.762483605228443,0.0,NNW,0.7566767584963119,Aotizhongxin
3205,2013,7,12,12,152.1449690435897,212.27188364093618,15.21426249774328,41.17046248848647,2277.0838699679125,43.858317354943146,22.57584416154303,1010.4764176340881,18.11543977619334,0.0,NNW,2.9097521252229273,Aotizhongxin
3206,2013,7,12,13,141.67241713667994,190.43367480049838,13.37935889927991,17.55388930756479,2015.2071775422814,53.011671979962564,23.134705271220678,1012.5431264251363,17.477056648819215,0.0,NNW,1.2606886843399514,Aotizhongxin
3207,2013,7,12,14,131.34635070867228,194.04426322777675,15.598922704742094,34.809032253524386,1838.206762603141,72.6069720712523,24.764406701304278,1016.308868701353,18.624285798082134,0.0,NNW,0.8523981870898842,Aotizhongxin
3208,2013,7,12,15,128.45391452052627,175.80168286904993,7.534536430942266,24.925294305120996,1709.516917486727,87.18689071487533,25.362178637560433,1015.4865418768983,18.413165869449383,0.0,NNW,1.9289588778631317,Aotizhongxin
3209,2013,7,12,16,127.28795019616979,163.35126864763836,3.8201570772326887,41.190069462732644,1676.3528249175101,94.72098941415973,25.778345171218973,1014.4689654089931,18.466157801981545,0.0,NNW,3.7797501031922938,Aotizhongxin
3210,2013,7,12,17,126.09583879830494,156.0394294609301,9.530072777290886,20.997923306858887,1632.5224240075092,81.97708818700899,21.369512487777268,1018.7104292634609,13.947876541943877,0.0,NNW,2.8735156869286076,Aotizhongxin
3211,2013,7,12,18,129.8075882545367,194.33911875634448,11.405593770715372,16.218853091371113,1678.784483786407,95.60828686985884,24.007396656602133,1017.5019617381423,13.299852964058433,0.0,NNW,1.3596442024682727,Aotizhongxin
3212,2013,7,12,19,126.11764999635913,182.73134975961398,10.627178995977157,29.744944833914758,1662.4928057543734,84.87082475491569,18.26706448541118,1017.4146040906154,8.690137950219118,0.0,NNW,1.3452287158826617,Aotizhongxin
3213,2013,7,12,20,135.78355911770257,190.97671823607527,14.366485693319541,22.395912980250564,1624.7524088743926,66.33648527217866,18.73063314724479,1014.545104968466,10.397427967121894,0.0,NNW,1.3632359103086316,Aotizhongxin
3214,2013,7,12,21,146.6440722824883,200.89895482697557,12.776584116606267,24.622214766251187,1882.6826184034317,77.59690416487999,15.11916764890917,1010.4403205606087,7.310976392025532,0.0,NNW,1.2717882957695,Aotizhongxin
3215,2013,7,12,22,155.7997637070677,212.8296850478635,10.808455004420418,39.07601106259524,2115.6031112010464,66.3109187537845,10.490075034776746,1012.6877375332873,2.3033902505128565,0.0,NNW,2.4350346384841632,Aotizhongxin
3216,2013,7,12,23,70.16238798907632,87.46997670029073,6.72964431206835,31.49988063483304,1435.865739506356,75.65278493234045,10.79221820455601,1011.2783580694417,3.2006333763725068,0.0,NNW,1.7312412116857225,Aotizhongxin
3217,2013,7,13,0,171.3004665114409,235.5060966704184,14.288063297414345,33.341810734404376,2427.3658230096917,59.74324739645513,6.510822229341768,1010.7734060856386,-4.644128595272191,0.0,NNW,1.1094880981220276,Aotizhongxin
3218,2013,7,13,1,176.96724531946592,226.55327129605053,19.377972232285998,63.984364918805106,2503.942990596176,40.75039280687228,7.9429392948920725,1009.0221934425028,0.7014357491210728,0.0,NNW,0.9309863019862799,Aotizhongxin
3219,2013,7,13,2,181.26146012366252,246.40540763844237,16.323856651998657,59.63598990080516,2658.8378543613985,32.50285189091441,4.274489479357451,1009.725397018094,-3.632304186924556,0.0,NNW,3.8408268873706826,Aotizhongxin
3220,2013,7,13,3,190.36058085428834,263.39543803249273,18.62049469696603,57.02846134377603,2748.8828246889684,42.1125308961918,2.7575208535919336,1010.2262210361587,-5.523654084545524,0.0,NNW,2.590996977101569,Aotizhongxin
3221,2013,7,13,4,190.9275765738165,273.39740767524734,20.594207781842318,62.29269039807328,2818.8683462259814,14.147190190791981,7.64150939466376,1009.8221958357835,1.0324774464541502,0.0,NNW,1.3151278884714537,Aotizhongxin
3222,2013,7,13,5,196.95456984630533,275.3371331510938,16.783752008695892,68.36543139071061,2998.281467899221,30.670201444494285,6.611731469010977,1008.8447945852819,-2.956568606043357,0.0,NNW,2.9698875739700967,Aotizhongxin
3223,2013,7,13,6,203.45893963362016,292.7917466258238,21.869707689916453,,3071.7624310789947,37.310303257428416,9.229718876776499,1005.2047500483766,0.8743765978345106,0.0,NNW,1.07808866069272,Aotizhongxin
3224,2013,7,13,7,105.2175260226282,160.79588748281378,24.74099450145046,58.27071419526127,2229.4319840066773,25.28168930221971,8.722792181869949,1007.2881724551943,1.1494197989676798,0.0,NNW,1.890311605240032,Aotizhongxin
3225,2013,7,13,8,103.3555174421353,155.27942535723042,18.811686963241975,65.24968028341424,2111.8780889189384,48.289236474442326,9.574093743912492,1010.8002046774179,0.2945767809980302,0.0,NNW,1.8027486498787777,Aotizhongxin
3226,2013,7,13,9,194.63646540059557,277.19615003461934,15.148340640435833,55.08850221404904,2842.124663509744,54.23239596784323,17.512803636131665,1005.2949974281214,6.507787669008426,0.23426194805995126,NNW,2.1458609334534042,Aotizhongxin
3227,2013,7,13,10,185.0358581004977,259.16882813250464,17.30019691893408,53.488150043899005,2743.1486128376955,37.33299047248048,17.578550232756783,1012.1964600888502,7.848990067238685,0.0,NNW,1.2463182356094467,Aotizhongxin
3228,2013,7,13,11,82.79890507476001,106.11058702052843,9.620942899686,51.461923841769654,1853.0621821416767,50.54908213047211,20.737027841245318,1008.713698101708,12.639946960379481,0.0,NNW,2.102792999055764,Aotizhongxin
3229,2013,7,13,12,78.15172973730574,116.8118621460212,16.010709791929848,44.946571415578624,1609.3784412821503,69.94693151321471,23.05596148276288,1012.5875305751682,14.68243186726857,0.0,NNW,0.6012962846321255,Aotizhongxin
3230,2013,7,13,13,70.23108030671993,115.1209862516232,15.062727907433132,45.70815428437015,1375.3276318998617,66.45740078501213,23.157167458320853,1014.1196654594506,15.129768384570788,0.0,NNW,1.6986144687849911,Aotizhongxin
3231,2013,7,13,14,61.324013476731984,89.27467926392896,17.526908881536688,38.896692472924755,1332.610287791595,58.5552142190098,24.998602584313957,1014.8798260731389,16.009687318128766,0.0,NNW,3.068184615719753,Aotizhongxin
3232,2013,7,13,15,147.00757854869005,224.9832014524273,10.882481716367389,18.792510701291633,1879.4197610921515,76.24445884402014,27.390928888758168,1019.9924796943379,17.422533139928476,0.0,NNW,2.8202819876929,Aotizhongxin
3233,2013,7,13,16,137.95661019601556,177.88353719381092,11.895328995517218,16.816906267787694,1804.394752132401,73.12135187165256,24.610596419571685,1015.7284632179797,16.816108806883577,0.0,NNW,1.4431887253682625,Aotizhongxin
3234,2013,7,13,17,142.60527386943556,188.10574956941434,7.586506561396956,22.723749996144292,1768.5254716907382,95.23012462148556,25.07340601247375,1013.5506533815981,16.823621520744165,0.0,NNW,0.7792512937484286,Aotizhongxin
3235,2013,7,13,18,136.46122637409775,199.59773200121947,8.930718638424764,39.6290020995346,1647.5176057046895,91.0593209432459,19.084197341819543,1017.7128941350537,12.040949665962037,0.0,NNW,0.2534840875897437,Aotizhongxin
3236,2013,7,13,19,138.24137087031005,196.18082131996658,5.594814558568064,18.868748814205812,1722.4728544798222,81.01057620457043,21.685640945478823,1016.4895491619965,12.564113771087142,0.0,NNW,2.4939766849784197,Aotizhongxin
3237,2013,7,13,20,145.2681594382297,216.51324497923966,10.085504117228101,26.013710247409207,,83.07211521991137,15.30518400401625,1017.4397294353605,4.273906017748271,0.0,NNW,2.2227116261453075,Aotizhongxin
3238,2013,7,13,21,145.01602744415726,202.86772201455275,10.548538633511567,26.56709616061687,1869.8278076302768,64.59645375993883,16.514113236050253,1017.2997243896803,4.6074232683750775,0.0,NNW,2.308538550377274,Aotizhongxin
3239,2013,7,13,22,151.96807277887802,204.0755476651459,13.397599298266686,30.567644927295355,1964.0043240587552,64.9622254144239,12.9977563796517,1014.4326206565911,4.395552557930079,0.0,NNW,3.35248224284779,Aotizhongxin
3240,2013,7,13,23,162.955163575845,226.00129658413258,11.835114133489474,41.24953704919001,2120.6814821359185,82.00326800448798,9.856118985889186,1014.1667160867972,2.0479827290658803,0.0,NNW,2.122315395788141,Aotizhongxin
3241,2013,7,14,0,170.7697322165497,223.75078539393223,15.250036052925276,56.20621820956521,2327.549623389165,60.53514652579667,7.77954985632263,1012.2884758644741,-0.568918926620115,0.0,NNW,2.1824657008519575,Aotizhongxin
3242,2013,7,14,1,90.00791579229242,114.72517537823904,15.293955058689606,53.82412810109513,1803.0841312907985,62.83038192035063,5.960649322119611,1014.2896796626368,-2.887076356362262,0.0,NNW,0.8820963266290118,Aotizhongxin
3243,2013,7,14,2,90.56894740370404,136.52096634436575,16.50550183510146,48.571752308583264,1965.5515360254954,49.820130884080285,4.109737457943972,1008.7588764942647,-6.27733616179317,0.0,NNW,3.299149655333082,Aotizhongxin
3244,2013,7,14,3,101.01706495883599,150.15176508706648,18.776620883821828,81.1679717101566,2034.9367687547258,55.465148900631554,4.691035582054931,1007.0903256980475,-6.143007725005894,0.0,NNW,1.8688337449897088,Aotizhongxin
3245,2013,7,14,4,105.09341668718685,150.76082621012236,19.45169584587322,62.94909384337778,2264.8450892977517,18.36098957939684,8.65283035337295,1009.4313347873002,1.2037425248648495,0.0,NNW,1.346499129830261,Aotizhongxin
3246,2013,7,14,5,111.17810998167245,138.43857876473672,22.113151248600257,59.700748874724454,,33.96967850258323,8.293206028332708,1005.3120112378692,-0.04819581635151998,0.0,NNW,2.1662853146939742,Aotizhongxin
3247,2013,7,14,6,113.9655637997974,155.96775356458744,19.638070897610497,76.29677099742071,2428.298815026221,51.44781646216389,6.622427420350874,1007.7843156111651,-1.9228500517892153,0.0,NNW,3.600249289872293,Aotizhongxin
3248,2013,7,14,7,110.01071380002948,141.76500043344075,18.77997308407633,60.56595158223082,2352.7319687535864,45.41358869837973,10.401531103490932,1006.8311925612163,0.08890467111525346,0.0,NNW,3.7081593518159193,Aotizhongxin
3249,2013,7,14,8,107.92968669472793,162.86689391049674,18.787704683660515,75.62381731558833,,51.60308749329094,12.555778293829439,1007.467231611994,3.106393393964422,0.0,NNW,1.223680339513865,Aotizhongxin
3250,2013,7,14,9,195.73052221119804,268.1855097600512,16.39154155540976,52.17699329599762,2766.3022134257235,42.2546845337714,14.786559835485493,1013.3390753420875,6.854216359750104,0.0,NNW,2.9402972864164854,Aotizhongxin
3251,2013,7,14,10,91.9303087778872,117.8449551812266,16.420266719299985,66.44024311137096,1932.6712671239766,42.12893584586617,16.08402411606899,1011.9681734898445,8.510948046266572,0.0,NNW,2.2685851639497505,Aotizhongxin
3252,2013,7,14,11,85.88751399492493,120.54048124410915,22.3875713647323,51.784762216303974,1771.2856821010828,43.25787927555769,20.668846977209977,1012.7490638411263,12.422486779097234,0.0,NNW,2.790073747397432,Aotizhongxin
3253,2013,7,14,12,80.6775833164217,106.54707207464426,12.261963717912398,55.32841786161947,1581.7063053788274,49.030719083384895,23.34017525673743,1013.061141280954,17.409049395981018,0.0,NNW,2.221373047135921,Aotizhongxin
3254,2013,7,14,13,77.14548526369468,122.84111847120961,12.869935772849468,55.03774476756193,1528.1867454309213,74.54108174964821,22.409406010244215,1011.9110669826323,13.546165166459765,0.0,NNW,2.49190791046503,Aotizhongxin
3255,2013,7,14,14,71.38053597760916,92.5846413933109,11.33753401019093,25.939141675829976,1329.862131328091,77.63211050420853,27.59257038882449,1015.0229633734755,21.522878271089194,0.0,NNW,3.0570441988630135,Aotizhongxin
3256,2013,7,14,15,65.75969022120587,78.0712837174419,10.722951257334065,41.064038942335635,1207.4895169425492,77.01193503636007,27.28300487385333,1016.7021825075901,19.608305015791327,0.0,NNW,0.6006642072563988,Aotizhongxin
3257,2013,7,14,16,57.467858196623986,62.467858196623986,9.676155054442622,16.40826068890799,1103.1487723305986,86.73254164312777,25.48150660131753,1016.728097879201,17.64370676474873,0.0,NNW,2.2882991802538286,Aotizhongxin
3258,2013,7,14,17,51.62196246688886,71.96288242951026,11.008091172217659,17.304008632232808,997.8599277841985,85.57266324774731,21.812674483841167,1017.0191297861332,15.211458558560265,0.0,NNW,1.0643902421748972,Aotizhongxin
3259,2013,7,14,18,55.34667573627024,71.86604489219907,4.869474695824617,18.572724321660502,1146.6812367456635,94.62217701399483,22.67318075084232,1016.2051014024212,13.736989729616049,0.0,NNW,1.6291205605089243,Aotizhongxin
3260,2013,7,14,19,62.11424257042209,72.67089353347365,13.281885286150672,29.71057656364152,1083.7578783977722,93.6750132063084,20.4229670023467,1017.3765464308079,11.929161813584255,0.0,NNW,2.0007770275631835,Aotizhongxin
3261,2013,7,14,20,64.15881350031276,101.71460351299571,12.567621380004399,27.943618939790106,1188.9043970584505,70.99189408976254,18.357923365352953,1015.2789843160151,8.522611016290165,0.0,NNW,1.1937343581211106,Aotizhongxin
3262,2013,7,14,21,69.11038316726257,103.42698790846,7.735851335877858,29.520775702966358,1277.3164774739996,80.41412940436159,17.385696408434605,1016.9423802650673,10.78851519069271,0.0,NNW,1.5348897627706812,Aotizhongxin
3263,2013,7,14,22,71.7051291028839,100.10500195466516,5.692768181142794,36.16988223217888,1391.2785440860146,55.811332498059194,12.147848467049862,1010.4684575976847,4.651106628902555,0.0,NNW,0.8794268310127453,Aotizhongxin
3264,2013,7,14,23,83.63158513087804,130.7274816249379,10.774688336063189,44.553935812297354,1586.9794831865622,67.800683508469,13.071739869483618,1016.0115823584125,6.718429897340545,0.0,NNW,1.5253760314086326,Aotizhongxin
3265,2013,7,15,0,94.05782377872083,138.30631362419527,14.272000615718632,50.34598499153082,1796.5306645600729,66.04304279701586,8.53868870712515,1009.3766681962642,0.8459838118452143,0.0,NNW,2.409481209006525,Aotizhongxin
3266,2013,7,15,1,109.58726487765144,145.1936118135277,24.03497092158493,58.92971558697146,1993.5480408431517,40.392330424505374,5.904051198663716,1008.5713947263483,-0.44138547854930876,0.0,NNW,2.6923621269752145,Aotizhongxin
3267,2013,7,15,2,113.30940121585684,148.24096006229192,19.12977089492282,69.56027850213951,2117.719999471171,43.33537264539168,8.939807547168934,1010.3177083712434,-0.1811261392507384,0.0,NNW,1.384496998200925,Aotizhongxin
3268,2013,7,15,3,118.0105730553804,173.39461772207116,13.112764958388365,58.97123664419914,2229.851150341069,42.417594242534335,6.244837850030135,1009.5443497547766,-0.2743026645141404,0.0,NNW,3.0622330699409988,Aotizhongxin
3269,2013,7,15,4,123.7039154234194,177.14915115746066,17.261160504219358,58.15179637864144,2329.120592284132,40.68851406912293,4.658640906673108,1011.8264289338865,-3.938081484507352,0.0,NNW,2.4619073794933777,Aotizhongxin
3270,2013,7,15,5,129.28688624946136,182.69911842895252,19.66999182262639,69.22680555926287,2375.0755264282843,33.06581731052494,6.4660708455752784,1007.7629399271729,-1.530131249899356,0.0,NNW,3.146711257318752,Aotizhongxin
3271,2013,7,15,6,129.44644091059877,172.76003924614918,20.76105066289429,55.845961469883036,2432.52810841378,23.27711847595328,8.881781720916326,1006.9190904680144,1.9743149909068465,0.0,NNW,0.5833776991295399,Aotizhongxin
3272,2013,7,15,7,124.93237133745602,180.98479554249596,15.885382550514072,58.88888346888847,2397.892669978552,35.31178232358071,9.773708459821988,1007.5529696256403,5.265470324243777,0.0,NNW,2.249000700465156,Aotizhongxin
3273,2013,7,15,8,125.46098877801143,168.0903954578765,18.92515633499101,70.3155556468311,2370.206299566507,21.82692923597925,12.612671352542218,1010.8508485036533,5.842750663108791,0.0,NNW,2.4889705184773705,Aotizhongxin
3274,2013,7,15,9,123.57797155025702,171.98929362442303,16.382616493101118,58.14910862518932,2280.480723526187,39.995916103514865,13.774194594505918,1013.313266075396,7.145713796934775,0.0,NNW,0.6251807432075271,Aotizhongxin
3275,2013,7,15,10,113.69967171240569,173.64898186123776,14.18872431219305,45.33446033313569,2097.9496230268187,43.0862638630307,15.060398654813344,1009.130399402182,6.242331723010926,0.0,NNW,3.9313983132832986,Aotizhongxin
3276,2013,7,15,11,111.8860142699033,150.03207761976316,17.072882165609467,38.25795637912903,1995.76173704044,52.18686713804277,20.159628984117067,1011.7914496068316,12.395125970556448,0.0,NNW,1.4907499660679768,Aotizhongxin
3277,2013,7,15,12,108.80223775361407,136.59324028433105,17.321631520328467,45.38973343515046,1842.735577801373,54.40678022524317,22.281109545204306,1011.8512216310089,14.137308644202006,0.0,NNW,2.4350869523489687,Aotizhongxin
3278,2013,7,15,13,101.5748523895296,131.6793214266403,16.229028605372253,48.95879139369366,1724.7324006255567,51.393667746001015,24.450933425181166,1013.1055625430049,18.562432627011603,0.0,NNW,2.7413953468020376,Aotizhongxin
3279,2013,7,15,14,94.65781519210935,142.46392953582932,,44.028366220249495,1546.2061101411687,68.83656679410488,23.794973702231385,1018.2581012477295,15.576072409424505,0.0,NNW,2.0809463079098696,Aotizhongxin
3280,2013,7,15,15,90.66084284097657,129.47249135116928,9.972357494646475,31.744908399411756,1451.4720771630673,86.98587078003686,22.989168558189004,1013.6840704582058,16.981981336713044,0.0,NNW,3.1086624579681645,Aotizhongxin
3281,2013,7,15,16,82.4464718820148,114.13628684793319,12.813522265468325,43.75076727708026,1363.2017657114707,94.265243134499,23.211271558269658,1011.6615646011555,13.258801498190573,0.0,NNW,3.5961705607882832,Aotizhongxin
3282,2013,7,15,17,79.56958512353224,106.30648111982943,11.097534182867523,24.842920546694934,1214.7184049905097,108.54148844441937,25.243704673104126,1017.4645178495384,19.34187066067889,0.0,NNW,1.1123106768619944,Aotizhongxin
3283,2013,7,15,18,69.93782573376757,102.76655510280649,10.40182564885604,23.891459012820714,1189.3373749156647,101.91650408397663,21.07115084355412,1019.4020130575242,11.779049573776835,0.0,NNW,2.09291685697953,Aotizhongxin
3284,2013,7,15,19,74.46587352710723,95.7611744280479,8.335291503449263,5.141996196306632,1211.0171666954993,72.17876639054566,19.336878521294356,1017.2694223839475,12.61770475742556,0.0,NNW,2.7325414848883893,Aotizhongxin
3285,2013,7,15,20,71.21691331247871,102.76033432389615,9.179244599053222,24.100588331021505,1324.384824965092,77.56625908188437,17.11957010527854,1017.3345341213383,7.823074411574731,0.0,NNW,0.6935690292731871,Aotizhongxin
3286,2013,7,15,21,81.99815130413145,107.48486613765445,11.686126902440924,37.673984655537,1362.3274815352572,77.44981318128592,14.071085746069816,1017.0403206681866,6.99860663206582,0.0,NNW,2.8514186272139517,Aotizhongxin
3287,2013,7,15,22,86.89087436386204,112.67063025665631,,47.51169069487763,1529.8852240684494,71.64440165766301,11.371993307675542,1014.7218221468192,1.9281125668995984,0.0,NNW,3.3652285632993717,Aotizhongxin
3288,2013,7,15,23,93.2796350830617,124.21661476803625,14.609632214761563,33.18174202861129,1643.477135211284,67.1658094265253,8.693314653049288,1014.4067104724093,2.2480360651841984,0.0,NNW,3.0271094898746984,Aotizhongxin
3289,2013,7,16,0,98.53327081179935,134.19250467167947,13.166434493249142,48.698018634344386,1718.85094107872,84.07591421547559,10.029917049986825,1013.0792237973073,3.2977852488925166,0.0,NNW,2.350755909615477,Aotizhongxin
3290,2013,7,16,1,105.14568666918667,146.71566297752432,13.796926890604274,58.55141316063671,1918.6586566185442,42.70900841451301,7.359896987170007,1006.7886955800084,-1.5411341492282404,0.0,NNW,3.2315677083732597,Aotizhongxin
3291,2013,7,16,2,118.05524069670321,167.63189492649562,16.02470016203139,55.089665225567195,2188.4654808450455,40.364688637857014,7.212472896834673,1009.7277337874596,0.07959966031894039,0.0,NNW,2.2859610202672864,Aotizhongxin
3292,2013,7,16,3,114.31720950615932,123.16044039433858,25.067414248579936,40.87589196351311,2175.74566549348,58.760589771227245,7.174009634691257,1005.3189004281483,0.5951586071749442,0.0,NNW,0.9443066014596986,Aotizhongxin
3293,2013,7,16,4,124.19262972844882,165.79317604236067,18.132357081084304,64.29882807228279,2228.9383835993854,32.189551474540515,1.8159220409598458,1007.593529970863,-7.569056539475651,0.0,NNW,1.5824843684983005,Aotizhongxin
3294,2013,7,16,5,128.54173632799456,176.04273108563197,22.550240735276194,70.4099615182685,2413.1340702933585,39.78766084613045,6.854927925197729,1006.1798089708758,-2.6960763411899715,0.0,NNW,1.7955007135871293,Aotizhongxin
3295,2013,7,16,6,124.73587494789365,189.6808453131344,18.872215263585932,57.42061683985233,2343.2701846855985,45.346573698682086,7.049664237287046,1009.0680225087357,-2.5572928591662722,0.0,NNW,1.948839700934855,Aotizhongxin
3296,2013,7,16,7,119.41240016436872,156.37733414629486,20.613182755284228,62.28528027878627,2348.260418460413,40.716844510093594,11.675214466530022,1007.6591963869746,1.8557104159666271,0.0,NNW,1.9246161949463678,Aotizhongxin
3297,2013,7,16,8,123.12095959806265,173.99730961828683,21.70536284094836,53.07653973865867,2408.935192368178,40.26702123641395,11.29960274411095,1008.6162586732543,1.6854634750905695,0.0,NNW,1.7293997428614225,Aotizhongxin
3298,2013,7,16,9,114.57137340035501,175.3502258578554,16.819825356502967,38.580955235088126,2237.886565217604,51.70843816727615,13.418775365454435,1008.0815646581427,6.805957679184415,0.0,NNW,2.17507481916952,Aotizhongxin
3299,2013,7,16,10,103.74476792237476,132.11298979185193,15.57666503754169,63.21603529430125,2106.790934815997,38.5693144349503,15.437121660045552,1011.6043625252128,8.273896391941545,0.0,NNW,3.203389043306803,Aotizhongxin
3300,2013,7,16,11,101.05859744490932,145.42178868151709,21.270704308878596,50.14639263163561,1883.9207965280586,48.56589257747696,19.545987633531798,1007.511254093442,9.00198435274438,0.0,NNW,2.171290011575955,Aotizhongxin
3301,2013,7,16,12,94.64823759697737,124.48481429642311,17.953778684687393,57.781399973639864,1750.0275840940424,65.35637588465164,23.44348570565794,1010.2089950957574,14.678235227548564,0.0,NNW,2.50297318545986,Aotizhongxin
3302,2013,7,16,13,83.13196393775614,111.33841208996624,16.07792173055958,46.682196633199,1509.306283620652,45.77608353542051,24.044504863136353,1015.8667094687302,14.307749980051428,0.0,NNW,0.24486280571587593,Aotizhongxin
3303,2013,7,16,14,76.76303519245022,99.43714092989715,14.861828879368744,32.166321906676416,1379.9021092875969,86.66583823344692,22.855285865186467,1013.6287030017356,16.147581159949738,0.0,NNW,2.1007817478062223,Aotizhongxin
3304,2013,7,16,15,66.4468210222927,85.70697634705091,12.84319255900046,30.192419095433788,1202.3876140894138,80.71159328164148,28.228988635542837,1011.243869895591,19.554520031263714,0.0,NNW,2.8694678437284065,Aotizhongxin
3305,2013,7,16,16,66.08254793804639,119.73468859232986,16.723200420603,32.20891105047261,1116.914073529998,83.18095262242247,25.63356622212803,1019.2354095721499,15.316925087897207,0.0,NNW,2.9974800543713735,Aotizhongxin
3306,2013,7,16,17,67.33101912240004,102.7079854920767,10.30209577418613,33.41655080826458,1220.57065373014,67.84301688081614,24.82636921148092,1018.983501274165,17.08161681313679,0.0,NNW,2.9160819719972504,Aotizhongxin
3307,2013,7,16,18,68.43681870635987,106.82892480676591,11.731787101602759,27.581365045936092,1042.8965348995578,72.13390874600262,23.99861105288696,1018.4219388132215,16.90834921508401,0.0,NNW,2.242729257457352,Aotizhongxin
3308,2013,7,16,19,70.9056881626759,104.18789829611121,5.8176320827726204,34.526228636534505,1249.382120026008,80.1623090142181,17.539676617061332,1017.0184411453488,8.109128967203679,0.0,NNW,2.3311481854503855,Aotizhongxin
3309,2013,7,16,20,80.94745333728429,97.2638667881784,8.194990921304084,25.306142030915456,1363.4724114305104,89.72493359756695,16.221039243143384,1019.6516210552396,7.8236653681212545,0.0,NNW,1.4618230145242634,Aotizhongxin
3310,2013,7,16,21,85.7137573247739,123.94883995791652,7.862009094562141,22.880716001983554,1427.856979897522,56.91150940767784,16.23451703538641,1018.0527707640578,6.880923808426044,0.0,NNW,2.6760146743159074,Aotizhongxin
3311,2013,7,16,22,87.19946425868709,132.80854610723537,16.322190750548447,34.48152597151095,1441.8703506647928,80.38364800777357,11.195702056942578,1017.595712137584,5.061773145120751,0.0,NNW,1.466084944854091,Aotizhongxin
3312,2013,7,16,23,96.23278855694066,,6.048284318425143,41.465098223839036,1587.2259348423563,62.87016288647938,9.587479791617431,1014.685096186407,0.9404425863095336,0.0,NNW,2.5447153737027133,Aotizhongxin
3313,2013,7,17,0,112.34154810816477,166.93143402304196,13.793069931741833,35.38771684208571,1871.31220080214,57.76576527258348,7.812321208887575,1012.2455917025021,-1.270436087006027,0.0,NNW,2.033210354515134,Aotizhongxin
3314,2013,7,17,1,116.047081488497,169.5092761824366,7.312975417530735,39.482604228877435,2063.1602927659806,56.065453289345044,4.4236378792107365,1009.9075750324578,-3.6533503615629774,0.0,NNW,2.0119532684316175,Aotizhongxin
3315,2013,7,17,2,121.83665906864542,189.0917231442403,15.006136313554329,58.57909037178742,2174.846454421197,50.19317237846411,4.799515963908857,1006.9621523150682,-3.5118080310415047,0.0,NNW,2.8009934975970414,Aotizhongxin
3316,2013,7,17,3,129.71564665664766,177.42407519417054,17.06268705673714,55.89128081276756,2268.3929109730625,35.19804457097034,6.371754826027749,1009.4685573249999,-0.5955050831732462,0.0,NNW,2.4489655548161213,Aotizhongxin
3317,2013,7,17,4,134.26758593856147,176.99851049122876,23.484740300304324,60.99378083039275,2477.961088255092,,6.434922571836079,1008.840587650669,0.2589934107294112,0.0,NNW,2.226077933967557,Aotizhongxin
3318,2013,7,17,5,133.33538429219107,183.05325691534202,21.01951294910971,61.440975200174776,2537.2725712622328,12.657872943808908,8.009267955106816,1006.47080820474,1.844702831640566,0.0,NNW,1.601818561548506,Aotizhongxin
3319,2013,7,17,6,138.84504092844094,208.73876723145352,17.5005754300131,77.16480721410569,2499.4303692267977,30.495811134323453,9.443745998820718,1008.2273620562332,0.8708849579320062,0.0,NNW,3.2818505879118662,Aotizhongxin
3320,2013,7,17,7,147.102978605182,187.66011123883516,23.02752029064082,74.41260580894136,2568.6610045369507,37.38867197454233,10.608810888553876,1006.5060152053563,3.0664813382753584,0.0,NNW,2.2663707784857534,Aotizhongxin
3321,2013,7,17,8,144.89049176613872,182.16293131828388,19.383623782511467,52.421678555375436,2430.0916614614107,34.899871753244284,12.901827296439341,1009.4047283637717,7.134577161875015,0.0,NNW,2.597909861632687,Aotizhongxin
3322,2013,7,17,9,136.50665992925798,192.0032766902773,18.648234482054495,54.87978991908737,2354.176656103231,24.053227430676493,15.379996140159927,1006.7002515077818,9.670494352722434,0.0,NNW,2.0647576887496317,Aotizhongxin
3323,2013,7,17,10,124.09761439344766,169.31076722308515,13.891985476684024,61.80003414375675,2218.302914047631,55.08027378760471,16.647619700144265,1007.3897769299826,7.333760468103962,0.0,NNW,1.445014157722627,Aotizhongxin
3324,2013,7,17,11,117.894089671408,165.12900447172802,13.324054083803189,54.991870798876356,2064.4231624251615,41.045645751166454,18.45508291441908,1010.2247473200501,11.343450739384096,0.0,NNW,2.283956335547431,Aotizhongxin
3325,2013,7,17,12,114.5450276915974,169.816156480595,12.524708100163426,44.66833630136171,1890.9768290722939,59.3248599247171,21.036671792685624,1013.6575707910046,13.671480151843365,0.0,NNW,1.523387308762884,Aotizhongxin
3326,2013,7,17,13,108.68112732450332,146.62788479311612,13.845288593949965,30.7228174582357,1752.209225131196,68.00082209823924,23.171210063008182,1010.9765242961945,16.56079137967523,0.0,NNW,2.3502222459835562,Aotizhongxin
3327,2013,7,17,14,101.43608331390351,123.2804583301587,12.733657180942027,29.53967963077164,1589.1281296840004,72.69827153765367,23.675519345776518,1016.5993740380184,17.5409456975332,0.0,NNW,0.2,Aotizhongxin
3328,2013,7,17,15,92.86579327114988,150.45692615160928,16.096744084639397,26.72372383589874,1446.160398008661,89.36777878830182,25.620747607725875,1012.2503576371623,16.059283593784567,0.0,NNW,1.6793488384046293,Aotizhongxin
3329,2013,7,17,16,83.7295800623408,107.24912921288936,11.82503848489131,29.895446573264035,1344.5882191108574,81.1180094946741,24.962101086987058,1015.8366352677336,15.926083629435196,0.0,NNW,1.988521047519055,Aotizhongxin
3330,2013,7,17,17,84.07157269250142,107.109830549381,2.0476737875383364,39.311300711796534,1187.825396755928,88.4226997041961,24.124239285924716,1014.0034768772401,17.485652420386106,2.0656306410114875,NNW,1.2364572993096696,Aotizhongxin
3331,2013,7,17,18,86.70443396671584,132.42340769062812,10.787925963615072,19.504958121694976,1289.9179959933306,,22.598179910739145,1011.7802012716336,14.820226043014124,0.0,NNW,2.2910257471347286,Aotizhongxin
3332,2013,7,17,19,81.54374003128088,110.31634483337804,5.820321800052059,17.47320149377671,1283.4783665159043,90.27770649888946,21.7934959066768,1017.5625327409958,10.452634095343077,0.0,NNW,1.6622209959873107,Aotizhongxin
3333,2013,7,17,20,90.90010861914249,126.62625354645137,7.771960207243198,26.810800109687683,1352.2664731573107,95.5855880650862,17.57533111244456,1015.97450480166,7.075907449225859,0.0,NNW,1.9952723316224794,Aotizhongxin
3334,2013,7,17,21,97.96395218065521,141.97743429352047,9.027957678888272,39.111776220381515,,79.05308782438563,16.512554150751917,1012.7413360402718,9.506413862700384,0.0,NNW,1.5587794545296474,Aotizhongxin
3335,2013,7,17,22,109.77553419683481,164.52157890666868,10.509985029463092,23.42493626591437,1655.6845515339057,80.31850357583001,13.186687585943544,1013.4667722840304,6.4453539698010225,0.0,NNW,2.77752879404171,Aotizhongxin
3336,2013,7,17,23,111.64245184981873,152.9648256579285,9.580456598366482,51.45269230494915,1765.659498080683,81.02376547638502,11.694450304952632,1014.1777456793712,1.670218748532236,0.0,NNW,2.4367774698374274,Aotizhongxin
3337,2013,7,18,0,113.94372658123262,174.72073727286866,15.610446010356863,43.623749103074644,1911.8440015423796,73.57184246974272,10.350876939714382,1011.2637006660217,3.999628282906145,0.0,NNW,2.2383247655661416,Aotizhongxin
3338,2013,7,18,1,121.11242069523907,148.19939048598664,12.061688370239725,44.30182088354342,2078.87712150361,49.67662983632488,7.204720332124218,1010.3085425433507,-1.0910006645132595,0.0,NNW,2.04959266784778,Aotizhongxin
3339,2013,7,18,2,130.3589870497442,190.10045423917262,18.57000282174954,42.198485705902726,2137.8461805862635,57.86432355745167,5.496394111617315,1008.7030868593539,-4.037317083064733,0.0,NNW,4.0245056746449865,Aotizhongxin
3340,2013,7,18,3,143.75763377704845,192.86541170769124,25.246447137117627,64.79430181109598,2465.5478012646213,44.81004207080824,5.145961726164963,1007.2998618312073,-3.694482108907823,0.0,NNW,1.874072177852765,Aotizhongxin
3341,2013,7,18,4,151.34950811024572,225.61202452042392,15.34204984212,60.95113851375649,2542.7062821783934,49.521664882728174,4.635492617766559,1006.4791984315916,-5.198622221306646,0.0,NNW,1.442490901876337,Aotizhongxin
3342,2013,7,18,5,153.37579567813646,216.14655873769647,18.976098218427673,65.68416038781741,2710.0248547141455,41.53820017840279,5.58408774229153,1005.9209761359632,-3.3397787327800645,0.0,NNW,1.0615513137827468,Aotizhongxin
3343,2013,7,18,6,150.29254405880084,203.68050836222716,12.42962791246259,57.79350607190909,2542.7579255254714,37.75668076036188,9.282107933101827,1005.4937142478539,-1.521239023231109,0.0,NNW,2.7242840902914836,Aotizhongxin
3344,2013,7,18,7,154.19032113834947,222.49486052390557,18.92682325253494,61.765748251773175,2576.5271741847064,40.191575146236836,8.554494561328667,1005.135781673173,0.4437451378314927,0.0,NNW,3.3049750552559303,Aotizhongxin
3345,2013,7,18,8,147.33448676020777,215.20016493636336,21.258278476816646,58.42785810485088,2514.9406066662746,40.90174446577834,14.833968502318132,1006.9104483456422,7.7146465342101305,0.0,NNW,1.3215551789795126,Aotizhongxin
3346,2013,7,18,9,149.08080230136034,215.13206445049084,20.697451600004538,58.33739078070529,2496.1504033698034,45.26566092170141,14.77241512064397,1007.1846103894112,4.75127766945593,0.0,NNW,1.772082656920153,Aotizhongxin
3347,2013,7,18,10,141.73006026733788,188.12512197794243,17.73209119085229,49.64358138899352,2236.302115770128,45.91167639418091,21.881307290709426,1007.3566027389686,13.906837696643846,0.0,NNW,1.7124558397910636,Aotizhongxin
3348,2013,7,18,11,140.85695991088488,192.35957263901798,18.961885499789535,37.90293321655265,2188.9282947222823,51.0122804663618,18.960326859755575,1012.2379340852013,9.753348817490947,0.0,NNW,1.9007225384881858,Aotizhongxin
3349,2013,7,18,12,135.8081137180464,190.0906308340506,22.638163607828375,66.82799796237285,2116.0309177730633,77.6317492937267,22.446351191835976,1014.4652719438334,15.449552444882334,0.0,NNW,0.5857822947962279,Aotizhongxin
3350,2013,7,18,13,127.49556040720095,178.0811880435807,18.84281883680019,28.91638511924947,1869.0306678949723,71.24575523867486,23.132480132471755,1013.2938896763058,11.6608694955234,0.0,NNW,2.645380955165609,Aotizhongxin
3351,2013,7,18,14,118.18254627297205,172.95301953654433,10.932437211771092,36.45167205554032,1813.9616890025877,66.766950777686,23.469632125575774,1014.6329459758617,16.53746539764927,2.4835635666719007,NNW,2.9521953185365004,Aotizhongxin
3352,2013,7,18,15,110.6057113279913,134.69898353412174,7.111154134667048,16.681641748876718,1579.3087982068582,74.90349521536724,26.595700526318076,1014.1504059741935,15.869065630138547,0.0,NNW,0.47635639684954967,Aotizhongxin
3353,2013,7,18,16,107.55141941955549,153.9152577329127,9.451418731356396,11.70311243136743,1469.0325337755737,92.21321962909047,23.00092697129397,1018.4641897325042,14.686016451958881,0.0,NNW,3.406348058916405,Aotizhongxin
3354,2013,7,18,17,104.86303272928744,143.908432276636,7.329422571702615,26.464095409036773,1483.0461442081482,76.7862785563405,22.64614227738304,1020.305991361598,13.58276510265899,0.0,NNW,3.294030473531836,Aotizhongxin
3355,2013,7,18,18,101.46556188568468,133.66678047611902,11.354042643593898,26.394940702146425,1492.1053644266997,70.1797231818899,22.950547375237843,1016.6724123419486,14.409492985024551,0.0,NNW,0.2,Aotizhongxin
3356,2013,7,18,19,101.82526145574211,135.13049826034296,6.626790250266163,35.7734754006377,1449.0515740675046,70.06365425120626,21.11744121642411,1015.7867360746603,10.823355081257958,0.0,NNW,0.26134542126032856,Aotizhongxin
3357,2013,7,18,20,105.13658224975762,145.04583850448103,10.451405683306781,30.875866652436876,1557.7039664454485,64.36087909256308,15.500362319183928,1017.0130775508319,9.9905687799546,0.0,NNW,1.8936561239298852,Aotizhongxin
3358,2013,7,18,21,101.38920455003512,106.38920455003512,13.978508257676193,29.65937862630272,1612.10269095751,64.6895209470191,15.872515327823063,1015.7933959940095,5.942670711407557,0.0,NNW,3.052832332292881,Aotizhongxin
3359,2013,7,18,22,109.43508044478635,146.19621691478537,12.197912381548468,27.40319804747996,1629.3877095619116,60.69134060199191,12.605159419099301,1013.4996890490854,2.7936790101357127,0.0,NNW,2.2318166031566116,Aotizhongxin
3360,2013,7,18,23,112.75162419284347,149.09412562351793,10.866963306244003,51.81571564381795,1845.4049422047185,80.32284992364444,8.623414963207708,1014.2364868915773,3.3156458408359843,0.0,NNW,2.0171074934652498,Aotizhongxin
3361,2013,7,19,0,115.90286593309611,167.59184439956078,18.524442172757077,52.43080996840179,1851.0494019995915,59.538207873407316,6.745609885131193,1013.8763152147798,-0.7703376607553107,0.0,NNW,2.4589296496533097,Aotizhongxin
3362,2013,7,19,1,116.9180598977289,155.63001703171523,10.65715239125112,40.20574508006301,2060.1172238121585,49.89688848106981,3.2895688202330113,1009.1342679718379,-6.5918159649578865,0.0,NNW,1.35352463258804,Aotizhongxin
3363,2013,7,19,2,116.97791855318172,161.6179479727495,16.516614832367612,55.30370982568508,2132.257453899713,33.065869369814266,7.916908378805684,1014.5840679594312,-0.2762731350500842,0.0,NNW,3.021887770689178,Aotizhongxin
3364,2013,7,19,3,117.769331976329,180.29983104347363,18.410553835788733,60.29455347594293,2287.1448784373542,40.89106649562291,6.52313062246551,1005.3985817798716,-1.8304635814631878,0.0,NNW,1.9171066832020662,Aotizhongxin
3365,2013,7,19,4,119.70080682374379,177.52464475139553,19.377852994121085,59.55527882284342,2362.629191752968,20.976084279747113,3.4070242218419886,1005.966491528396,-7.124452034519958,0.0,NNW,0.6935775850454913,Aotizhongxin
3366,2013,7,19,5,130.51085604898896,191.73791246801906,20.371117299679582,70.49332041223572,2458.946346434259,32.157682629909644,7.538107471343308,1007.6383069291594,-1.5992864196840355,0.0,NNW,1.3636178535550063,Aotizhongxin
3367,2013,7,19,6,129.42956255673613,176.20266327532204,21.831319459428478,71.65386510678542,2450.35789542803,55.64494389843675,7.067898672210025,1011.493746236753,-0.9716723956029262,0.0,NNW,2.2952069086595097,Aotizhongxin
3368,2013,7,19,7,129.1183377704803,186.19599567156897,19.72340681430929,62.794630943340515,2444.735466515567,42.489890129836944,11.372215804524549,1006.0451894851934,5.271842663280877,0.0,NNW,1.7682565188454586,Aotizhongxin
3369,2013,7,19,8,127.72325064136675,176.4735728933775,,60.07355410930751,2371.284710213537,,11.66769919523617,1005.5383803558866,3.384454430397125,0.0,NNW,1.6853887083742287,Aotizhongxin
3370,2013,7,19,9,123.47995270829341,170.91100168484138,17.31276587195365,71.1338033250712,2267.622547085571,49.303566524399876,14.454968857338063,1009.5629490509248,6.284501045917052,0.0,NNW,2.1623461903578662,Aotizhongxin
3371,2013,7,19,10,116.95697542979303,167.83661903917573,15.665452593884936,62.462711138897895,2207.7847120509664,42.28456821872432,17.15566954938871,1009.0028111845638,7.932919542948409,0.0,NNW,2.286899554142331,Aotizhongxin
3372,2013,7,19,11,104.9403717284717,140.94658453565106,18.656725198493202,50.755264021317494,2021.195082852691,45.5227464436451,19.01396698750803,1012.0364161643963,12.657803159320382,0.0,NNW,1.0156950741215534,Aotizhongxin
3373,2013,7,19,12,102.97951056851292,159.10134584035012,13.060414561570456,31.966327687359573,1816.753124662993,77.04129629532842,24.169974874715432,1011.8584389001992,17.52345750196686,0.0,NNW,2.978793346844457,Aotizhongxin
3374,2013,7,19,13,102.44372578998882,141.81991471000498,16.246218101512127,42.57561994838987,1727.9040084294395,55.04772958836028,25.008044527466602,1011.5797621412527,18.192046686938877,0.0,NNW,1.895102595291281,Aotizhongxin
3375,2013,7,19,14,88.47766236657372,130.05233297579986,12.556997246779614,40.584667719341354,1511.9040601712286,68.9587876432265,24.8241810703906,1019.1977519408284,16.991939367994974,0.0,NNW,2.335749064967293,Aotizhongxin
3376,2013,7,19,15,78.16834456743182,123.99168718697752,9.900701673498876,8.821691349082073,1261.919121967976,80.73800235329878,26.536852245978714,1009.6267527077713,16.1389919031232,0.0,NNW,2.0779055383939875,Aotizhongxin
3377,2013,7,19,16,72.28154451998705,111.51070007373362,12.525094628310212,29.694447510855433,1215.0204157655207,72.28829303703648,22.218650690022493,1019.9706045196217,15.848655538287046,0.0,NNW,1.671906604835546,Aotizhongxin
3378,2013,7,19,17,65.42638066520742,77.50774190438514,,22.34794757985275,1217.0259248584373,90.6541951935408,21.81756587001784,1018.6961529399132,13.903560491924514,0.0,NNW,2.7293149725858226,Aotizhongxin
3379,2013,7,19,18,66.42801766770293,97.44818368488293,11.914552122184638,23.233165758963587,1093.935347590033,81.93405475357747,22.78289995540242,1015.5088214169456,14.320012673172904,0.0,NNW,2.0649353655188296,Aotizhongxin
3380,2013,7,19,19,64.53715406940442,98.85920964177265,10.808549232130012,18.422435852112066,1235.6540751546734,90.78724893289527,21.10330483371183,1020.574469341113,13.775993426550778,0.0,NNW,2.0586540789623493,Aotizhongxin
3381,2013,7,19,20,76.19439101576972,115.5907776436851,8.880898913802046,26.493977601082094,1321.7512820918514,87.51047689211615,18.007301770408837,1013.5872886204337,10.343586326150861,0.0,NNW,0.2,Aotizhongxin
3382,2013,7,19,21,85.72414407108084,108.88085335836685,13.05037054007094,41.9937969857197,1423.0253476213381,75.24754822340539,12.175957987382525,1017.5517558299479,2.572160997039675,0.0,NNW,2.655961589917135,Aotizhongxin
3383,2013,7,19,22,92.7876436292061,123.3323487107153,14.139769177065915,31.42881200947587,1570.3433133324695,89.60658672590986,10.818307762468171,1010.3347097739057,2.337110970239104,0.0,NNW,1.8635730732180364,Aotizhongxin
3384,2013,7,19,23,104.13101732940937,155.72900661858932,17.178463591917264,47.54820756829504,1683.6601857775152,59.81711809322863,10.624887799756257,1011.0023388395718,-0.2312513888672374,0.0,NNW,2.6039459198475847,Aotizhongxin
3385,2013,7,20,0,116.31919037991429,155.22926282505352,17.898441037227887,38.549350248963115,1917.2920854280792,73.48870470548738,11.568640621996426,1009.7032763487042,3.697680573894863,0.0,NNW,3.315969064678322,Aotizhongxin
3386,2013,7,20,1,121.82797178075693,167.56219992641655,17.76791728769145,56.24643044329872,2150.2213478031517,65.27885629871739,8.166614959743255,1009.2045914536299,2.1618066106949647,0.0,NNW,2.6586932572778372,Aotizhongxin
3387,2013,7,20,2,125.79853144951346,191.87670212433852,14.117227146373711,55.01324684497561,2175.661784637431,65.2088220766044,7.706698184815476,1009.5231622307573,-2.986724521387236,0.0,NNW,2.043321061145317,Aotizhongxin
3388,2013,7,20,3,132.32430713698847,184.77603748793595,25.88129487045491,61.9583342540452,2394.4937574179667,,5.509588133285448,1006.8125133658509,-2.2974697619973377,0.0,NNW,1.770858307927368,Aotizhongxin
3389,2013,7,20,4,140.538410312917,189.48603305974535,15.11927838570676,62.377734124468674,2401.8654345452583,30.46350778610914,5.839478208293383,1003.5970510776822,-1.1578039910148323,0.0,NNW,4.020578553813056,Aotizhongxin
3390,2013,7,20,5,144.09166458266952,192.95215684710828,22.677418654292268,69.45151838531103,2479.195726553233,56.61982019606876,4.789517761271501,1008.097272405956,-1.9859467631417989,0.0,NNW,2.3867082510469206,Aotizhongxin
3391,2013,7,20,6,138.80590386523352,197.6554587071788,21.293851450658895,44.459319056529935,2605.516464201184,31.652985320236358,9.35666526771195,1007.097901845855,0.2373806264806324,0.0,NNW,2.167704070522458,Aotizhongxin
3392,2013,7,20,7,134.5723808781022,175.06985314457097,16.307202014001998,52.959914018120806,2462.3575202284287,27.716428615717938,9.890227446188495,1007.988225550351,0.23688135169098956,0.0,NNW,1.8536480966462916,Aotizhongxin
3393,2013,7,20,8,131.2794767485858,181.31790780905592,18.957224202286696,65.65715205975793,2369.720981152745,36.4514974463409,13.45090811217037,1008.0137087996097,4.57033016448657,0.0,NNW,1.2827545885567642,Aotizhongxin
3394,2013,7,20,9,126.20925565334574,180.02526326458425,18.299275247198818,42.793828792561065,2360.653799051333,32.505423308765536,15.046029529321402,1010.3729366580376,8.83233607426058,0.0,NNW,0.4394505335795378,Aotizhongxin
3395,2013,7,20,10,127.88622092490851,192.0322075003486,21.41674814743157,50.75535715482233,2285.3808451474433,52.76148825123346,18.006868088151315,1009.3490352936778,7.442534620165369,0.0,NNW,3.2169410326041437,Aotizhongxin
3396,2013,7,20,11,115.10684050838815,167.82505751544338,14.154162524671971,49.74165417375722,2070.4200703709757,47.47284005485185,19.868407825552065,1012.730946044108,10.04445733297435,0.0,NNW,1.3764935465120356,Aotizhongxin
3397,2013,7,20,12,109.36462612265603,145.96982539189665,14.214164980726938,38.37487889909683,1846.422113010643,57.12515830095128,22.408004858599814,1010.4486067037975,13.719850631811141,0.0,NNW,1.8477475577200644,Aotizhongxin
3398,2013,7,20,13,107.55650720289354,162.36330325968814,6.697695959423607,34.29112787639939,1742.5785607852563,76.14826474421264,25.16036887416223,1011.8567544668349,15.696862047294026,0.0,NNW,1.9151532189707354,Aotizhongxin
3399,2013,7,20,14,109.40687753766036,150.17447817724974,17.704288379370734,37.17265760122875,1690.8364614875195,78.73693210176191,22.759913969286846,1017.2520787907964,14.697404866165789,0.0,NNW,3.1464863444364175,Aotizhongxin
3400,2013,7,20,15,,129.84948795256523,8.253061365007051,38.932224022507526,1564.4859299073678,77.83351525536025,22.760616360527337,1018.2468712223873,16.882405269670468,0.0,NNW,1.3869664756098268,Aotizhongxin
3401,2013,7,20,16,98.77424354227213,136.56352736652624,,20.011896874272768,1418.3596081234748,83.35937038208078,25.29805512934903,1017.4776113044838,15.492327459136666,0.0,NNW,2.205879001106634,Aotizhongxin
3402,2013,7,20,17,98.05627229592783,151.660473225756,9.866147379389067,21.081017904719673,1406.6167033828303,84.27069996354213,25.821115484705814,1015.0514133057258,17.601566219959164,0.0,NNW,2.4097306716593487,Aotizhongxin
3403,2013,7,20,18,97.81597401081302,138.59476411578748,9.70599709964998,19.14991221338364,1395.8973571263746,80.68844933582636,24.610184737067097,1015.0607351294085,16.597808282966383,0.0,NNW,0.8924380142943591,Aotizhongxin
3404,2013,7,20,19,98.44281841718377,137.94516442735514,12.599956823167282,6.310445459200402,1465.5107046406056,84.12287904874883,18.16338467343489,1019.4857570561679,9.661505300582949,0.0,NNW,0.8172286549960104,Aotizhongxin
3405,2013,7,20,20,103.18373265032284,160.82934215748048,15.68366036198871,28.8131862468513,1516.7829911355632,86.5590513495404,16.983879697921648,1018.8754568740785,6.616242233799815,0.0,NNW,1.4279843656228932,Aotizhongxin
3406,2013,7,20,21,97.82230698738084,122.6376813117889,12.218947103893237,38.33560634289698,1424.3956611826632,76.4160482398753,12.781177118332637,1015.4083751905926,3.824438835067302,0.0,NNW,2.1949359664596964,Aotizhongxin
3407,2013,7,20,22,106.76378838322778,136.61331259599115,14.465234052891576,,1643.4287916415526,76.69767630230275,11.585892109394113,1019.1837698539397,2.633637582069419,0.0,NNW,2.093192144738266,Aotizhongxin
3408,2013,7,20,23,114.50392864480001,144.14703539305168,14.692579384668514,32.85748808642366,1766.0646426182207,58.103788343332575,11.684272142574045,1014.2118953694048,4.634528076030412,0.3055465327844419,NNW,1.9047339493687374,Aotizhongxin
3409,2013,7,21,0,121.3786004107626,173.65652243986818,18.05259427179188,34.98641561183886,1999.4331743166845,53.961063488542955,7.909594512796925,1009.7856012519378,0.5389634593446818,0.0,NNW,2.521908799646197,Aotizhongxin
3410,2013,7,21,1,137.33062054671643,193.92780003655423,14.905346087053621,50.34922528278389,2248.330249939992,46.18631883969723,5.778934842719931,1010.1546425751516,-4.548908781576266,0.0,NNW,1.3145635106804296,Aotizhongxin
3411,2013,7,21,2,141.86631311847862,214.04020203866781,20.726171663249243,61.63418949253174,2340.0083042283413,41.84868628207594,6.158370371726132,1009.5109411560107,-2.422334165299036,0.0,NNW,1.8635641548511628,Aotizhongxin
3412,2013,7,21,3,146.46721259781492,207.48884840830857,21.86703350287489,60.380939210214024,2441.174061725746,55.19414093739722,3.807421865285793,1008.6372633675654,-4.9429609469898415,0.0,NNW,1.9091660114921924,Aotizhongxin
3413,2013,7,21,4,159.2009844845706,218.8398066836058,22.57773804497092,64.63494516267886,2623.4765270421394,45.60975283649264,7.730209284432103,1010.1698794167812,2.662252210007973,0.0,NNW,1.336169905802585,Aotizhongxin
3414,2013,7,21,5,158.86975194031004,222.43560144521513,17.849185529435914,73.45316394767123,2667.7743097119956,25.082623155929838,6.350673420517825,1005.2577930432259,-1.210856809029742,0.0,NNW,3.841355961024263,Aotizhongxin
3415,2013,7,21,6,157.69151601989182,221.94519661245812,19.494987097288426,59.08690752615437,2629.527145573289,39.37498296408455,7.326240823694675,1004.3369754017756,-2.289916804851127,2.742060911423122,NNW,0.2716496090012832,Aotizhongxin
3416,2013,7,21,7,156.08118911484047,201.79605202749497,20.548030097786647,62.558755832397125,2574.0842883958826,31.946031216287594,10.880273852193417,1008.3750182345648,1.7150769682909408,0.0,NNW,2.9925446657698123,Aotizhongxin
3417,2013,7,21,8,156.4471143682198,246.12927655885665,15.217600884435178,75.39735216977839,2495.480124331766,31.525519050673374,13.820738789291362,1006.655903963226,5.252920690498278,0.0,NNW,2.640057770167407,Aotizhongxin
3418,2013,7,21,9,152.51076571969628,218.7137821885939,23.320294530190782,57.56764663894994,,27.464935813111243,17.393962860223887,1013.3114783410009,9.9375142233112,0.0,NNW,2.646630083884249,Aotizhongxin
3419,2013,7,21,10,141.12706089549079,199.677968333913,17.46317039949347,44.86130427226743,2353.8347993456746,57.21918693820244,17.27323709163796,1011.3864407629512,10.000618510881317,0.0,NNW,2.0766788278252255,Aotizhongxin
3420,2013,7,21,11,131.76295799605765,190.6197810372665,17.14587888832677,44.82153213204806,2175.756832576679,39.89089237576559,21.629084784040575,1009.6551118698069,13.929808748077743,0.0,NNW,3.0668628587111373,Aotizhongxin
3421,2013,7,21,12,121.56896891013321,177.29066628005253,13.268986680818392,37.49456119023006,2035.811695678713,59.48036821990126,22.22288522971547,1014.4257074775684,13.908237361261072,0.0,NNW,1.6413123223229293,Aotizhongxin
3422,2013,7,21,13,113.49551337616542,157.48818387160728,9.725272096386327,42.680919783559744,1741.6630884836943,57.007363670314334,22.743184006383842,1014.7549168156786,14.539183520098328,0.0,NNW,2.3139513531960523,Aotizhongxin
3423,2013,7,21,14,107.96345936376036,144.8364317468575,10.68791034357569,27.832423971289778,1576.926131117332,80.25843947069924,23.49404096938433,1015.7673942949266,15.300587129763151,0.0,NNW,2.0585603403963084,Aotizhongxin
3424,2013,7,21,15,103.42307895171582,150.78681739561918,12.122078656968029,33.02613839915901,1563.7535149650623,74.33415126652417,23.354524834550492,1015.2910460427557,12.680159988621664,0.0,NNW,1.8141512760568774,Aotizhongxin
3425,2013,7,21,16,91.55147325758549,132.0291709659342,12.690159419338887,21.790970175986033,1400.66519331908,80.30600853940751,23.54671726455701,1017.1710287221991,15.45477983209149,0.0,NNW,2.097481604815023,Aotizhongxin
3426,2013,7,21,17,92.81022453269001,121.83541335487193,10.65574549036282,8.69445516703281,1269.5461252622554,83.14080302792638,25.333813970484513,1012.62371333026,16.467932886792955,0.0,NNW,1.2409927293699088,Aotizhongxin
3427,2013,7,21,18,92.79827470534855,144.1079407011606,11.04017204872585,27.452958295855378,1360.362250749812,88.02570334935784,23.131132214544532,1019.6341788084441,12.651886883367435,0.0,NNW,1.4687739198924628,Aotizhongxin
3428,2013,7,21,19,99.35862810705213,142.0355997131028,9.159291744510528,26.86919292659374,1388.4875467208115,84.2781932970598,18.138182516087074,1009.9575043521094,13.7650063831418,0.0,NNW,3.2642510027168017,Aotizhongxin
3429,2013,7,21,20,104.13243409135373,153.0836013505715,12.158618679814092,31.821554449981953,1446.2949082301755,81.2179032049998,14.968604070702806,1015.4458808308704,7.4355594796834845,0.7607418101358573,NNW,4.305278246758968,Aotizhongxin
3430,2013,7,21,21,113.3052846002335,172.54660731712607,15.912964693224982,25.473966622946993,1606.9283789131284,72.4936497771159,13.331560266305384,1012.3441127995447,5.35121515372283,0.0,NNW,2.415964263678146,Aotizhongxin
3431,2013,7,21,22,121.38466928163045,170.15742520593096,14.61436832731696,28.763644197124982,1649.0009257071197,56.75270626657908,11.24670523660407,1013.498297717537,2.6900132507103858,0.0,NNW,2.6668464362516593,Aotizhongxin
3432,2013,7,21,23,134.00500095336577,190.77652140455322,16.134530439246213,43.03535396580193,1938.9436784163204,55.284966532144495,9.54510143413449,1013.1458606806884,2.6404351221075197,0.0,NNW,2.20162518815284,Aotizhongxin
3433,2013,7,22,0,143.85857485051253,209.5022771757787,15.882049197919892,57.15215658024785,2115.65387032989,67.18479738680645,9.688227472647595,1009.6064129321676,-0.055222916162926516,0.0,NNW,2.364043647172738,Aotizhongxin
3434,2013,7,22,1,151.2314852178165,204.47546846694254,11.784630016713798,50.265724978101034,2341.2346221303474,50.471329239174004,5.518170673806113,1005.1569502892089,-2.950885764108107,0.0,NNW,2.435033486163649,Aotizhongxin
3435,2013,7,22,2,167.5566527465284,235.11983047359976,14.36600040810627,58.39668076837716,2532.541715146683,40.859902222775204,7.861491677375228,1009.9141314482821,-1.5667646466358827,0.0,NNW,2.8283427464756326,Aotizhongxin
3436,2013,7,22,3,177.3260046712444,249.51189240625362,19.900161307924268,56.56943414832529,2733.3941935285184,28.26504902615586,2.4797001615179486,1012.6373456581231,-4.437955557975022,0.0,NNW,3.2295598540309496,Aotizhongxin
3437,2013,7,22,4,184.38854103319875,248.58337192964427,19.297309863041935,49.97146390069929,2694.0415225425313,21.152893504485515,4.817792955965857,1006.9673126473778,-4.4223187628131235,0.0,NNW,1.2924686891405512,Aotizhongxin
3438,2013,7,22,5,182.28033604218427,278.36883834579675,21.149157790863825,72.05795187901383,2802.658107724549,28.81978554149131,7.518068965860216,1009.0890327810063,1.170060683310762,0.0,NNW,4.262238819121492,Aotizhongxin
3439,2013,7,22,6,178.14933078365812,235.3361286621973,25.02927025353222,72.26731391268929,2852.9944988478373,43.88052854045257,9.199740066684175,1010.0087696751137,1.0508269852784906,0.0,NNW,2.1106151687390406,Aotizhongxin
3440,2013,7,22,7,178.29796750089758,236.63611546438503,22.007737129133343,70.00470872718292,2797.3108389941503,30.28115240655011,9.496429065417411,1003.370295019463,2.6581642106579952,0.0,NNW,2.1108768529625688,Aotizhongxin
3441,2013,7,22,8,175.8830396168317,259.37852122060013,23.10678563615066,60.864944568949426,2795.7475050971475,42.35422015780351,13.914439699651087,1006.7553226781212,6.514228026207399,0.0,NNW,1.66967252612372,Aotizhongxin
3442,2013,7,22,9,168.6589906788617,243.2552494583718,18.81957807434493,63.918584421639274,2541.8844924360515,36.29173217635673,16.218294663760325,1005.9116948706896,9.807161914753603,0.0,NNW,1.6727343832393633,Aotizhongxin
3443,2013,7,22,10,163.00971804171354,217.95395708359115,15.078352967546682,62.15009437910265,2540.633286318182,53.88866696028849,16.56501846205644,1007.8874459240436,7.1622535680136545,0.0,NNW,2.493096722983501,Aotizhongxin
3444,2013,7,22,11,162.12879710696353,233.05320610076586,16.120496747869584,63.13765038170408,,50.01201585435028,20.47239270266663,1014.1099281767806,13.830827480086592,0.0,NNW,2.5097253381578404,Aotizhongxin
3445,2013,7,22,12,157.1458356520891,234.6826743628978,12.585744558842586,52.90820883717954,2220.356830997579,47.681157544495036,23.126487737980742,1012.4473589728484,12.332604758136847,0.0,NNW,2.452178936988851,Aotizhongxin
3446,2013,7,22,13,144.81723026000253,202.4414917880337,18.38078964480474,40.33418889821869,2104.5625763853845,63.78094544856858,22.744451886485148,1014.871742427603,14.809142029655677,0.0,NNW,1.6361314694835927,Aotizhongxin
3447,2013,7,22,14,137.13576630450638,217.97830182705474,14.871173229606411,24.533973956605035,1955.1811869338762,90.84000418280408,27.200746438294427,1014.4122017880725,18.381863539839905,0.0,NNW,0.2,Aotizhongxin
3448,2013,7,22,15,127.70269694549974,161.54315761501925,13.026003583952104,32.10313075764299,1790.5138478937433,95.57651268517222,23.746957080073535,1013.1144286144616,13.64014500408098,0.0,NNW,0.5635731207269454,Aotizhongxin
3449,2013,7,22,16,121.38433860192873,176.87630858129123,14.377702587762117,29.73211109110569,1726.5966435540677,86.51596812240462,24.87539758783245,1017.6863584133596,15.535114400342438,0.0,NNW,2.0106302813021513,Aotizhongxin
3450,2013,7,22,17,116.73286326427124,175.09129193218976,4.110201624984983,31.353721676765065,1610.8327560207094,82.77755750308968,21.785588063215126,1019.334779874331,12.824604473796125,0.0,NNW,2.268705070016207,Aotizhongxin
3451,2013,7,22,18,113.80005572252725,168.2335170275906,11.764413854027978,35.831134874587406,1470.628616593603,88.03901802095083,22.226108109859315,1017.6347484323373,13.931280586703515,0.0,NNW,1.6642433774425989,Aotizhongxin
3452,2013,7,22,19,109.80173944596162,151.67887795788977,6.23843351564154,24.920279377764395,1499.1254914588483,87.3166690445596,18.399390175893767,1017.8078778549652,9.612115698119979,0.0,NNW,1.4456782160582171,Aotizhongxin
3453,2013,7,22,20,112.28813339502773,154.29897193292732,10.648105885680824,44.487389442816124,1533.8850102221998,81.25176757093995,17.146996739031316,1013.8605242461887,9.267035699340799,0.0,NNW,2.2373545672896036,Aotizhongxin
3454,2013,7,22,21,114.81326152557523,165.18001784667788,10.529343316665619,16.783568215944427,1737.1178727274362,82.08710972888986,12.620103658018357,1016.9492611722312,3.374866184635502,0.8331413914074943,NNW,1.9138949696392975,Aotizhongxin
3455,2013,7,22,22,109.30867020116254,161.18968314814822,14.485209836290842,38.35473497969299,1729.7128593442355,74.58226862153565,13.611529649463375,1017.1920276458527,4.896243097961374,0.0,NNW,1.6188058574002557,Aotizhongxin
3456,2013,7,22,23,124.75598694609353,180.68311608735456,,33.43545596047734,1885.0762706920668,63.31075227391991,10.534420074612415,1014.1032661740555,2.1008209770511224,0.0,NNW,0.7075953180372148,Aotizhongxin
3457,2013,7,23,0,136.8756369160359,202.02647059038412,19.035351520835366,29.74222400248958,2138.900585215937,48.047432006163575,9.560048018589573,1008.4064335082462,1.8331923520857079,0.0,NNW,1.3248523219275912,Aotizhongxin
3458,2013,7,23,1,143.1350053694115,190.20030794650873,14.488403742714763,48.562185891657144,2186.997737680645,48.928931450235325,5.818038215195859,1013.977163776038,-0.9086908620477969,0.0,NNW,2.746073960106557,Aotizhongxin
3459,2013,7,23,2,150.44571021529828,208.34628451018125,19.627343168899852,43.34261841263235,2416.0787686046597,55.49518849073597,7.041512787430815,1007.6103522127124,0.32200729802888306,0.0,NNW,1.2298937534402814,Aotizhongxin
3460,2013,7,23,3,151.97229626162448,203.36105544503673,19.022203556629233,57.85071243946842,2451.7249579374607,42.007708225382665,5.058919468092253,1009.240039747847,-2.5848545442044992,0.0,NNW,2.5309235797290324,Aotizhongxin
3461,2013,7,23,4,163.52274645080468,225.0707172702651,14.424256208707533,62.598662060444425,2570.162523088842,41.35223382126409,5.5104929262524225,1009.5758255181996,-1.8441275488391797,0.0,NNW,3.109123278701076,Aotizhongxin
3462,2013,7,23,5,174.108913905036,,17.07377975587624,73.26684780046895,2818.468453632407,33.021699065729166,9.510825950183522,1009.3296075126566,1.9786263239517348,0.0,NNW,1.367150225493012,Aotizhongxin
3463,2013,7,23,6,175.75791402935005,247.14091884834235,19.550365899433494,52.9393189218885,2851.492866994178,24.404024949893753,7.201918240726619,1003.3998863764403,-1.2700450230687006,0.0,NNW,1.6442769287583836,Aotizhongxin
3464,2013,7,23,7,178.82981139476345,276.43032758416655,23.166506481120525,71.58607785094755,,33.465557194055066,11.841188546732274,1007.4048053807005,5.192063050659093,0.0,NNW,2.7898799775470735,Aotizhongxin
3465,2013,7,23,8,176.53394583536027,249.08158784140153,20.721296191593538,,2749.533376168333,28.124805897895516,13.131336959796213,1007.771916202843,3.759615321070569,0.0,NNW,2.9862654002453217,Aotizhongxin
3466,2013,7,23,9,166.41948540191981,233.5841983684851,15.033031434290596,67.37292885260771,2550.880662947657,31.459438734300797,14.142142661631775,1011.3425224695203,3.069924459176007,0.0,NNW,1.4841642937368793,Aotizhongxin
3467,2013,7,23,10,158.55898849046878,223.04441308105842,17.07905131585852,51.54599059975098,2410.404564387888,59.55636608869409,15.614654115329996,1010.4174470848212,6.052420035198462,0.0,NNW,0.7029377249125295,Aotizhongxin
3468,2013,7,23,11,151.8512717106322,206.2136934662857,22.347514571891697,39.51842420794286,2269.873792739126,49.328663823094814,18.450372424316765,1013.6021400965773,12.555053646973196,0.0,NNW,3.0039011292698685,Aotizhongxin
3469,2013,7,23,12,142.26850948258283,198.59754715184002,15.333670004522574,35.26000539027307,2126.4644112744163,52.58515274539966,23.76708000864724,1013.0798351997703,15.323930300900724,0.0,NNW,2.467086061425845,Aotizhongxin
3470,2013,7,23,13,133.62932501976707,198.35893529879033,12.723928049270208,29.489159468612655,2019.315918797374,82.65007297137207,26.26185332809982,1013.1457628163902,18.673046837375473,0.0,NNW,2.3205037806982967,Aotizhongxin
3471,2013,7,23,14,126.0282981428062,177.57932408120638,13.975218922268663,38.82251322336525,1861.2465956963822,80.64985035404241,24.79641811770602,1014.8877188430763,16.385493092850712,0.0,NNW,2.7324737178307075,Aotizhongxin
3472,2013,7,23,15,119.49158071574796,159.35361570321243,13.754645332813174,42.67324055398665,1590.661553270721,73.9625772746453,25.215822643931684,1018.5827277401377,18.05832063717122,0.0,NNW,1.051913118452819,Aotizhongxin
3473,2013,7,23,16,114.93305599980113,151.65543219493523,9.30136793863763,23.159879711069465,1538.3926196487862,85.92699835013464,25.82393841262541,1013.7362633479197,17.930007411634975,0.0,NNW,2.3129592284633866,Aotizhongxin
3474,2013,7,23,17,107.69362305907582,146.2690533660477,11.678095191668971,30.714565860280903,1439.1706029783875,81.79026247461968,23.770207081874165,1018.6415381516864,15.667319068025787,0.0,NNW,1.7717867795610776,Aotizhongxin
3475,2013,7,23,18,103.8033332512361,146.06330089583935,9.013331509987573,12.812463534915041,1303.8475095848264,78.073203207204,23.72061786882096,1015.7447680175584,16.641285371396627,0.0,NNW,2.4822046557414597,Aotizhongxin
3476,2013,7,23,19,99.6872213997642,151.4979753144325,12.328353674042972,27.124053467637022,1439.4334880299818,88.89505790207676,20.43743337599478,1015.144670962948,11.738916468066543,0.0,NNW,2.6392306946180506,Aotizhongxin
3477,2013,7,23,20,106.59549627364788,135.82880836944264,11.17895245499166,33.02799285500824,1494.0458174594817,78.40761624140893,17.791502421503875,1018.3769797521545,10.349619095549452,0.0,NNW,2.7812426477563625,Aotizhongxin
3478,2013,7,23,21,102.94046718422334,140.9183912790251,12.910369575225939,19.272866174054098,1535.0238981676189,78.43264961965772,13.951180728758825,1013.7693593959108,5.689098237142101,0.0,NNW,2.478848780588444,Aotizhongxin
3479,2013,7,23,22,113.76803199308743,160.7183449846732,10.222449361497485,33.36893224816116,1777.437808863481,82.71363234899673,10.993908929764869,1015.2541494338507,2.8327695499455308,0.0,NNW,2.2005466118604753,Aotizhongxin
3480,2013,7,23,23,126.54885822906319,158.83134384439413,11.242045622268815,45.55095622183409,1913.2786984557147,75.5826071655168,5.26136797968214,1012.316212381193,-3.966528269302772,0.0,NNW,2.227330056557894,Aotizhongxin
3481,2013,7,24,0,133.10470723420838,178.01060729822765,17.836491913978186,21.529834822164183,2043.301134625366,54.499067081439236,9.780107388047332,1007.286126608207,1.456173913967923,0.0,NNW,2.2934114280174147,Aotizhongxin
3482,2013,7,24,1,130.45673023597482,175.84053693300288,16.05590608135612,60.86000539566435,2175.785340979054,58.389839895307844,6.119835379322124,1011.6613367346961,-2.692028446048648,0.0,NNW,1.500555318954913,Aotizhongxin
3483,2013,7,24,2,136.24691663503006,182.7859795505371,18.355104226298085,57.82943500712838,2342.918925409019,36.22143753854244,4.740145720005645,1009.7526425459135,-1.564974011852713,0.0,NNW,1.7036028683170898,Aotizhongxin
3484,2013,7,24,3,142.2033834254712,201.00363224587613,17.61634762467318,64.8759568054697,2435.29315818085,46.82647208349336,2.07243905542185,1004.6443050652376,-8.453668440366293,0.0,NNW,2.321869314198743,Aotizhongxin
3485,2013,7,24,4,142.9285492236923,198.49437281815125,22.026307340963122,59.01875384213066,2524.2980352382215,39.834317963400096,4.380572588450789,1006.272693898,-2.285537574382517,0.0,NNW,2.5203839886203436,Aotizhongxin
3486,2013,7,24,5,143.86468832359822,195.85770262702712,18.006199191356366,50.53673667325852,2530.0094546172686,39.641647966407604,5.182216274731271,1003.55638663513,-5.434170246302202,0.0,NNW,1.479205709747182,Aotizhongxin
3487,2013,7,24,6,151.0076943303796,215.69039832805777,19.593196280297352,69.27250365053561,2603.9686673250535,32.02555245355767,6.736772557288362,1008.4633797745928,-0.4574039862966952,0.0,NNW,1.1386944143802002,Aotizhongxin
3488,2013,7,24,7,152.64517776825858,230.9339960520245,22.187607569554736,63.657793922449265,2613.182788176637,56.69256707929819,10.499254214728941,1009.9463572739749,1.2426588634102986,0.0,NNW,0.6597607301509845,Aotizhongxin
3489,2013,7,24,8,145.9499086356073,220.72243725726773,22.849030116414994,62.57743171914734,2476.353383077001,29.33636782918589,12.595182378768797,1009.3688541911702,5.444665775021308,0.0,NNW,0.9909317653923264,Aotizhongxin
3490,2013,7,24,9,134.79195327928886,169.48101687038104,16.96425603285269,67.84299150532257,2332.77525799045,52.03784758002092,12.958056099570442,1010.4427264076675,4.776017587546195,0.0,NNW,1.5683541094174125,Aotizhongxin
3491,2013,7,24,10,127.27068057325334,183.94967464090607,23.379051945867648,61.09651099090078,2287.0594266769504,37.183016802316686,15.641428801164206,1008.4643391886664,5.49289876733102,0.0,NNW,1.6427078143876164,Aotizhongxin
3492,2013,7,24,11,119.18142480892722,165.0737618318597,17.233820306593454,65.54628023876732,2157.3768213055423,58.57296561873019,18.050482171504452,1011.7997607967081,12.088409981270178,0.0,NNW,1.773730577754051,Aotizhongxin
3493,2013,7,24,12,113.40165020530486,160.31386371608036,11.871215214573787,46.23083383098799,1986.8230973443478,65.75789977251783,24.78685694321624,1011.9818627397157,17.951826407999704,0.0,NNW,1.0359852704515038,Aotizhongxin
3494,2013,7,24,13,103.49581200195858,140.9113064673165,,34.29391959562064,1658.276010136233,67.02023484318588,25.899337980881832,1013.6647242576902,18.654101166380116,0.0,NNW,0.5499661139432557,Aotizhongxin
3495,2013,7,24,14,98.30638165648168,138.80482061794638,11.351002356549628,,1515.4581765226048,67.54675589456296,23.380809764241285,1016.4148629209091,14.420255147659487,0.0,NNW,2.1012507054545613,Aotizhongxin
3496,2013,7,24,15,99.83379438112617,141.28138609429683,12.766671555616794,34.18317135657791,1456.2921709771326,79.08901843711666,22.035108520006403,1017.8865087472273,15.251735440185103,0.0,NNW,2.1015747302527066,Aotizhongxin
3497,2013,7,24,16,98.32823979296649,131.87001813666384,10.541304238096792,35.806344076255044,1446.9351289239305,84.3207384289127,24.85132462740946,1015.5506142396451,14.926447195012097,0.0,NNW,2.497068593375531,Aotizhongxin
3498,2013,7,24,17,95.1388730885045,124.23074684565447,10.393191939125094,13.945211862708884,1234.3044245745257,102.04751052028953,23.730664212200896,1014.0143395087352,12.3891950284399,0.0,NNW,2.652030414198775,Aotizhongxin
3499,2013,7,24,18,93.38404599296337,126.25070756395385,7.2652198702415625,25.06830092143335,1317.632289612732,76.27659714699703,22.546443292348073,1016.6251909306143,12.202954488559772,0.0,NNW,2.3138864573825018,Aotizhongxin
3500,2013,7,24,19,92.97957866757183,132.5140027791682,13.140554560703738,38.55781673052559,1427.8212632830032,78.58901069408668,21.112060838716,1016.3910825608176,11.72907878422638,0.0,NNW,2.091734108422799,Aotizhongxin
3501,2013,7,24,20,100.69915499251931,146.96878040636966,7.201490879624711,25.757820956291066,1508.3050199628244,84.49799066530433,18.265746381119122,1016.8993227789505,9.133491054983324,0.0,NNW,2.7008048492282635,Aotizhongxin
3502,2013,7,24,21,102.95745988665084,152.67393361471264,8.138171407852276,38.30595921522188,1515.3622340899124,75.11713162571117,13.325340702749621,1017.201525742861,4.673075349480487,0.0,NNW,3.13924719338089,Aotizhongxin
3503,2013,7,24,22,109.3515541582472,148.15027559087696,13.602081047442459,38.94494021772803,1653.1446612074453,71.49958962269402,12.85287117972082,1010.6708360690319,4.267221327791364,0.0,NNW,1.4586590174493441,Aotizhongxin
3504,2013,7,24,23,116.79177441269589,166.3469298508016,18.5144375160213,47.47050395014941,1859.1686626009036,77.17399448120065,11.280735363003485,1011.9522681231297,2.3059779395669375,0.0,NNW,2.6162085371649995,Aotizhongxin
3505,2013,7,25,0,,181.1939185118686,13.94222070880678,38.52191566720054,2027.1571097184133,31.797334965707652,6.842929603629465,1010.0722236213651,-4.3315425546198,0.0,NNW,1.5006586502954933,Aotizhongxin
3506,2013,7,25,1,124.82391815606464,186.40943436993174,18.397012193624498,43.733167541525766,2075.4620999025374,47.55003042225887,6.7896806652894,1013.207692351871,-0.9221342832946275,0.0,NNW,2.1752275290240037,Aotizhongxin
3507,2013,7,25,2,133.3512448174597,186.10341420312832,20.720020530590638,55.162175136978306,2255.091657453706,30.076307737487507,4.511570660907605,1009.0832582132953,-3.8854414692693977,0.0,NNW,2.855631760388933,Aotizhongxin
3508,2013,7,25,3,139.3204323656346,192.8392880624923,20.979587217814945,46.884361325808456,2369.1056849736947,30.364166101295606,7.994254581411845,1007.4386989549437,-1.0502607954092305,0.0,NNW,1.7810658139186215,Aotizhongxin
3509,2013,7,25,4,146.08895292131763,206.4357764282086,18.396502151401148,60.16258322279551,2448.5543128155555,62.39560982611374,3.350501028808787,1008.7464763659709,-2.552467034132172,0.0,NNW,1.238338509364652,Aotizhongxin
3510,2013,7,25,5,146.95156437069983,194.2351153900057,16.55648897986312,66.3415297859067,2550.9956580801354,41.833535682300855,8.073669366948517,1005.9843581667226,-0.28957867988452995,0.0,NNW,1.6326304087895696,Aotizhongxin
3511,2013,7,25,6,152.85707477728,212.0638095778369,13.377357302985935,79.27708485559818,2608.0602212078015,44.51564925058104,5.422713045996621,1006.9696104464063,-2.489489355319116,0.0,NNW,1.2375614287659982,Aotizhongxin
3512,2013,7,25,7,148.32775444110467,215.10472020227783,19.04110763305816,67.54026203993993,2509.960160245032,35.04655784490898,12.689579027824912,1010.7985132687787,5.883354255499611,0.0,NNW,1.140629765883077,Aotizhongxin
3513,2013,7,25,8,152.17890290203735,219.4699353572893,22.864389124608717,67.3223358426736,2596.1454316119607,45.93650315370813,10.699485947838179,1011.2424536288511,0.4646946844969375,0.0,NNW,2.965258718424323,Aotizhongxin
3514,2013,7,25,9,140.42079818478754,193.88644141506367,15.163035951646936,68.457942400131,2430.3751318842137,24.65668539513382,15.284507315984005,1007.6496974479415,7.250592235482152,0.0,NNW,2.4258966679136598,Aotizhongxin
3515,2013,7,25,10,135.94667500741866,192.50252702125778,19.600629542556295,47.28273928883955,2322.359385101603,57.88298411769601,15.144400670979998,1009.1352763956809,8.333222452004938,0.0,NNW,1.4243570281096614,Aotizhongxin
3516,2013,7,25,11,130.61296909060076,174.61165332393418,13.443637635356989,48.855719603082534,2110.0278529925963,45.33108268683797,17.975028324467434,1009.4678477730258,9.838034970419066,0.0,NNW,1.2124867516384086,Aotizhongxin
3517,2013,7,25,12,119.66616946576164,174.56755873431652,15.318217729160514,64.40330073443114,1858.1505718203607,54.68684180674087,23.41768838330241,1008.1482694499197,13.462674503274021,0.0,NNW,1.2676746070785216,Aotizhongxin
3518,2013,7,25,13,113.59917386413007,158.26062904841737,15.829279616952448,39.19064131887351,1828.6323293543148,71.52198683210955,25.20249750504859,1015.366473915706,16.478784337630678,0.0,NNW,1.4242185911684535,Aotizhongxin
3519,2013,7,25,14,111.48181989624635,153.3150333377835,10.521513689484719,43.931445990257664,1658.648923438485,75.66446758582215,25.01829666144215,1019.3426842333436,17.30177663005762,0.0,NNW,2.9221265696760876,Aotizhongxin
3520,2013,7,25,15,96.40134110323369,131.3446391835933,11.975920136158006,38.56776739365392,1443.8346096889659,78.52387001359916,26.111622498235363,1014.6486350306312,14.951305663011663,0.0,NNW,1.91192802105803,Aotizhongxin
3521,2013,7,25,16,93.6447616552602,130.4737276483657,9.42459897090182,15.854582209209715,1339.8952779961342,68.01967355880777,26.22657637687164,1014.6965395643437,16.197584884219776,0.0,NNW,3.705291503519689,Aotizhongxin
3522,2013,7,25,17,80.67466569880098,108.46575552900178,12.28581684536919,28.1653176902661,1245.260868670423,85.14628234544313,22.63398874214542,1016.2839355387654,17.594294086048084,0.0,NNW,1.9682086335755944,Aotizhongxin
3523,2013,7,25,18,75.78978127338019,112.6871241427579,10.705951505453912,26.173979777641804,1285.1846150395652,94.60561353483229,19.972625660390253,1017.1700920956572,12.699511001917621,0.0,NNW,1.5394841453807124,Aotizhongxin
3524,2013,7,25,19,83.32867194431189,112.70730524187483,10.33989389184246,28.321153776942108,1254.9865689710923,78.82327469622876,19.97944492069581,1014.5585689110316,14.20465076177023,0.0,NNW,2.7422153785168395,Aotizhongxin
3525,2013,7,25,20,83.99855648588255,133.52762004050936,15.34492286150374,21.64659208598275,1271.0881381649383,94.80000554801391,16.722388672179395,1015.413170096954,10.02186522444122,0.0,NNW,0.6638860915655282,Aotizhongxin
3526,2013,7,25,21,84.0705953061834,132.35093846347056,13.45138452117217,21.922508280971773,1422.3187200263496,68.95075017052359,15.582932220301494,1017.5653284138089,8.173907685062689,0.0,NNW,2.15075868370108,Aotizhongxin
3527,2013,7,25,22,89.49204782584108,116.37343205763247,10.42894440162113,31.191919999833182,1524.5769965952925,72.56547891718375,13.233852467106683,1014.7547612689345,4.770233608691424,0.0,NNW,1.0302606661018423,Aotizhongxin
3528,2013,7,25,23,104.99910182541966,147.69578524988032,13.448313072094106,39.04125912127594,1630.5001281779382,81.82375346132918,8.977523814146082,1015.8348672817706,1.5493446257233074,0.0,NNW,0.2542959920018353,Aotizhongxin
3529,2013,7,26,0,105.43694418967118,141.1051556521777,14.772303644761017,54.47987558080253,1876.6128695050338,53.186000873003906,8.985095002584188,1012.729535705723,3.1600412888777214,0.0,NNW,1.9058818286973884,Aotizhongxin
3530,2013,7,26,1,108.9962758961894,149.32831062277904,16.535053943388238,64.71486745985527,2081.921213635603,64.06937870620771,7.320953526082575,1008.5280702369415,0.5592619108337193,0.0,NNW,2.6678210010746843,Aotizhongxin
3531,2013,7,26,2,122.22143127583229,191.13427846261314,25.073527829822485,66.17278276978543,2047.7446538352071,67.24652362221809,6.425718105442846,1008.3479720465605,-1.3240664372869846,0.0,NNW,2.171140773616,Aotizhongxin
3532,2013,7,26,3,135.86544408557967,187.13590754865353,19.64808958406573,66.02361730998571,2307.9809639581504,44.03277115957781,4.38831143448411,1008.9612902211762,-3.870209169315356,0.0,NNW,2.0749882983627885,Aotizhongxin
3533,2013,7,26,4,140.21927786635524,199.9092493836716,13.222419308607863,54.28578597729205,2325.7380300120367,33.07919503155597,6.51062498435218,1005.4246944291556,-0.7418896344415248,0.0,NNW,0.2,Aotizhongxin
3534,2013,7,26,5,138.26007973138752,198.9773245640253,18.201232216294446,61.0473471258654,,28.124466313273057,7.119749383168404,1004.6657314027334,-1.6783145277674523,0.0,NNW,1.8760291079632059,Aotizhongxin
3535,2013,7,26,6,147.6656789499521,196.72565680510053,14.202883737512575,66.67940841930398,2630.8447434301847,48.04602703347325,8.889209155269366,1004.6155988932685,1.6369207708910445,0.0,NNW,1.8838490724312689,Aotizhongxin
3536,2013,7,26,7,153.02122330562094,205.67875788377725,18.84023436030782,59.25900422117196,2615.815154450409,48.61879633616978,12.51668284463279,1008.2019796441823,3.469749608138716,0.0,NNW,2.497009427400945,Aotizhongxin
3537,2013,7,26,8,152.73999858153098,201.77577430006218,13.36819632974291,66.93815329591239,2637.929935071657,52.84245613407579,12.90347083386291,1006.9373929502327,4.372589502634774,0.0,NNW,1.1534948028906644,Aotizhongxin
3538,2013,7,26,9,144.72283050784455,193.7522553720046,15.920762492727453,64.90602448976526,2482.1528710538823,41.99394696377684,14.0895566640038,1010.8293493562531,4.547998464679049,0.0,NNW,2.6637245819197855,Aotizhongxin
3539,2013,7,26,10,138.313509708896,165.13861249928254,12.937835411097641,59.29032050052375,,57.87806941527105,15.922508654526009,1007.7071592341067,7.262864088384517,0.0,NNW,1.5924978571133965,Aotizhongxin
3540,2013,7,26,11,130.4366407377923,188.05712104084546,17.44657575941504,58.37745773851107,,53.041129961176274,21.691904239990734,1005.7911042385797,12.666312752261366,0.0,NNW,1.7605601692364699,Aotizhongxin
3541,2013,7,26,12,123.99547460317899,194.1356028570113,15.001618087886635,37.76327029029541,1971.8166433949566,51.16944878391641,22.60702932591865,1011.7385897623935,17.14490241258231,0.0,NNW,2.4223515837643426,Aotizhongxin
3542,2013,7,26,13,122.03490900262874,172.3270799940455,14.61479169698359,47.28624873068716,1876.0879767917638,77.71224397868654,26.165287020324723,1016.5892052863003,16.823543384483038,0.0,NNW,1.048459484235233,Aotizhongxin
3543,2013,7,26,14,118.31714852025397,151.48131933494946,12.186345834294423,29.43483639903844,1703.103342387983,88.83870278278205,21.614929976089975,1014.5691388338972,14.19218291950181,0.0,NNW,2.6593651071988633,Aotizhongxin
3544,2013,7,26,15,107.7944407767185,144.48445325840643,7.28157284345401,23.33037675512597,1567.9800052957269,67.47164980185048,26.36600063167966,1012.791347419667,16.94567715264929,0.0,NNW,0.9162868021149262,Aotizhongxin
3545,2013,7,26,16,108.53286789885993,147.35724660815393,12.210437088842014,31.936420997802283,1524.94436527801,71.25632546560426,24.26755225975974,1013.0815738265087,16.337896314773914,0.0,NNW,2.5241403941322478,Aotizhongxin
3546,2013,7,26,17,106.78838378377365,139.32788952514935,15.937044549363018,35.40847197181048,1463.6913735777944,84.54796499952795,23.129972545522634,1019.2254329592923,15.564845648454218,0.0,NNW,1.8116231371116323,Aotizhongxin
3547,2013,7,26,18,108.51442175588136,160.52201684218545,11.22763773581964,28.904107891008078,1535.2280503622314,,20.923856051642588,1015.3851264571161,10.147200540757037,0.0,NNW,1.8769841675299732,Aotizhongxin
3548,2013,7,26,19,115.40281040432374,169.66653500980658,8.89259707060196,25.847915664398986,1520.3437495936212,72.80995371968717,21.349356520827715,1019.9132197867584,11.252804288344413,0.0,NNW,0.2,Aotizhongxin
3549,2013,7,26,20,113.95350208140843,147.9803849757952,6.385671452761472,30.160722533123284,1518.6135344596241,83.92079246417002,18.508494716950047,1017.6383139166247,9.076484930093072,0.0,NNW,1.527393295806013,Aotizhongxin
3550,2013,7,26,21,118.5777584445193,173.2596722668021,8.740265181787366,31.949279720807287,1622.298803336376,71.77339998906618,13.28642696244084,1013.9963964771234,3.3315716513680362,0.0,NNW,1.8318222938936601,Aotizhongxin
3551,2013,7,26,22,122.66514367467884,186.99932778032303,13.859118969716175,25.99239283091684,1814.076162978557,79.50829099825003,12.6591917058624,1016.8342736886233,4.785319508780675,0.0,NNW,3.2388994125245683,Aotizhongxin
3552,2013,7,26,23,123.62913462014139,192.10637052049353,16.925258854885517,29.882657938390246,1815.3485385156725,58.49160791260414,11.05917149602071,1011.446300918986,3.423041809153008,0.0,NNW,1.9712642274696286,Aotizhongxin
3553,2013,7,27,0,132.7805458836367,214.544884467951,15.782598524165929,44.36939296421236,2052.185058561548,67.7180300027418,8.195947977023385,1009.10532577511,-1.398659956027917,0.0,NNW,1.4776254223993641,Aotizhongxin
3554,2013,7,27,1,150.59134344305,201.80795432583798,18.693757094630552,50.81523558820484,2374.6333778581793,51.9473757642599,8.00150641219602,1008.9724139877985,0.18780406759485258,2.721940729186273,NNW,2.6669265644305518,Aotizhongxin
3555,2013,7,27,2,150.4664611119514,238.89524982068397,19.623034732081727,55.09065902694187,2418.3616111826527,38.128594763189575,4.905683921275544,1011.0374733031805,-3.7304339993815288,0.0,NNW,1.595868937974487,Aotizhongxin
3556,2013,7,27,3,156.55054210334993,215.628695059602,20.05513708009049,64.55094853293026,2531.516779845481,42.9592300246052,1.618463490343288,1010.7404000720699,-6.530750560010042,0.2328216110305309,NNW,2.8257699827234926,Aotizhongxin
3557,2013,7,27,4,163.88027252158577,223.50772697641492,17.354706233138423,60.59669434637405,2655.65682150454,18.96963176050551,5.620818078261672,1006.877818455342,-3.321816856147203,0.0,NNW,2.209079511645223,Aotizhongxin
3558,2013,7,27,5,167.36959800334938,237.5881609534676,20.3513996673708,68.82234998102021,2673.848884931064,30.260908621723896,6.610684616263234,1003.4337482462763,-0.6578302850435467,0.041877597925220104,NNW,1.2803546629678397,Aotizhongxin
3559,2013,7,27,6,167.9393110046144,229.29442206553003,17.454866588353585,63.843305861388416,2700.6577525151883,38.37401070324662,8.395711933191055,1003.8864670777439,2.8481058185975714,0.0,NNW,2.750292431207972,Aotizhongxin
3560,2013,7,27,7,161.72022033950316,230.39874988176967,19.881915990319644,78.90538822207309,2670.3730095859237,18.13430655245434,11.660468646951552,1005.0350797248359,4.821969970379419,0.0,NNW,2.4808289732818243,Aotizhongxin
3561,2013,7,27,8,159.65435463612494,210.31532461320188,20.32271761212293,62.96621788950035,2637.20865010824,12.637996374334918,9.483114669034833,1005.0818792225775,3.5732009420535094,0.0,NNW,2.7165659386881815,Aotizhongxin
3562,2013,7,27,9,151.85974005012451,210.21611004953996,23.571885328093302,77.86791651593637,2545.1281334657206,18.92865727220464,14.642275043501009,1008.9953268461963,4.53803786884157,0.0,NNW,1.854307015324496,Aotizhongxin
3563,2013,7,27,10,136.88684979461385,204.4974120560762,13.570804076897105,57.816092728726915,,60.7712855550037,16.20420373902288,1013.3762316894489,7.1906400856131665,0.0,NNW,2.480904908796254,Aotizhongxin
3564,2013,7,27,11,134.42979002974437,187.63109312733053,17.73861811848652,48.4669635373447,2246.6046470666756,52.76193374480968,18.187954417822272,1012.2974579225386,11.035808167019296,0.0,NNW,3.5363907123702787,Aotizhongxin
3565,2013,7,27,12,130.4987619560369,184.11422460585047,19.443709774870783,37.804416189922605,2124.2499964087715,54.67534605992813,21.962619312521138,1009.7435383100185,16.225060574846303,0.0,NNW,2.1371208858335,Aotizhongxin
3566,2013,7,27,13,122.9408345103656,176.86975436168495,15.982448072003784,28.28051050548803,1919.7624186660269,75.92202348423132,24.7129870832654,1011.9053436941795,17.68864772362526,0.0,NNW,1.681085927907713,Aotizhongxin
3567,2013,7,27,14,116.62170461626403,174.97700275594624,14.998836328475125,27.068461724830755,1794.2227073329063,68.45550317530889,25.11067817017942,1013.5014186414024,15.571342042118623,0.0,NNW,3.2351676918677477,Aotizhongxin
3568,2013,7,27,15,114.70577323152988,144.03583540224747,13.2275507996707,23.821013902957137,1585.2677973082157,80.36228852833099,23.96871636625636,1016.313962239919,15.316730364028038,0.0,NNW,2.5336871935433622,Aotizhongxin
3569,2013,7,27,16,110.83557318070547,161.015042971362,14.564876450404057,30.83805208760864,1482.8144771974653,81.90818860384358,24.441050863575104,1019.4726364906262,16.941157518457317,0.0,NNW,1.6396105194835606,Aotizhongxin
3570,2013,7,27,17,111.45463072461182,153.3550916220389,6.907936364217555,21.472160505737136,1531.1653840957756,79.43815144969693,25.055098704788815,1015.8948283725437,16.808109422342696,0.0,NNW,3.3881012802037622,Aotizhongxin
3571,2013,7,27,18,109.24247670978849,,5.8422200020892605,26.49541642043598,1406.8793230849556,87.94145883889107,23.09576167945551,1020.0775545821364,13.897602992877953,0.0,NNW,1.037266408562472,Aotizhongxin
3572,2013,7,27,19,115.51263687541221,172.31719332320085,10.15136844715889,35.93731037323212,1523.2121722868737,91.88075787142816,19.170844980160055,1021.0374510482898,10.73546331514341,0.0,NNW,2.42333174984403,Aotizhongxin
3573,2013,7,27,20,119.79279245428182,155.76804292187612,4.186386670362678,,1650.491773386966,79.80156892444109,16.661945887529242,1015.6303132863447,8.640291859389874,0.0,NNW,2.9171909286713915,Aotizhongxin
3574,2013,7,27,21,125.33655890664204,165.34473805486795,15.156403506601297,47.49111796400348,1790.5184050127777,73.07211379811754,12.425273759101506,1014.7842446638101,2.7978918008851377,0.0,NNW,2.8573959781923843,Aotizhongxin
3575,2013,7,27,22,126.46951798739035,157.70302558520842,16.16214558648632,25.593512157286412,1799.0453613847192,69.07487592000548,11.767692548601246,1013.7787612652178,5.244456157406349,0.0,NNW,1.2800247112210124,Aotizhongxin
3576,2013,7,27,23,134.85277005152153,183.30228865449237,12.405853109233814,38.618950710950145,1942.797327605779,43.49135079970573,7.396316604342228,1013.4190751968883,-1.263105629496331,0.0,NNW,1.0075517104864848,Aotizhongxin
3577,2013,7,28,0,139.28952173461937,208.3096538722553,13.88768821001847,40.68549661111217,2130.3392549525342,62.83059546508912,11.029536719213697,1011.2836418064363,2.920672379747505,0.0,NNW,2.1836050667080382,Aotizhongxin
3578,2013,7,28,1,,201.09547516947873,16.07705280006059,57.66843375050647,2205.8581433174622,41.43841098255147,5.057068726855547,1012.474259697266,-1.3903522175584726,0.0,NNW,2.5637986237919153,Aotizhongxin
3579,2013,7,28,2,148.47488831524095,194.46359468478946,17.656061951318858,37.081666957071036,2379.1351741072563,53.79718724118924,7.004213020079144,1006.4023374392144,-1.1832849790797892,0.0,NNW,1.1376326145107167,Aotizhongxin
3580,2013,7,28,3,150.42315202324045,205.73562538678613,18.917055663515594,47.59721331030846,2485.8279262467286,41.41808946358337,7.727159311837986,1007.395221903475,1.1976975545003694,0.0,NNW,2.2414262559912768,Aotizhongxin
3581,2013,7,28,4,163.68979631324504,214.2870978036368,21.0048233395571,61.46173349608107,2654.529332386196,39.400575870693444,5.665043849901299,1008.3282223272223,-3.87875744147379,0.0,NNW,0.8340108366549306,Aotizhongxin
3582,2013,7,28,5,172.01216523633752,229.56517031356088,19.311750072419905,76.7295382938573,2766.8928260972216,42.855146048835316,6.189724577575255,1008.9105398828757,-1.1608415505003202,0.0,NNW,2.8486754493585096,Aotizhongxin
3583,2013,7,28,6,180.71586045624252,256.89039374137667,22.82957991043338,66.80673467229846,2804.001140871333,25.734762336590652,5.945384304051901,1011.3905701273615,-0.7956321623771683,0.0,NNW,1.5429739448647852,Aotizhongxin
3584,2013,7,28,7,174.8020551666923,232.9841439703089,21.16747246282125,53.506136891667495,2748.437122218245,39.54433877628286,9.243099817526836,1004.5923204132928,-0.0017021801917371793,0.0,NNW,1.8687785381521,Aotizhongxin
3585,2013,7,28,8,172.090057491197,252.0524235397088,17.509236681304287,52.743175334166935,,,14.817757120778332,1006.3657881527033,6.5502027322287235,0.0,NNW,2.6914536749554046,Aotizhongxin
3586,2013,7,28,9,162.14846831244387,226.29665272911802,22.54087190934503,72.52605324649058,2499.025742014417,40.47452214390838,15.526878944433403,1003.9316529476125,7.290365567487532,0.0,NNW,2.6169627122247383,Aotizhongxin
3587,2013,7,28,10,153.15248536805916,215.26942655472806,13.425229041632539,50.03092160963007,2442.3113990367788,38.21813799236462,17.630712762213463,1007.2802619852943,9.945171587938022,0.0,NNW,2.379156941513866,Aotizhongxin
3588,2013,7,28,11,142.2445487874685,196.35863862637694,16.01759779304818,42.632673922452305,2286.2168809253562,59.48190751298861,21.968184813763493,1007.1680541806194,14.680387239773145,0.0,NNW,2.8235857933644626,Aotizhongxin
3589,2013,7,28,12,139.43831346015912,202.94211722966,17.900752203226403,56.818980485046886,2155.3220118239497,,23.11550363454905,1010.9574052098714,13.748694336615584,0.0,NNW,2.3272372793816998,Aotizhongxin
3590,2013,7,28,13,130.08882339467647,189.95595163031717,11.536685459750961,47.91239514264551,1924.0581260933657,67.60649638734186,23.438444316174742,1012.8373640402293,15.348362028722766,0.0,NNW,3.15802622543025,Aotizhongxin
3591,2013,7,28,14,127.12691208252812,181.32822043466106,13.428666940301456,45.19247714613437,1776.4650346870305,61.796975842853556,24.983642016401078,1015.4389084796751,19.370619276762945,0.0,NNW,0.6313727203226844,Aotizhongxin
3592,2013,7,28,15,123.33019220528577,178.31016014647653,13.094484885064407,23.257529334142525,1741.0145572858019,72.40317920040913,23.847902443853037,1014.938334845293,17.428717631290244,0.0,NNW,1.9523466088288526,Aotizhongxin
3593,2013,7,28,16,127.77718853576818,176.76716725087118,8.08830137713409,15.478646796196344,1707.7534978910976,81.0473078704103,23.8176972933453,1017.2700011797465,17.008463061211057,0.0,NNW,1.9183473323446087,Aotizhongxin
3594,2013,7,28,17,118.8623989680704,171.82938862438903,9.952937709772554,26.74681538912028,1575.3998933507507,91.03309115704764,23.3508060939564,1017.0577774656332,15.061636697054452,0.3834595030689829,NNW,1.8248234188523762,Aotizhongxin
3595,2013,7,28,18,122.87710671588962,168.6491716475074,9.53048850937237,27.68100906458931,1670.2324163482806,69.16510598886883,22.90727440542601,1014.9333535884996,18.100520642516692,0.0,NNW,2.397943037651643,Aotizhongxin
3596,2013,7,28,19,128.48509540882048,179.9014497939727,8.51515731305778,28.598297903857286,1640.1891566865834,78.51011101418294,18.12895554096493,1013.4570817197636,11.673676823724321,0.0,NNW,2.171196801488933,Aotizhongxin
3597,2013,7,28,20,127.58859273185124,175.87759233092876,17.57489753723013,39.50496340942324,1661.45408114479,77.62390949518894,17.7025509466593,1017.4974910187143,9.758679248553449,0.0,NNW,2.659856131586287,Aotizhongxin
3598,2013,7,28,21,136.3846847556806,186.36637326476088,9.175147033730834,16.98772765620306,1788.2438990170958,76.8454537356334,14.415206759905406,1018.8285398759617,6.745822833291458,0.0,NNW,1.052901527995298,Aotizhongxin
3599,2013,7,28,22,143.94246804338195,194.62833728351683,15.514790882203648,41.87756041038212,1873.495859023015,59.486747159751545,11.060415721275486,1019.570770023364,2.3721412391669245,0.0,NNW,3.83376931229337,Aotizhongxin
3600,2013,7,28,23,150.26799165049266,215.05208934927856,12.527501723843965,31.050618744771025,2131.683313370047,64.29514834382971,9.423262675762523,1015.1650046279818,2.013320212499981,0.0,NNW,1.6872223115767664,Aotizhongxin
3601,2013,7,29,0,,229.73760860608706,11.740091433344155,51.84588256688673,2232.6203000875535,56.895164356874105,4.446827293559191,1014.9150304238881,-2.6635601558504387,0.0,NNW,2.229405090380991,Aotizhongxin
3602,2013,7,29,1,159.62495460295918,235.18595616083843,16.60253795497781,46.37672726587939,2406.0238169325216,43.15360515754042,5.203362951113044,1011.6288241825653,-1.7427249220663108,0.0,NNW,1.8350067411449356,Aotizhongxin
3603,2013,7,29,2,175.05963163302727,232.5178309267838,19.447280153162502,48.48822563287591,2692.5709531687803,46.320324158313156,3.691511413995383,1010.1040187711804,-4.579514424290289,1.8040757755932553,NNW,2.0648533208406463,Aotizhongxin
3604,2013,7,29,3,181.27556634445364,266.67782339630384,21.297062631129773,54.26291396813733,2713.509654735017,36.910639502481295,4.580125936098853,1008.6864681416503,-5.630423070342655,0.0,NNW,1.5720715989000058,Aotizhongxin
3605,2013,7,29,4,189.1716450285162,261.6587180237434,24.0169223508874,50.75562646947627,2742.882885902327,43.30522633048611,1.9210570026634173,1007.4582536930361,-5.716260478066846,0.0,NNW,2.1646424110286144,Aotizhongxin
3606,2013,7,29,5,189.00506017698484,270.61441439923465,28.66536800125064,64.6419480444491,2922.4643304070446,26.998578732729907,6.626085077419818,1008.384523979413,-0.31372466368427254,0.0,NNW,2.464077390011574,Aotizhongxin
3607,2013,7,29,6,186.90787360342625,252.60886972432465,20.751542611266792,58.818612874716344,2903.605958322044,35.898341221284554,9.29306713274482,1005.9588058372706,-0.17476287778797706,0.0,NNW,0.2,Aotizhongxin
3608,2013,7,29,7,190.21358762909807,267.71882181947734,17.840352609969177,70.6089023729836,2871.4563377498457,27.76796597048061,9.824055441655151,1006.8754859653802,1.6878065746620918,0.0,NNW,1.737161766086976,Aotizhongxin
3609,2013,7,29,8,181.81827010775305,257.68280997982333,20.688749999306868,67.44095672395211,2820.819639156875,32.351822523800905,13.159997359081357,1005.313940415149,7.172196096941947,0.0,NNW,1.706736389034458,Aotizhongxin
3610,2013,7,29,9,175.38985635819523,230.69975098227678,17.736895054713262,72.64739204695327,2725.2663793453994,45.295246747390365,14.230904165398135,1009.4143194321971,4.425691578293068,0.0,NNW,3.8568548085505587,Aotizhongxin
3611,2013,7,29,10,169.31276256688773,243.1205392570847,20.27789838955669,57.93061986832862,2507.1716050245245,49.84717732842156,15.256258765361395,1007.581804917707,6.830657240678699,0.0,NNW,2.688056944080579,Aotizhongxin
3612,2013,7,29,11,162.52282432732352,240.99130413663607,12.402602336415441,54.34180303869101,2388.643619589427,49.35930204665337,20.00253698192848,1010.7733947554478,14.233245703836003,2.0346801537059287,NNW,3.2000476952415693,Aotizhongxin
3613,2013,7,29,12,,213.91215231104033,,56.20079849462251,2306.1727251659127,57.30589381667332,23.091635377343305,1013.0009821872848,15.32820840851396,0.0,NNW,2.446492693872953,Aotizhongxin
3614,2013,7,29,13,147.8605876054914,220.60650395596807,16.274049058813933,34.80231752973601,2043.2759732414545,51.934411676467775,21.6736718494329,1014.4658780882522,12.88465410707254,0.0,NNW,2.0658861617304503,Aotizhongxin
3615,2013,7,29,14,143.39658198183827,198.8582798400495,7.447987946611508,23.093934297415746,1950.5061436253955,86.527643105807,23.961417348407927,1016.0430170756308,15.950869958742317,0.0,NNW,2.2913258748603273,Aotizhongxin
3616,2013,7,29,15,140.12192872807918,204.666545529777,9.337379387122347,32.458616849296206,1706.9121590478205,84.55223350844396,24.629325398643374,1015.1089508556366,17.868201097060794,0.0,NNW,2.898379514689088,Aotizhongxin
3617,2013,7,29,16,131.41115481547115,161.7899170821486,13.118116113419624,16.298424170595997,1630.7868019559291,88.16511560332202,28.9363697308181,1017.3022545777015,20.631111428042466,0.0,NNW,3.400094633156103,Aotizhongxin
3618,2013,7,29,17,127.27752174861705,202.3763082411985,13.699403037069024,45.31299285762175,1639.7257183399493,68.19782348766455,23.995310829924225,1015.8563786052209,16.891684002332838,0.0,NNW,2.2416409400576134,Aotizhongxin
3619,2013,7,29,18,131.03434798479685,198.40266963114516,6.18328711830411,36.64398633663154,1709.674174357655,79.04510007510713,19.21270744356981,1013.0582525739795,11.565192681583426,0.321500074343939,NNW,1.5016548797377065,Aotizhongxin
3620,2013,7,29,19,135.63516194642028,187.0429716824516,12.309448419853505,42.99329414063128,1630.6094809556848,80.80268536799048,16.770723647236686,1017.8902476789285,9.246341262759646,0.0,NNW,2.739659463974403,Aotizhongxin
3621,2013,7,29,20,133.1407368156349,166.67614127545068,4.8278533630920375,28.179067737616265,1722.4439361143286,62.34002017427084,18.683938696420835,1016.9271032326506,11.676250962933034,0.0,NNW,1.317460884352343,Aotizhongxin
3622,2013,7,29,21,139.31421509498045,197.92018481602753,11.196458497654124,35.26245312588183,1812.8851128325389,86.57717049042455,18.727547963994795,1017.562180911731,10.285305839534855,0.0,NNW,2.312318403475649,Aotizhongxin
3623,2013,7,29,22,137.61451753307762,178.22106907557108,15.836140526309617,31.32419654437884,1948.5705430142455,87.03884488548138,11.990347822073714,1014.4494225742568,2.5735816927652833,0.0,NNW,2.5450509743467937,Aotizhongxin
3624,2013,7,29,23,145.03768578824344,207.5012954791157,12.05135758417845,46.887017542643584,1995.8837029988094,87.08982568759919,9.48877061191224,1010.0877684940777,2.200364020082898,0.0,NNW,1.913539196633808,Aotizhongxin
3625,2013,7,30,0,160.393325208303,228.66631248326698,10.479233102585958,35.275654303591544,2304.6504840847983,49.541161724822636,8.575093452430918,1011.8167384312716,0.3764872832657642,0.0,NNW,1.2761436920589264,Aotizhongxin
3626,2013,7,30,1,164.36632569230267,220.69882427920348,16.73273961464528,29.83163538625218,2385.7736892296166,54.70275884077972,5.1423013496379495,1012.4790659039669,-3.5298654892321264,0.0,NNW,1.636359059064836,Aotizhongxin
3627,2013,7,30,2,168.2644621572607,246.77991725630875,15.685843400093566,48.674315044091465,2557.2675984994094,60.728182691504216,1.5245098064663072,1010.4520696175929,-5.685912259571622,0.0,NNW,1.7468634229337765,Aotizhongxin
3628,2013,7,30,3,177.53378471914857,256.6030456348697,20.424209004130244,47.498347818792425,2706.559542843231,39.786145680866774,6.55589658391353,1008.1709769482776,0.47191720570407436,0.0,NNW,1.1571259882236933,Aotizhongxin
3629,2013,7,30,4,176.13013733624672,256.340425643631,16.67414772226801,74.14392196496506,2742.8623064966187,32.67948576696226,4.4209685445065725,1004.3427545252514,-3.8108990300216044,0.0,NNW,1.691123075436369,Aotizhongxin
3630,2013,7,30,5,176.59612989184546,247.3231588852726,17.51171846248604,78.84393616642389,2823.0299619638604,17.191677607328383,7.914922760887671,1005.1183369587468,-0.07240293127516441,0.0,NNW,0.8384287306396945,Aotizhongxin
3631,2013,7,30,6,180.00411965350042,237.8505268457635,13.93699303737127,53.776567420695116,2842.2155939431514,46.32622457771749,6.787452002668504,1007.9544777237028,-2.985198826021065,0.0,NNW,2.4729023535642174,Aotizhongxin
3632,2013,7,30,7,176.44475105141487,256.80137419409215,20.33946326459979,74.65224138595127,2791.2880238231114,35.659246782039645,10.182668691190807,1003.840056564406,1.8486267785729997,0.0,NNW,2.2666725760213646,Aotizhongxin
3633,2013,7,30,8,172.50385842743208,238.801687807047,18.847412204092397,69.93158794369494,2708.620202232095,31.05594631575841,13.694057470207834,1007.0333831515641,6.0259931404841085,0.0,NNW,2.2125586696777657,Aotizhongxin
3634,2013,7,30,9,170.7130425907555,225.10045819513098,14.970379893712526,46.58392214597994,2652.4269726879297,45.160903368624915,16.60552642660781,1008.5413104520201,8.574860278576203,0.0,NNW,1.6912819049053027,Aotizhongxin
3635,2013,7,30,10,166.18602348930528,246.18082654477064,18.081396141301276,51.87785975254705,2540.590365321746,49.03005373178665,17.937673452247342,1011.7998743116801,9.394439702966189,0.0,NNW,1.7983607836126085,Aotizhongxin
3636,2013,7,30,11,160.01786842756252,245.0190910036126,19.375306127445022,45.53507112505426,2334.213461457478,55.21211489598289,20.2748586436985,1011.9348858767485,13.36362114889885,0.0,NNW,1.336843676637144,Aotizhongxin
3637,2013,7,30,12,150.89680795740674,210.8430498505774,14.35329616974315,50.9839631890176,2189.700901763385,57.82901937673325,23.000627082134145,1013.925622465648,15.08763860000158,0.0,NNW,2.4041365787765434,Aotizhongxin
3638,2013,7,30,13,144.61248106540694,224.04868503760264,14.510405623953316,29.99338429070947,2000.6129332506887,82.69405771519668,24.356508339435614,1013.8978018735778,20.23971301700809,0.0,NNW,0.9137279686788942,Aotizhongxin
3639,2013,7,30,14,136.8821216980835,192.54811766343036,13.319933748755494,34.20901899472415,1893.0647024456287,71.16340266737578,22.722487461633712,1012.809178035577,15.034066358917867,0.0,NNW,2.067011386396105,Aotizhongxin
3640,2013,7,30,15,132.5001407021902,181.69563794140277,7.851476612530383,25.37038834467211,1747.5418029002014,93.87089029289672,23.091876468544235,1014.3082129701156,10.972122189508568,0.0,NNW,1.4930420265780064,Aotizhongxin
3641,2013,7,30,16,125.74485392378153,169.73821095143936,16.839630443200594,31.466221391392377,1698.0878272755397,87.29180435861294,21.49566960835936,1014.4648077404397,11.827622195256644,1.5151031418461485,NNW,3.405848305892474,Aotizhongxin
3642,2013,7,30,17,122.0175653511245,187.1954155715017,8.757821378187808,23.947147220715202,1623.4065411812032,87.65984708484402,24.81001603910386,1018.0111908152978,17.608194958008415,0.0,NNW,2.4214260639845415,Aotizhongxin
3643,2013,7,30,18,117.03550896958848,156.04827374354613,11.968348605580813,20.71803436847684,1490.1466435784894,83.86725246721845,21.477473151298977,1015.6121555621548,12.512508451387282,0.0,NNW,1.9996436614300195,Aotizhongxin
3644,2013,7,30,19,117.9177037408915,172.43747833699797,12.478016700241806,23.975110869162005,1556.855932141581,93.88771259268592,21.230295868064452,1016.0416285053884,12.358450466320134,0.0,NNW,1.1151814394554895,Aotizhongxin
3645,2013,7,30,20,117.670712961515,159.1473597955289,10.251087599730552,43.96783458703213,1626.8813711407627,82.78055277039091,18.193756311206947,1016.3751094952959,8.334911545277855,1.0629157677333347,NNW,0.909184697859446,Aotizhongxin
3646,2013,7,30,21,117.98208583880375,160.57185254858163,13.284851169246167,27.522667287313933,1652.2485582276097,68.35635737852837,13.496359977643547,1018.8181587990953,4.781261271668053,0.0,NNW,2.396640208285775,Aotizhongxin
3647,2013,7,30,22,125.22993386582174,,13.237457665449165,26.6719582537297,1765.4285946862963,62.845078090019655,12.231475898672624,1015.8142678158864,4.522367532484051,0.0,NNW,3.4390362562200423,Aotizhongxin
3648,2013,7,30,23,133.3163216161767,,9.452985502805173,44.49108765119729,1908.382778486165,70.69532234690577,9.317766922503866,1011.7483883763103,1.8965204940857454,0.0,NNW,2.3271627141152353,Aotizhongxin
3649,2013,7,31,0,144.21238790904664,197.84938927846235,14.003181896249735,43.85180264461635,2196.4124813512913,50.92621114833504,7.015096967739181,1012.3036953144658,-2.5147465095074777,0.0,NNW,2.1402324177140395,Aotizhongxin
3650,2013,7,31,1,150.25245698382184,221.68148674909864,14.456442518450418,38.85450945511863,2350.6829313258313,52.90721330271199,7.712676950395535,1014.0085282954791,0.920786120370263,0.0,NNW,2.15179740865262,Aotizhongxin
3651,2013,7,31,2,159.12009701809325,238.7421087575468,16.11476487596162,72.85197068161973,2462.5633962010434,58.07184538551091,9.106856942930825,1010.7303586568579,-0.6801966917765583,0.0,NNW,2.0824149066851447,Aotizhongxin
3652,2013,7,31,3,167.53649074278434,240.9979850727404,14.623524372422825,56.32230405903777,2661.4415176432276,45.36203224927965,6.674305462615322,1005.2679613750691,-0.6687603738978058,0.0,NNW,2.162670454253498,Aotizhongxin
3653,2013,7,31,4,174.08314465204745,237.1687047566269,22.709428169160283,59.29755244399796,2590.814792235888,31.128016202101563,5.300307186073211,1005.8393941238022,-2.1941226519717416,0.0,NNW,1.4518727410127656,Aotizhongxin
3654,2013,7,31,5,173.77754259597776,238.18247464139307,24.63560709528558,65.59719934104614,2842.968403818911,49.95172945893469,8.229007602089801,1005.1864998635484,-1.17252967546193,0.0,NNW,1.2211462419154264,Aotizhongxin
3655,2013,7,31,6,175.39722173639046,246.355263068347,22.934008927995226,78.84093415367072,2795.3305336272647,40.47875236994702,10.49828616360073,1009.88145965072,0.9183128744747941,2.6182960669028823,NNW,2.0873865878155127,Aotizhongxin
3656,2013,7,31,7,175.83155770928113,249.37348141225013,23.64121680388677,50.8805539136294,2800.111620229851,46.029784214814185,7.911443826534555,1009.6829333402819,0.4848794874418775,0.0,NNW,3.194734171445073,Aotizhongxin
3657,2013,7,31,8,172.86325890177403,232.12990336108592,18.296222507897728,64.5283948710531,2713.2903465446693,15.673781473296007,14.249091691018588,1006.4197990255066,5.409267913114552,0.0,NNW,2.6216245066998054,Aotizhongxin
3658,2013,7,31,9,159.74978959035298,230.88008482229282,16.626763400974628,75.84031291807997,2630.626403290818,45.63085925296377,16.15452302811481,1007.1713056544526,7.868774010149966,0.0,NNW,1.01326160458221,Aotizhongxin
3659,2013,7,31,10,154.17854465065045,216.7050958073066,15.164238859564865,56.02982944591719,2380.391776007427,,19.370369036009954,1009.5893835653245,12.40137276288214,0.0,NNW,1.795848590470707,Aotizhongxin
3660,2013,7,31,11,155.79324016131505,200.95345303945976,18.226289994384274,40.29370906762258,2423.5965556618708,70.5324102954169,21.219931184025352,1010.8552428666743,13.938636925871819,0.0,NNW,2.5831972097752294,Aotizhongxin
3661,2013,7,31,12,146.58851173321153,195.93465160188885,15.68118915943245,40.05282517631478,2192.5216399129476,45.36181415848958,21.729474300564263,1010.075348141354,12.355557527922405,0.0,NNW,3.2134954313241,Aotizhongxin
3662,2013,7,31,13,135.91163198871465,185.23499804768386,13.474239639692119,41.47867933600391,2014.8986486646168,78.53162201950835,26.709560004118536,1012.7958338757155,18.6291912186733,0.0,NNW,3.4330299629473515,Aotizhongxin
3663,2013,7,31,14,130.16959758063587,181.50885972447966,16.38544563258603,45.646431325118904,1824.896552478641,88.94380285701244,25.168656175763903,1011.5927934602936,15.766583372924647,0.0,NNW,1.8314269922750555,Aotizhongxin
3664,2013,7,31,15,125.20590698690576,194.181057736708,12.679290155513293,28.14317762094057,1653.393583525809,57.50477975687388,24.34850946895862,1018.0801753157548,17.653417893893128,0.0,NNW,2.6593847649537983,Aotizhongxin
3665,2013,7,31,16,125.20928897063465,177.67471762028478,8.153900068516053,34.292706303770686,1701.7896885281068,86.43654619330839,25.418225285451243,1012.8094659932589,19.723000581873794,0.0,NNW,2.19941735427349,Aotizhongxin
3666,2013,7,31,17,117.18080367186018,155.645406241618,8.127644381147576,14.19853285784352,1566.6465164187207,90.32435380063373,25.11884789043618,1013.2867502876599,15.85120491764609,0.0,NNW,1.90421778666009,Aotizhongxin
3667,2013,7,31,18,119.0840994708322,168.9240473022367,12.045979897762436,13.450253043239563,1620.7539686820985,81.72992337348094,22.21320942565847,1017.8700789090238,14.166458769708925,0.0,NNW,2.049877346203314,Aotizhongxin
3668,2013,7,31,19,,167.93434062349354,13.295569426518448,21.819077964739034,1583.6849568909158,79.24720105656381,20.58970457528334,1014.3558766557773,13.965896092280003,0.0,NNW,2.0597002220529834,Aotizhongxin
3669,2013,7,31,20,124.8964394545427,178.1025976316952,12.324913677845716,39.18372169929732,1631.7997851776204,88.32917422748919,17.720741074180687,1015.3281971026531,9.757057586673138,0.0,NNW,2.940131002403575,Aotizhongxin
3670,2013,7,31,21,131.01874740416622,189.23192323618883,17.155132337683504,31.4088614923792,1834.7116785907258,71.52785199555737,14.009886400349037,1015.661879628138,6.852144331419677,0.0,NNW,0.8764243399815466,Aotizhongxin
3671,2013,7,31,22,141.34978076615607,209.98199954485787,17.405021497194255,37.318489564532946,2026.3929543541205,70.32750671581904,11.179072861033136,1015.8506016597337,3.256482358299551,0.0,NNW,2.3745169312217533,Aotizhongxin
3672,2013,7,31,23,152.07447093319422,212.66139434977163,15.02901227903968,42.048255862537786,2113.5355082428314,74.59482513580227,7.895775570142623,1012.8519309896149,-1.6894299916880406,0.0,NNW,3.231534368026176,Aotizhongxin
3673,2013,8,1,0,155.26696503797496,233.76335632916326,12.484258021555494,53.873663860693846,2204.4978454609445,77.54043050326864,10.205962239204641,1015.5583435945596,2.384349764971449,0.0,NNW,3.145430019980726,Aotizhongxin
3674,2013,8,1,1,166.31216913807248,241.91726341866337,12.3641326903173,45.29461536174758,2474.5515092850655,58.909366597857165,6.00462008996112,1010.7050267971675,-0.30445445118930303,0.0,NNW,2.45517875536783,Aotizhongxin
3675,2013,8,1,2,173.2888433648668,235.5299852626916,16.337854764955857,60.50628086790586,2573.6097186104007,48.83484495414512,0.19937908447638275,1011.8815894165175,-7.329182810812248,0.0,NNW,1.3943596725131644,Aotizhongxin
3676,2013,8,1,3,179.7935431925253,273.80951712702006,20.795174245181208,52.49507431288991,2751.1541992848615,37.15835562372861,5.5947996189192635,1009.0215776548002,0.030311044603054338,0.0,NNW,2.621422637187247,Aotizhongxin
3677,2013,8,1,4,184.85388983446882,262.0653909009573,24.810068256858003,78.18668932305485,2812.2774814705886,28.243364498878478,5.904482393870271,1011.9322924970925,-4.752773394661869,0.0,NNW,3.059952089568509,Aotizhongxin
3678,2013,8,1,5,187.24993055441468,253.79865773645815,21.08197023467774,57.915387691407844,2962.570475861535,46.94763675778279,3.5398944379100215,1009.287097876403,-3.891534387629669,0.0,NNW,1.587887696030409,Aotizhongxin
3679,2013,8,1,6,193.03898575417088,286.7837105681434,23.50616838269371,57.940885575371034,2909.337410780832,33.46550148873116,6.680337875634631,1007.0869395509452,-2.291674102140137,0.0,NNW,2.286088620438001,Aotizhongxin
3680,2013,8,1,7,191.68188870344608,289.132420036809,19.093706672881932,68.71587503368576,2943.851923269294,47.35888708944058,8.685566448158607,1008.4280323023696,-0.6278802935300516,0.0,NNW,1.8357840609373561,Aotizhongxin
3681,2013,8,1,8,184.20669151477455,257.55911548348877,21.198434394604845,62.958815527147365,2795.628595120366,35.05384612543441,11.298408012786378,1007.1482412700159,5.3000359256439715,0.0,NNW,1.508810245121564,Aotizhongxin
3682,2013,8,1,9,177.8650134129589,243.97451617438645,21.005604394364255,61.75695487381842,2691.687491707252,35.8294438567262,16.819163792555354,1007.922666417357,8.436656326021286,0.0,NNW,1.747864036125453,Aotizhongxin
3683,2013,8,1,10,172.36658884460434,239.58947480790945,11.561217172442415,56.81851036393854,2558.3299280188057,51.70798888827516,17.36487412892495,1006.8931783439289,8.837556236924998,0.0,NNW,2.102824463218042,Aotizhongxin
3684,2013,8,1,11,170.04801933486817,245.2145443439924,15.053778818383076,41.45324331159091,2500.842176024624,52.76416447975297,19.359147672775773,1009.0893815695531,11.8745115004541,0.0,NNW,1.2654111730276758,Aotizhongxin
3685,2013,8,1,12,164.69582672158788,243.35272396052815,17.849101152833608,57.906871432635874,2363.4847695193967,47.944713953892624,23.754652725196365,1016.1219427703114,12.525875045626915,0.0,NNW,1.1343119477562729,Aotizhongxin
3686,2013,8,1,13,153.52911425352409,220.64563326356944,14.52930978139709,46.97195674506246,2152.592237433803,84.6441594253815,24.403275655619943,1010.8860324829554,18.435574565445446,0.0,NNW,1.2883151605010994,Aotizhongxin
3687,2013,8,1,14,156.23444527331526,219.74545546735905,8.910454855547203,45.87159961013693,2044.4763888492585,66.23016226228363,22.047790875925855,1013.1890145744327,16.904436347097057,0.0,NNW,2.2623205993831785,Aotizhongxin
3688,2013,8,1,15,151.08034308163076,226.4925980173273,4.174098966885195,26.63121726338566,1932.8090337285068,86.9535847414058,24.075064541248146,1015.3480965520146,17.447734708781493,0.0,NNW,0.8273496698594383,Aotizhongxin
3689,2013,8,1,16,51.414347355690104,68.85172156745092,9.572530745171788,31.0116802820326,1109.7906957547166,90.06920138857578,25.1422013935916,1016.2093084294171,17.760186004448695,0.0,NNW,0.22641637302318207,Aotizhongxin
3690,2013,8,1,17,47.810476946242304,77.2438611084083,9.955613789873022,27.260431172096162,1042.5790644146914,,22.259418836826338,1017.5970807709073,13.93455569611414,0.0,NNW,3.0980030589233496,Aotizhongxin
3691,2013,8,1,18,48.92168871373616,65.60973621571783,7.348231150514964,34.02402100961206,856.8597281422126,74.97612355383515,25.115399994497174,1016.0617585837718,15.502581516323902,0.0,NNW,1.1894228489821494,Aotizhongxin
3692,2013,8,1,19,53.30178794313774,78.93273270050176,10.59962567963864,34.963468528855586,1026.43286444084,81.13305226022543,20.169318145478876,1017.7203818654381,13.960413869078021,0.0,NNW,1.84479270221077,Aotizhongxin
3693,2013,8,1,20,61.17157946529363,84.50458560350656,12.18903322277649,29.223898347976146,1131.7495346365995,72.99416964882779,16.45812594165892,1018.6148979012156,9.832638376562228,0.0,NNW,2.737831165272878,Aotizhongxin
3694,2013,8,1,21,70.16861136474324,97.67753408411242,13.476527606245961,18.714255321523034,1311.968806649635,94.94223324845058,13.315584534995928,1018.0687985938957,5.990758917372006,0.0,NNW,0.8493924557201566,Aotizhongxin
3695,2013,8,1,22,79.87060280063154,108.04497874626206,5.432243225203031,49.2372950967015,1435.6262815195148,70.4982436320149,13.803100931028347,1013.9649763987263,6.303544265200859,0.0,NNW,0.8484465955603797,Aotizhongxin
3696,2013,8,1,23,85.84568452277945,133.63249864369817,9.763049481063032,44.27151856747068,1619.1970271886914,75.36796655570373,9.028207094509069,1014.5167820833185,1.4790957153070292,0.0,NNW,1.4939334937061046,Aotizhongxin
3697,2013,8,2,0,91.32327170803086,120.52332001015785,14.086132054935794,40.13250366887086,1676.6531351127192,65.13637389000205,8.498818455572085,1009.7077327557176,-0.290086624111908,0.0,NNW,2.769043739220232,Aotizhongxin
3698,2013,8,2,1,100.41827310240326,133.18325981787748,18.01061461862499,53.42871800818397,1919.8765286332732,56.16974836240052,4.612466926843963,1009.2624726839427,0.36422016874167973,0.0,NNW,1.9826827944070355,Aotizhongxin
3699,2013,8,2,2,111.38621403869189,177.15063531261973,18.967702040650106,42.911251612379814,2136.09999498206,47.90321210739588,5.446038424396072,1007.1525332026189,-2.9823968863874075,0.0,NNW,1.9935391027462153,Aotizhongxin
3700,2013,8,2,3,116.7085346711819,173.17042418619795,19.951143749562764,67.5849601634993,2142.7918463781666,54.69363754822328,4.046171153174808,1008.3729767165479,-4.59388513704285,0.0,NNW,1.763661558460443,Aotizhongxin
3701,2013,8,2,4,125.73678121197617,152.18035670983627,18.179873193015396,50.550814121455545,2477.98658462003,30.098435172038872,4.867650116896736,1005.9514344283579,-1.4514404150355396,0.0,NNW,2.449707808380229,Aotizhongxin
3702,2013,8,2,5,134.54426086905977,182.70937782457963,18.84672881951546,62.551840589484705,2522.2687141114316,53.11520744733916,5.145324761577429,1004.128983750945,-2.8984838970590925,0.0,NNW,3.1454771985407657,Aotizhongxin
3703,2013,8,2,6,131.90120240409408,166.54178999011117,17.815012194734777,66.9556355968444,,22.12776819495905,9.46737160484693,1006.2279895548377,1.4388798319676692,0.0,NNW,4.38721960506166,Aotizhongxin
3704,2013,8,2,7,127.531294377581,169.03690519446087,22.134211515762885,72.62923422163811,2365.200280174337,43.666971598997534,9.26349403731351,1003.7132033169927,3.385348095433216,0.0,NNW,1.8815314942708357,Aotizhongxin
3705,2013,8,2,8,123.97278146682078,142.1767473912087,16.56866065570346,63.17286548716377,2329.4381557346564,24.297726305991205,12.196623756595239,1010.3242591883701,5.2145466249208035,0.0,NNW,3.2207582921181532,Aotizhongxin
3706,2013,8,2,9,120.43567346164082,167.24004706935773,21.085643091501446,64.22183861263136,2250.5182181483124,39.16527494806671,14.857286578801883,1007.3494199715807,7.951414398963323,2.496979977904997,NNW,2.7994118451062553,Aotizhongxin
3707,2013,8,2,10,112.12420197097617,145.5544645677535,18.123559714412938,54.77466473240358,2119.026743608412,48.43309938060967,20.006595633475648,1011.4706321472762,9.88002989218657,0.0,NNW,2.2135954840699488,Aotizhongxin
3708,2013,8,2,11,110.29758403952037,155.0156702232929,16.158961790147146,49.91889329449616,2060.941332830173,48.66257038414184,21.3354628810871,1009.7217697944175,13.93627314900067,0.0,NNW,0.23200516208746258,Aotizhongxin
3709,2013,8,2,12,104.22928013251857,129.66977959670075,13.0298688006706,45.68381800278638,1810.0293175880063,58.183304303831086,23.257088949282416,1009.6101243480988,13.7486770458901,0.0,NNW,1.6976902691786602,Aotizhongxin
3710,2013,8,2,13,96.62249697240593,136.1006142930887,9.639279190995016,38.31115573113058,1697.5878496168673,52.60077164825508,21.293424103304933,1015.6451431682244,12.61093309318755,0.0,NNW,1.7293893926216377,Aotizhongxin
3711,2013,8,2,14,83.64343023000743,112.95163954080711,10.557041730865866,21.507438055348523,1404.5259837100537,62.625495312764485,23.674669681486872,1014.6774071662155,15.938131585831101,0.0,NNW,2.2870406608177936,Aotizhongxin
3712,2013,8,2,15,72.166963528701,116.05327859206736,10.474445488192606,24.71127642669603,1273.812960038726,82.6603166016225,26.782928073743374,1019.3093524777573,18.728613370629997,0.0,NNW,1.8420265795256598,Aotizhongxin
3713,2013,8,2,16,68.5234418518915,110.04638721010436,3.5628000463340523,29.637690653204817,1220.6132156948245,81.9473533443854,22.902862039758205,1015.3970811664558,15.884189498801362,0.0,NNW,1.5494408599326428,Aotizhongxin
3714,2013,8,2,17,56.99604667213326,87.6479213710894,9.578305402550667,23.688515446308884,1104.1611674118792,77.24286539901163,23.786274360026983,1015.9397685323125,16.9423238377894,0.0,NNW,3.6240079558748004,Aotizhongxin
3715,2013,8,2,18,60.0243710993816,80.7679817325221,12.773072104078016,23.753527342544746,1042.5333449618217,98.24277763129672,20.473175555474292,1019.0095816844382,13.741626314398225,0.0,NNW,3.0465417500645735,Aotizhongxin
3716,2013,8,2,19,60.41398093322026,104.43337725911128,11.872024584856275,23.094654118708906,1074.901932149539,71.94883665732455,18.55263911688589,1018.8531344324434,8.536337702175647,0.0,NNW,0.3817411616068789,Aotizhongxin
3717,2013,8,2,20,76.38336548673806,91.40635890303507,9.181255353853285,20.770704782456686,1337.6845941593062,78.03473043597033,20.109368930321516,1016.6369877919515,15.653356323376833,0.0,NNW,1.775130094785183,Aotizhongxin
3718,2013,8,2,21,90.38258916713926,112.50003853835833,,26.913068688458694,1498.3134318438972,72.62110674787897,16.078905962364583,1022.206070285549,8.042037659200776,0.0,NNW,2.504738282164921,Aotizhongxin
3719,2013,8,2,22,95.86999632574559,133.38016385715318,10.831506291734,32.54534604489123,1577.3828314585826,78.65037627761046,13.886519890666673,1013.9388784153593,7.705919921167488,0.0,NNW,3.0647253720095247,Aotizhongxin
3720,2013,8,2,23,102.68007696254467,166.29248883677374,14.15218697449448,39.864764222284364,1606.080739998313,66.952113038935,11.175612220245672,1010.7551687515745,-0.5958570514282266,0.0,NNW,1.6640185935219773,Aotizhongxin
3721,2013,8,3,0,114.42697437162843,158.17437505157892,19.620323471232094,48.1470267557577,2040.9724223575279,58.91834753465403,7.7199996447902715,1009.9948899188386,-0.6779935548552867,0.0,NNW,1.8277036557956046,Aotizhongxin
3722,2013,8,3,1,129.0042361643762,178.77347819803387,19.19959163338723,48.7319785749645,2134.5649292731555,35.08735683376459,5.302350900299767,1010.156425795769,-4.888672246206648,0.0,NNW,2.0758275763732956,Aotizhongxin
3723,2013,8,3,2,129.68754858155654,167.14346445306103,19.06238291707826,46.762757954460646,2221.872035751386,56.15034480632093,4.7376063479830774,1012.5375500109833,-4.55444170695545,0.0,NNW,2.529477976138075,Aotizhongxin
3724,2013,8,3,3,128.75525015573425,189.7166460707317,17.056879168781585,47.95747930438068,2286.766717427787,40.14407232201894,4.71226031841988,1008.0917783697739,-3.211906054204395,0.0,NNW,0.7715704907745242,Aotizhongxin
3725,2013,8,3,4,131.03466961145347,192.9802999993284,21.579942197756708,83.10000573469057,2413.5058702653587,39.50597508149324,8.005170841101194,1010.80197717781,-0.4969533166800958,0.0,NNW,0.38769772322325435,Aotizhongxin
3726,2013,8,3,5,136.3626326192878,198.798437681002,14.768998277326181,55.27999628366486,2496.6005209284763,28.36622214183452,4.3352113156113194,1008.0392210993109,-1.6937631736920553,0.1646311304590447,NNW,3.0036402564980094,Aotizhongxin
3727,2013,8,3,6,139.37235219264613,188.82908634123095,19.242939554027327,60.85099998988494,2562.5102111974948,25.941712371829272,7.098440015206333,1009.166738592721,1.7519280106663597,0.0,NNW,1.2079401929626452,Aotizhongxin
3728,2013,8,3,7,142.62921280125357,192.61383023802495,21.58076339091719,,2481.100924708205,50.84473192753016,8.630554950541926,1007.9447081218083,-0.819696368556122,0.0,NNW,3.6981276415756614,Aotizhongxin
3729,2013,8,3,8,134.83341001265347,175.83555151366514,21.551390661065447,65.20739295221422,2409.4526977079404,20.616979122764903,13.996744345255513,1008.4283689943217,5.265096597203723,0.0,NNW,1.3091419176906722,Aotizhongxin
3730,2013,8,3,9,120.80127588284125,169.96051125358707,20.54518737657996,63.30906116422353,2350.7802056985593,31.780340192508593,17.780682389008646,1009.9698872962794,8.23405003166052,0.0,NNW,1.8520337997208658,Aotizhongxin
3731,2013,8,3,10,118.02012922845341,154.42410762704975,18.384492067629083,51.458263443742595,2155.390565490127,62.304921526690805,18.0513699907648,1008.3665830358285,11.785220259890984,4.163608415456693,NNW,2.2948798195287403,Aotizhongxin
3732,2013,8,3,11,107.47191548966812,138.68651663304246,15.706920288260957,52.084845467166794,1954.6767232920163,59.93698768242351,20.586523752265375,1009.5944776853925,12.825089159350997,0.0,NNW,0.2944345183099435,Aotizhongxin
3733,2013,8,3,12,91.63339267903797,124.04984258154639,16.613927909479468,45.49074931392691,1685.9862531531187,56.7453746825758,22.20804919642838,1012.6990939723291,14.256545951371901,0.0,NNW,4.291513012575878,Aotizhongxin
3734,2013,8,3,13,84.44907630979985,113.33714508187762,10.847321652728494,37.326568157619285,1597.3617077284282,78.93643927044955,24.316472521766073,1017.1763181765247,16.785172137857074,0.0,NNW,1.6840025250943995,Aotizhongxin
3735,2013,8,3,14,80.3863504157502,107.16110529383072,9.965968210120252,36.963277934170726,1494.6417141781237,76.96860116396009,25.818991006427122,1011.418493549466,17.352234669853154,0.0,NNW,1.3291905203366716,Aotizhongxin
3736,2013,8,3,15,73.68491845166871,107.8233318007388,11.649670123448153,39.300788750274705,1350.3660174292213,80.00427044940787,25.638460769330234,1011.4771626670528,16.35375573057544,0.0,NNW,1.0669060004038076,Aotizhongxin
3737,2013,8,3,16,67.085966229002,94.71083074210559,11.18946590920405,27.50189013682863,1177.3375251377947,83.90625526563514,25.407509755308123,1015.802639346465,17.484091885994317,0.0,NNW,2.2894027843521587,Aotizhongxin
3738,2013,8,3,17,63.45150462527947,85.95054617028008,4.6935253328607205,25.557106245070038,1139.3043206547854,88.80052782937165,24.823375583085202,1018.8913232924328,16.422863035529048,0.0,NNW,2.2326834920459744,Aotizhongxin
3739,2013,8,3,18,60.94694836434837,87.15585699320253,11.365439142848555,33.54528827900788,1171.1585587472175,90.05692501297453,19.403650659982873,1017.1027521713604,11.924186775894896,0.0,NNW,1.093896170906853,Aotizhongxin
3740,2013,8,3,19,56.57698512791568,69.29250876803562,12.488556002312837,33.372366352769134,1119.7896651162716,106.10787618618627,20.003013395218588,1014.4909694378152,9.555045542438252,0.0,NNW,0.9024466991706861,Aotizhongxin
3741,2013,8,3,20,56.71527509509286,80.45417137222678,10.438017268678921,,1068.1039021373015,79.70170697788424,18.046004014151986,1016.488314012655,10.325541888221924,0.0,NNW,2.8442050184001633,Aotizhongxin
3742,2013,8,3,21,63.56795339308485,90.50115967876512,18.58786494391924,16.80802250043243,1098.4006614389864,76.03719764818165,15.624222270778938,1012.0695874801664,6.590353262073875,0.0,NNW,1.475434061280437,Aotizhongxin
3743,2013,8,3,22,71.06787099418726,84.46455079828735,10.451194681054439,42.240953465355105,1383.3815933077094,60.131068124292874,12.155480156298863,1015.7578341217484,4.382437562419196,0.0,NNW,0.6231869835108934,Aotizhongxin
3744,2013,8,3,23,78.9755388649789,120.52269195467407,12.622643284326783,44.636259461167,1568.2050992162442,65.95150225935286,10.241127249695731,1012.6758791926064,3.5987616637518576,0.0,NNW,1.8816625911291354,Aotizhongxin
3745,2013,8,4,0,82.75951629064105,107.0489857546275,13.814799281618372,37.91478081797388,1607.6149057314653,78.62886899544819,6.849072581113373,1011.8359350009091,-1.985299045559432,0.0,NNW,1.6786189980358692,Aotizhongxin
3746,2013,8,4,1,89.79807499517399,126.62040298530792,16.06553239163955,52.18908424604117,1821.4727418962611,63.374373896783545,3.677478858609018,1011.5602757155096,-2.527440367735712,0.0,NNW,3.5600239381602226,Aotizhongxin
3747,2013,8,4,2,188.32524345632697,275.2994582442104,16.513825561101125,63.40897398206398,2693.416994356962,42.06332256124672,6.815447389067802,1009.9113778347522,-3.7956964884466,0.0,NNW,1.582252174012553,Aotizhongxin
3748,2013,8,4,3,195.25235354746496,282.6100625435896,14.315102272118121,52.50886424384775,2850.075856965949,42.62274411554916,3.298442595020745,1007.381946946605,-2.3858141591971753,0.0,NNW,1.7534191789784155,Aotizhongxin
3749,2013,8,4,4,105.73534305665595,148.37281416500667,17.690482130212764,65.86100750787122,2165.0580916110375,25.384981149539094,5.100060942438675,1009.7370986563707,-1.042197979039454,0.0,NNW,2.175564948141759,Aotizhongxin
3750,2013,8,4,5,202.83582720362642,280.3451680562563,19.536767044123113,71.2893459316295,3073.582498026038,26.16066089979023,5.216051512802606,1008.7642359978328,-4.1138329410630865,0.0,NNW,1.5433051927757961,Aotizhongxin
3751,2013,8,4,6,201.51434172168337,291.5951974961124,23.685716246185994,56.4318434997481,3019.513177805105,36.49441152613718,10.309446107948643,1003.4514316155514,0.992107989776055,0.0,NNW,2.3527654700457052,Aotizhongxin
3752,2013,8,4,7,201.8085436251959,289.27891085336046,26.43635895156408,63.18023098622018,2956.887835208957,30.907308314568766,9.880532928236928,1006.7098855256095,-0.36190100139689685,0.0,NNW,1.18650241883973,Aotizhongxin
3753,2013,8,4,8,103.82290148776696,139.16841188243242,23.33654871247416,64.72825508882806,2222.8664810955975,27.90336701160485,11.946124854651693,1005.5092993936852,5.328193042832654,0.0,NNW,1.8085497823570482,Aotizhongxin
3754,2013,8,4,9,97.26244434462961,128.21848561246452,16.209396816914918,52.77308357938731,,47.220738117715236,16.121798803088975,1005.9283498956764,7.6261825840656785,0.0,NNW,2.3254511316579136,Aotizhongxin
3755,2013,8,4,10,188.28023959196958,242.86878361179743,15.412571168121502,47.966774407251634,2770.466635612513,46.67749913346676,20.822901702437484,1010.5702672470233,12.217246852349275,0.0,NNW,2.9101099243980113,Aotizhongxin
3756,2013,8,4,11,173.16911837538083,243.97708414236902,15.816109492984554,49.09602408714822,2538.4335362551838,37.854020155526584,20.608534290587134,1009.8673822131569,10.924311846479249,0.0,NNW,1.531050270714617,Aotizhongxin
3757,2013,8,4,12,165.81829953953763,231.31864190516868,20.35367666656076,51.413117735229534,,39.24853033832212,21.50493861941772,1011.7144567021072,16.222899461070863,0.0,NNW,1.5214986038481069,Aotizhongxin
3758,2013,8,4,13,166.222032347037,244.0727590322772,13.209632617941715,44.97349110748646,2218.3363221132067,60.77036114182047,24.70514500987642,1011.9547253579585,15.246003615401612,0.0,NNW,3.232985266567211,Aotizhongxin
3759,2013,8,4,14,60.09603754797133,87.72500350196353,8.51747752838771,28.10869816650927,1255.962601394602,56.61734856558472,22.300239660018335,1015.2403509056396,14.336488868106189,0.0,NNW,1.55854376696465,Aotizhongxin
3760,2013,8,4,15,53.79371819564007,88.65349741562301,9.960934683208158,36.075207457194544,1151.7081211371565,58.98855546495714,25.069643890096597,1016.8922276765709,17.39359845468514,0.0,NNW,1.9546068098585088,Aotizhongxin
3761,2013,8,4,16,50.314488760771276,63.46664198591807,12.94104098653606,20.99197371497916,1051.8839092546182,92.94032710863182,27.6501947453253,1020.6706367448749,19.052187971061844,0.0,NNW,3.3702022135240703,Aotizhongxin
3762,2013,8,4,17,47.27310806983796,77.56385460744931,12.24019169924292,12.800125090271159,959.1777197649008,,23.896875132873046,1016.467680602449,14.995539059435416,0.0,NNW,2.0539658965480156,Aotizhongxin
3763,2013,8,4,18,142.9988253694695,194.90919172621074,9.399350000525033,22.06285143162215,1716.3094372494738,82.34553621774496,22.23273429610195,1014.103165050449,13.678842129541756,0.0,NNW,1.801795673204873,Aotizhongxin
3764,2013,8,4,19,47.31417024350826,74.01579895883428,12.22061488923475,34.66523844690452,973.8243890691156,82.26408749571921,20.030954810536258,1015.8218417505823,12.878954809665752,0.0,NNW,1.8614719734331182,Aotizhongxin
3765,2013,8,4,20,51.214229011094176,57.1123366902249,3.850356373437311,32.92717634144222,1004.8034862529848,70.27231358668126,16.99497603038591,1018.0242468616855,8.474390297868101,0.0,NNW,1.4076383982001106,Aotizhongxin
3766,2013,8,4,21,56.05224069676552,80.82448996913362,11.775953799165356,30.84528991728349,1199.4733775794718,81.78743117980537,15.471736008547307,1013.9902435256721,9.9100545394966,0.0,NNW,2.360626648106969,Aotizhongxin
3767,2013,8,4,22,158.36398002324893,201.8626926180894,15.082056264105889,31.666356131271534,2064.296983307441,71.19299673267462,13.574719066465248,1011.53574480109,4.409161037759854,0.0,NNW,1.2607819741070263,Aotizhongxin
3768,2013,8,4,23,70.81344039791232,96.4674416976597,11.207314949023786,36.70552200901812,1447.5609816806075,58.89638956776893,9.502269921263842,1011.7904598529365,2.6334300502693564,0.0,NNW,2.622807076182814,Aotizhongxin
3769,2013,8,5,0,81.23682273232043,118.13509176402773,12.490984390511136,45.87027924688637,1594.3768738114795,53.923713154750004,4.192804580683293,1010.9332681645013,-6.441793487068548,1.0522313936920384,NNW,2.0121724095002045,Aotizhongxin
3770,2013,8,5,1,86.78971073592687,116.29590951798666,10.694750767222176,41.62888101528378,1739.8266550450498,41.25493674031403,7.0381722200737435,1008.5405656785581,-2.12721533218024,0.0,NNW,2.1883789751311182,Aotizhongxin
3771,2013,8,5,2,98.032438797579,126.74103802905094,22.269686784432082,52.21514123838962,2081.0552129167527,43.43757127098165,8.540430851889473,1009.9349530282328,-0.6840073972293474,0.0,NNW,3.383761136425068,Aotizhongxin
3772,2013,8,5,3,102.25535887963463,151.6186871244478,16.37507197486804,57.4175799328528,2069.5227103686175,39.92605166251117,4.435607887915804,1008.3064215316538,-5.220262411829687,0.0,NNW,0.8407367581400478,Aotizhongxin
3773,2013,8,5,4,103.89490358752721,144.41823712406884,20.053256852508525,51.51191240807679,2208.095809924459,34.0265316140894,3.133996662974412,1009.2492834627154,-4.440794576142181,0.0,NNW,2.0195375933448907,Aotizhongxin
3774,2013,8,5,5,203.85310379274495,280.49863883953617,21.641380255895463,57.61093051860076,3025.3268843525957,36.40339991618916,7.355865439254334,1006.2786511987034,-0.8094153511338853,0.0,NNW,2.510465369115678,Aotizhongxin
3775,2013,8,5,6,197.79105479172057,277.3264359199515,24.53620384742436,68.28405433189106,2843.5690152783595,34.21488295238244,10.544680584410528,1008.116129537137,-0.8735609923688292,2.9629634094051482,NNW,1.5070130744511052,Aotizhongxin
3776,2013,8,5,7,198.6549991020654,304.48369016234744,19.367935809488436,64.39461124530932,3065.23286448908,38.159539729419365,10.794060354572853,1006.1858292805073,5.787363513451622,0.0,NNW,2.7608930180311098,Aotizhongxin
3777,2013,8,5,8,188.33340691357313,275.2017981768178,17.71183763758694,59.85041374614171,2887.2816157611664,47.78033527460497,14.998859630224558,1005.4106482574604,7.262883921740203,0.0,NNW,1.5642510345679939,Aotizhongxin
3778,2013,8,5,9,178.65207291057334,261.73863875668104,19.0547368516444,51.85071612342724,2673.6757880439654,48.25256524246712,16.19050281843857,1007.3784278235754,8.192268850212189,0.0,NNW,2.2332984517729475,Aotizhongxin
3779,2013,8,5,10,164.1365174386628,234.14658760405155,21.35224082962686,67.61479860471374,2511.6738142878226,57.04589840510336,18.648466929541744,1006.2634656218994,12.613645202437223,0.0,NNW,1.9012044998983764,Aotizhongxin
3780,2013,8,5,11,156.55681002057486,220.84438675457628,15.783577631310255,43.47254718461587,2298.522929835424,45.05218157417469,19.22299897588683,1014.2823360544534,12.706290309974083,0.0,NNW,2.1294280800631213,Aotizhongxin
3781,2013,8,5,12,148.19095682641176,183.5065166736723,12.135392755247771,47.012742458093896,2276.838678534351,54.913851059113426,22.499178147995302,1012.284999495572,14.051918207147555,1.5390275814314252,NNW,2.059158983995847,Aotizhongxin
3782,2013,8,5,13,,187.97763740419563,9.083631349541308,35.92066639335922,1964.046301511644,73.00644296702269,23.616047602767722,1011.7032814448517,12.68727801321597,0.0,NNW,1.9744274472956516,Aotizhongxin
3783,2013,8,5,14,127.71386119498402,173.99366154095287,8.836107846184326,35.29023434110669,1795.5566897251392,79.21477671432086,24.563654682040703,1013.7447116754358,17.4102331499689,0.0,NNW,1.6212263468002006,Aotizhongxin
3784,2013,8,5,15,116.81172274564103,144.78749120342212,14.05764058628726,34.51874231179203,1615.17301558313,70.89146335429486,24.619202308073397,1010.6346059394526,15.174933045950418,0.0,NNW,1.4682361687113201,Aotizhongxin
3785,2013,8,5,16,113.9016435218906,147.88814302849252,9.707999552157373,16.71743921064814,1568.821956671808,87.76647435242839,24.99767846407851,1019.1988334690659,18.856575151962648,0.0,NNW,2.252788666364963,Aotizhongxin
3786,2013,8,5,17,108.70242311991778,132.37502765865855,8.347808138792528,25.62855352099073,1551.7648794506808,74.71282449076729,21.7157365616393,1019.5027252198738,12.551491067742761,0.0,NNW,2.0421649071876113,Aotizhongxin
3787,2013,8,5,18,108.9456311947344,152.14064531565444,7.8520983304481735,34.52582919183877,1561.033772012633,89.81055724141794,23.288645410787836,1017.2150838083202,14.610845068002876,0.0,NNW,1.4463216729773691,Aotizhongxin
3788,2013,8,5,19,106.42686166156544,157.18526603467976,10.425508449155203,39.773498622154655,1445.0947555657815,83.88518364857029,18.683382060829707,1017.4685537235722,8.6686104188707,0.0,NNW,2.274707330144449,Aotizhongxin
3789,2013,8,5,20,110.14812530778863,165.27512061714737,9.951507699781056,26.63938013827018,1553.6877900644297,67.80627905554759,17.21278361351815,1013.7947734650709,7.319340572013897,0.0,NNW,1.6299573278010464,Aotizhongxin
3790,2013,8,5,21,120.12879613498961,172.32815920977785,10.645069662909505,31.191314034004314,1682.2829272355016,73.33693131206962,15.49583983955275,1013.1455941154118,7.33222676850439,0.0,NNW,3.2443519970498196,Aotizhongxin
3791,2013,8,5,22,128.68666277215715,170.5273644690343,16.547971783432217,52.69066422881225,1780.412838955054,94.32267809695495,11.020899421381525,1011.1054077016246,2.717510128642125,0.0,NNW,3.9913442499328324,Aotizhongxin
3792,2013,8,5,23,134.27243614621557,168.6607590195022,18.31995362007229,48.90301335074315,2091.779649858513,68.498279755613,7.050305406542124,1012.9719590539654,-1.6635185137391495,0.0,NNW,3.1112374778881664,Aotizhongxin
3793,2013,8,6,0,143.06580338071495,182.7234377389859,10.16993498127301,40.06172344595825,2212.6644051605326,83.00449976718261,7.354362171588264,1014.1220708097319,2.4338796076015834,0.0,NNW,3.06665962790031,Aotizhongxin
3794,2013,8,6,1,149.86771403566974,197.12497387739262,17.276873418941477,45.224513294961426,2311.925122811918,39.09025857368662,4.193099723280063,1009.9394755170828,-2.901430727540075,0.0,NNW,2.6513339036958867,Aotizhongxin
3795,2013,8,6,2,157.13466342137303,211.0999318095655,15.169413704135824,62.65239569429815,2536.1711120459336,55.007417926638425,6.409208136115023,1010.1953916603552,-1.5754268794955981,0.0,NNW,1.8321347587249008,Aotizhongxin
3796,2013,8,6,3,162.04542264837545,225.26610672780976,17.790780564349458,51.053838583365106,2639.811429297513,16.978968552265155,3.2697446411868114,1010.4221338838544,-8.866243984217789,0.0,NNW,0.4807516939767067,Aotizhongxin
3797,2013,8,6,4,166.1556405027706,222.47625452260917,20.257962174302275,71.0223220863996,2679.7483525900284,38.3470100562412,7.568475082673061,1004.4216716251217,0.8071274257145364,0.0,NNW,1.1799952722896687,Aotizhongxin
3798,2013,8,6,5,170.0010265902062,241.3911961629713,19.19146938065258,66.99291623578942,2762.676723503677,42.164028119286506,6.331056628302777,1010.8615017193132,2.8228610754739476,0.0,NNW,1.458608420418948,Aotizhongxin
3799,2013,8,6,6,167.04981700320639,231.5470087764942,20.6913796418829,69.14176611221657,2812.004843144484,43.37890094996276,8.01769348002587,1009.3146407748625,-0.26423190325719537,0.0,NNW,2.9661896956178015,Aotizhongxin
3800,2013,8,6,7,161.96407648391852,226.85516419489616,21.848539749541093,62.26464609794093,2634.7752633304913,27.859157096969163,7.029053007183004,1008.1981563040755,-2.1867157775152695,0.0,NNW,2.204905554625214,Aotizhongxin
3801,2013,8,6,8,153.41289359345478,226.18055655754873,20.213857420543153,57.2819096417175,2657.3978451274807,48.74026912515639,12.629103492250577,1009.51806204215,4.874090474362228,0.0,NNW,1.472381237337244,Aotizhongxin
3802,2013,8,6,9,142.24425049750323,187.33963335450082,16.595024993429867,70.83807827067751,2409.541088420389,36.985182869889364,14.87973012469012,1010.4066187006174,4.732617025711801,0.0,NNW,0.5238509272521548,Aotizhongxin
3803,2013,8,6,10,131.1619162930249,187.81372859315852,15.612401179089028,53.0261017555722,2325.5291674865775,45.85902748887603,15.639556898637002,1010.0852797731796,8.332647715036936,0.0,NNW,3.8545175427759455,Aotizhongxin
3804,2013,8,6,11,124.56433767331704,174.2503404578831,11.9749793356585,46.88890028945953,2099.7809895544037,49.19630167887064,20.130902508195213,1013.5624606802726,14.381230954101078,0.0,NNW,2.42665084477038,Aotizhongxin
3805,2013,8,6,12,113.22861625827386,155.18519995188646,12.438239107437845,44.35890345696153,1922.7092411898395,48.63610649267669,21.47418329565434,1011.0946793027651,12.467786644852794,0.0,NNW,2.726807866742765,Aotizhongxin
3806,2013,8,6,13,107.51850276212262,159.37846707563128,19.59210986018298,41.36779615969313,1754.9049862273498,82.1676720017716,23.335072311001348,1014.2177176359033,14.377111136852442,0.0,NNW,1.571471541341062,Aotizhongxin
3807,2013,8,6,14,100.42192911020851,149.38084229986197,10.12398927771427,26.75339898624442,1576.7832517411066,72.98017817158077,24.69808090618175,1017.1432856025001,16.57853716308624,0.0,NNW,1.889110183469768,Aotizhongxin
3808,2013,8,6,15,86.33470882085989,111.40368438931955,7.8843296567358045,26.338892422613764,1394.3322131850448,88.55085331624996,24.292818680262698,1010.1531343938143,15.540989832416091,0.0,NNW,1.7249076361547193,Aotizhongxin
3809,2013,8,6,16,84.18705247980989,116.0402676331546,11.629656566612127,22.735235333062768,1396.0418284831321,92.09774751225697,25.028943203313982,1017.2060537108705,14.760467391500294,1.0424480481626754,NNW,2.0514693911691966,Aotizhongxin
3810,2013,8,6,17,84.43323438703781,121.01864496769358,9.83927659067908,32.44372591107342,1173.387345447052,74.46874351449688,23.530420814317942,1018.2788390883321,14.952564275441114,0.0,NNW,3.4766297299432107,Aotizhongxin
3811,2013,8,6,18,79.43555847637043,108.47971438669276,9.413220289452324,17.912299456000888,1173.5361705707217,97.16127247671602,22.78022051444534,1013.5831172682311,13.899706685483288,0.0,NNW,1.0365751061951078,Aotizhongxin
3812,2013,8,6,19,82.13854985927837,120.84418312586769,14.397508767790928,11.6353406121542,1234.4644828906946,89.18228809271993,19.206988109042012,1017.3932693034785,13.256820404043424,0.0,NNW,1.9669886757619208,Aotizhongxin
3813,2013,8,6,20,81.70956958478047,117.2053175977954,12.317253007752903,11.942735421061997,1253.3491555426672,71.24161644988207,15.99081082162427,1014.742715058203,9.723872899804288,0.0,NNW,2.288699625000941,Aotizhongxin
3814,2013,8,6,21,86.86780976971056,139.9405460811549,,19.094823298863307,1487.59874620384,82.16617784307874,13.936697207342794,1016.3291464691152,8.03266667021319,0.0,NNW,1.9065461816422578,Aotizhongxin
3815,2013,8,6,22,88.02301957748709,107.92943604918405,11.22657224722466,45.89230562278488,1567.0680055125565,62.27032115131934,14.57579470225246,1014.3100014071784,7.7783822047975235,0.0,NNW,2.7962598787990656,Aotizhongxin
3816,2013,8,6,23,88.08602241427316,122.09607148250844,12.198145232770337,39.95327189382198,1630.7621517429075,82.53505980734946,11.433949789310123,1011.401438887172,3.7426241565317366,0.0,NNW,0.611484461997148,Aotizhongxin
3817,2013,8,7,0,94.31932500889695,122.96202989733382,17.624218864740772,49.00999269445762,1722.6643966972988,68.13786744922096,9.749000887033189,1014.2193273272029,0.43738884586663396,0.0,NNW,3.5070152347990144,Aotizhongxin
3818,2013,8,7,1,101.58898057687323,148.26564736201294,15.369652337153191,54.46828271902105,1982.9920559957009,52.81803825052663,8.263816899410942,1009.8691747265084,2.2529903408891396,0.0,NNW,0.9035846349975742,Aotizhongxin
3819,2013,8,7,2,107.23369044933918,133.9554477286194,12.120539492637548,55.44947134713856,1978.4630272949362,60.148036182171836,4.6412646513495135,1010.0399275880432,-2.837051193534131,0.0,NNW,1.0959138644540052,Aotizhongxin
3820,2013,8,7,3,108.71077165204537,155.65820741511237,18.390574869729704,58.54388525052048,2259.6280176983787,26.502454023300935,5.443717903112694,1011.0925613410354,-4.428327618489884,0.0,NNW,1.6404374635826549,Aotizhongxin
3821,2013,8,7,4,111.87873408145754,150.3297434005571,14.719049015538403,70.6767195142339,2207.208544306558,30.855951904188622,5.45450024138126,1005.8364839923114,-3.916302046900608,0.0,NNW,1.4819312339106518,Aotizhongxin
3822,2013,8,7,5,115.95292576691936,154.99247741247697,26.382320936710045,65.48648384028249,2300.8919755589104,33.327657125369576,7.329053750542747,1007.1864693645003,-2.566564022552577,0.0,NNW,2.3396027651911395,Aotizhongxin
3823,2013,8,7,6,116.79557885775716,149.04882836545315,17.102996258458308,76.19277983410731,2312.8974383373215,57.35684681425518,7.495179820288073,1006.0093457099133,-3.5828636206368087,0.0,NNW,2.2469534625909593,Aotizhongxin
3824,2013,8,7,7,116.50335776882606,158.45394141434642,19.34403483537215,69.2851560881003,2264.741821961302,25.14702533403924,10.139461235636507,1006.6260115794792,2.7222445130602013,0.0,NNW,2.090845596157789,Aotizhongxin
3825,2013,8,7,8,110.82588429187024,166.00124331152756,20.104735223025607,57.37813788784055,2329.2728920455834,21.276305487982295,12.52021676540432,1011.9820433968907,2.6634037076555,0.0,NNW,0.8656946256033691,Aotizhongxin
3826,2013,8,7,9,110.74519727279812,154.79138934662257,17.66955942389505,55.16506343277146,2208.2490221962285,27.878475325353605,15.798393599873547,1009.3780178622078,6.664475678627421,0.0,NNW,1.8884380601755633,Aotizhongxin
3827,2013,8,7,10,99.82730049098257,146.03502486612032,16.629908795601423,49.18028154836576,2059.3919310318497,56.56215869205601,18.571766282632606,1010.1271853532444,10.630025725604257,0.0,NNW,2.015786049776889,Aotizhongxin
3828,2013,8,7,11,94.54211303240506,149.00537646502983,17.559577083995237,59.916765077656144,1798.6810586972106,47.587601167048405,20.1405065485103,1011.7540794423503,11.858667162679419,0.22146497382070457,NNW,2.985819516893513,Aotizhongxin
3829,2013,8,7,12,91.50510605116926,130.74470431986273,19.578647876388835,41.75959237643558,1741.087739759554,58.409133356313866,22.257053987964188,1012.860519255165,13.186891225971932,0.0,NNW,2.159554839820158,Aotizhongxin
3830,2013,8,7,13,85.6641670690892,114.34183817610146,16.00843201993929,33.43583672355252,1607.8371529782755,74.09880254430786,23.99910106896744,1009.6424681475422,18.277494588560078,0.0,NNW,2.306125945276255,Aotizhongxin
3831,2013,8,7,14,77.61864151390552,113.33862027129561,16.935541635720632,,1434.4869582887363,70.91915372042088,27.129085393825246,1019.0935216410444,16.839103656196723,0.0,NNW,3.5699958788391726,Aotizhongxin
3832,2013,8,7,15,69.29224989165716,91.5661883851771,8.324608769786758,30.080527525289032,1213.4766141052387,79.71913557474423,22.4050033130246,1012.6067948556555,12.179954090498992,0.0,NNW,1.0719146392513546,Aotizhongxin
3833,2013,8,7,16,68.66904181790545,91.09243171209594,11.621960880843892,30.03604002491254,1256.717174086,87.00278657070791,23.20473877106397,1019.7953155509748,15.891504632446775,0.0,NNW,1.6895138932817853,Aotizhongxin
3834,2013,8,7,17,59.98012944171988,68.77325322221797,10.636109024729498,40.79999470536938,1099.5482091573897,79.84138173762456,24.6707734325133,1018.0656598614898,15.73157398598735,0.0,NNW,1.0913201039754479,Aotizhongxin
3835,2013,8,7,18,55.07740718887334,86.3709449752666,11.053273875030204,32.30456644743088,992.8710557288366,83.33682940070317,22.47574441012411,1017.3615580362689,13.477872745421333,0.0,NNW,3.285215518758855,Aotizhongxin
3836,2013,8,7,19,54.50940133823438,72.45313611703374,14.299066780461375,25.89756790863388,956.9423532126148,86.56769968043682,20.394124325226315,1016.2186591792921,10.775570278507374,0.0,NNW,3.3398749284300626,Aotizhongxin
3837,2013,8,7,20,62.457029043421244,89.26082311894837,10.007505531701645,16.412104850663162,1183.5793965080886,90.33242782514316,18.589433699095245,1021.5404481211089,11.096735478810697,0.0,NNW,3.2228208156631153,Aotizhongxin
3838,2013,8,7,21,68.74365826552156,85.88150228566379,10.247955994404998,26.85816439859996,1389.6293403561285,69.75397688785719,15.320989339685646,1016.7445130262817,7.65943715160534,0.0,NNW,2.4379177305846387,Aotizhongxin
3839,2013,8,7,22,71.084678667077,103.87802643106252,14.10194239225599,40.68836882036242,1317.9147156693016,42.294240781702214,11.572885831300956,1014.5353761298368,3.7515704943111277,0.0,NNW,2.3044013667506404,Aotizhongxin
3840,2013,8,7,23,77.07887649246176,100.29101470809562,8.37129659178985,30.455290780655037,1521.6257464193338,73.26630762141951,10.943213710162391,1012.2235698164919,2.0687783281808807,0.0,NNW,1.6335668303906417,Aotizhongxin
3841,2013,8,8,0,82.38615526915225,113.9235301597949,14.289443852633465,62.12776237064283,1714.614106107797,69.27715918750084,7.9602629326331416,1010.6897034625058,-1.1662814724838162,0.0,NNW,2.6155465893098286,Aotizhongxin
3842,2013,8,8,1,87.31157065329371,131.01445922700245,15.891502157656245,,1738.5375699622928,55.529865493738704,5.6683801938212826,1010.8071264688318,-2.576260564036493,0.0,NNW,0.974905736224398,Aotizhongxin
3843,2013,8,8,2,98.46255753444518,145.75517367054854,14.738924151079225,55.39078714567588,1963.7026218213102,50.182932189565356,6.376282673976184,1007.6387939366775,-0.17390761216904793,0.0,NNW,0.9721758946750083,Aotizhongxin
3844,2013,8,8,3,99.18878845298758,138.6440031090132,21.70671094000247,53.80897408006713,2033.3450811354496,36.67923152893461,5.976550787422999,1009.8237681899567,0.32878988462784964,0.0,NNW,1.6641020996548421,Aotizhongxin
3845,2013,8,8,4,110.39147055386184,136.86674844833937,16.14340606689234,66.29441012989452,2278.7757606858972,43.35119912073828,5.662891474510506,1006.3785882466051,-0.6700755559447478,0.0,NNW,3.5096008051516963,Aotizhongxin
3846,2013,8,8,5,116.70140198973924,193.31006848624133,19.422009986353952,55.05450207360351,2386.257674901244,44.38352253961518,8.91542469314745,1009.1802818974463,1.6740307059914,0.0,NNW,1.589235745746965,Aotizhongxin
3847,2013,8,8,6,122.08707388348199,188.38049313960613,20.879471675968905,82.31914071281166,2384.6484043044425,35.564963414184845,9.919172290289952,1008.9651747626226,3.3924365495477513,0.0,NNW,1.6972969954763397,Aotizhongxin
3848,2013,8,8,7,119.21309062405301,174.12507512255718,23.889983815873695,74.85732696299745,2297.988352058346,60.76433764284596,11.502785791080703,1007.0594995103063,1.729881986249835,1.6269917060057182,NNW,2.230217734447866,Aotizhongxin
3849,2013,8,8,8,115.61631507259767,154.330803285727,,70.19487963726515,2249.2011351981646,22.711954028675237,16.261357908187914,1008.8304774407877,7.190702496309274,0.0,NNW,2.7188904509480674,Aotizhongxin
3850,2013,8,8,9,105.11614913656211,146.0266871741673,21.34399468831737,48.018703577412474,2092.246979854778,43.95194717889978,14.780304897003425,1009.7251939131208,7.566902655554722,0.0,NNW,3.001616591368862,Aotizhongxin
3851,2013,8,8,10,96.80429607269849,130.0918102040127,19.601786191831383,56.643306163662004,1925.5709255004376,35.756470376826854,16.890989957051065,1006.5753367817103,8.713748656478417,0.0,NNW,1.103699019881879,Aotizhongxin
3852,2013,8,8,11,91.54348681634674,140.7994409338493,16.664467894020035,59.84907208616245,1830.7736025308593,62.327983112005874,21.290544648955038,1014.1692907517946,13.796804218184556,0.0,NNW,1.9226601216275685,Aotizhongxin
3853,2013,8,8,12,88.9631677103967,127.17346370307371,11.731459775179633,49.744843194861915,1740.4466659062668,44.185245719578184,21.692116364874053,1011.4885125714256,15.161314151409917,0.0,NNW,2.1796108153834464,Aotizhongxin
3854,2013,8,8,13,76.76996909011125,99.63631814255741,9.402162191774348,31.806746260879383,1535.1450069013079,53.131260700386036,23.67814561131612,1014.685242252344,16.914188037962358,0.0,NNW,2.2598124256383203,Aotizhongxin
3855,2013,8,8,14,68.07251669524578,90.59397238209627,12.81951620425756,29.799249957530765,1344.1685153334906,66.16813059450796,23.180378314265223,1015.9472470221057,13.543933049165927,0.0,NNW,2.6926348531567443,Aotizhongxin
3856,2013,8,8,15,61.2541163787193,96.96764435590606,9.836375472359423,27.242375272221132,1210.0429103964038,80.33599122821767,25.909989186569693,1010.556459722862,17.927755645717504,0.0,NNW,2.6560671913307834,Aotizhongxin
3857,2013,8,8,16,50.903400892012606,87.26573971702243,13.427656256121683,22.85198924840237,1056.7395058678364,75.69592120799479,22.452747394584268,1015.0162686294233,13.07151352179219,0.0,NNW,2.020395605092201,Aotizhongxin
3858,2013,8,8,17,50.271785183907284,85.66381489233265,12.407940422850391,37.911714159901095,950.9433739973173,78.29373303123577,23.515596706105335,1018.5103667722975,14.34961964814521,0.0,NNW,2.9219033430213948,Aotizhongxin
3859,2013,8,8,18,46.35359864560888,72.4653587543922,9.44616701668885,9.631894889413951,978.8355340140147,83.19109545073916,22.04803420559184,1017.1245049188705,11.481730697961911,0.0,NNW,2.775028027367439,Aotizhongxin
3860,2013,8,8,19,46.59426245222873,62.70571874509385,6.69723209673085,30.928836591489322,957.2024898294701,81.72574406661164,19.345941736370253,1018.2075678041215,11.546342399902077,0.0,NNW,2.710705539365463,Aotizhongxin
3861,2013,8,8,20,,174.48173044231692,12.202079629899627,17.341064924883618,1768.4904986460135,96.5251289777962,14.95236831303296,1016.5148601418126,4.275206459334911,0.0,NNW,1.5769531770249168,Aotizhongxin
3862,2013,8,8,21,149.39368229477816,212.12275545077162,8.41061775566181,23.167852476660503,1930.8420242393854,84.53678072635337,12.353053359338325,1017.9942974935391,4.944253217616591,0.0,NNW,2.5703182180176065,Aotizhongxin
3863,2013,8,8,22,155.57870578845234,217.79190051539226,10.224608231207403,18.922133065050254,2014.0431444866913,69.25423260215358,11.292550938967093,1014.7280677768888,5.33022235544125,0.0,NNW,2.962854139824275,Aotizhongxin
3864,2013,8,8,23,161.9516961211046,228.13219553275994,10.767657559841929,35.43118364867864,2203.47364699077,87.44059523969918,10.808575493143099,1016.1422734190735,3.604079671613869,0.0,NNW,1.588920234641954,Aotizhongxin
3865,2013,8,9,0,168.2288359450656,236.0593437934239,14.58449693418014,57.08585321231371,2388.2125783139963,64.91661174856009,8.36231948029744,1010.0399428455759,0.4401520170510803,0.0,NNW,2.105247170419801,Aotizhongxin
3866,2013,8,9,1,173.07956081141987,229.04876351649622,19.80467222772429,52.294974841768635,2440.6521684751056,43.8399033193015,6.3150929239089,1010.4506246355295,0.6167651120135442,0.0,NNW,3.25179695245166,Aotizhongxin
3867,2013,8,9,2,181.59308814147607,259.8044089665783,17.484877389329412,45.413107624007225,2657.350769235457,50.06513739991844,4.0138590080831005,1008.313200862836,-3.494972445862558,0.0,NNW,2.3171922857313225,Aotizhongxin
3868,2013,8,9,3,194.42076065104163,278.51122805177675,17.20587782864965,67.27931701876545,2747.687653596434,47.67745591898946,5.511698331891662,1009.2417382221918,-3.782416647038642,0.0,NNW,1.9297184628559125,Aotizhongxin
3869,2013,8,9,4,199.74786826033488,286.47040338506537,14.753282228786459,72.17094218423826,3021.0197621269185,31.473117714775555,2.6421978200509395,1007.1125370913127,-5.17014250235233,0.0,NNW,3.169282908342751,Aotizhongxin
3870,2013,8,9,5,106.72935379511831,158.8868653488995,21.486002885634868,65.15088837409405,2172.2518360321346,25.3267652347129,2.7449217385976477,1006.7113424943674,-2.315541010511128,0.0,NNW,1.6236007173473395,Aotizhongxin
3871,2013,8,9,6,202.1906913058324,289.10748427738156,17.65878618221412,81.27799326522072,2991.7845473267903,35.86459090042442,7.564324861312017,1005.5904672734995,-2.074633390651459,0.0,NNW,0.6430994791875708,Aotizhongxin
3872,2013,8,9,7,201.79951185167948,278.41902247696214,20.18218198891963,70.89102952277828,3067.685420517261,32.24963662971294,9.180922929854457,1006.2488998346976,-0.8892628897476342,0.0,NNW,1.376665811269233,Aotizhongxin
3873,2013,8,9,8,194.41302590065635,271.46986778175796,18.26747117117227,67.78172813402948,2889.988222414977,53.140643789943454,13.93156649544598,1007.6493188532444,6.853929466458288,0.0,NNW,2.908807520437388,Aotizhongxin
3874,2013,8,9,9,183.73776751259203,258.1441231901626,21.05006556473105,52.71510596640063,2692.87496826034,49.73388871118546,15.236975666659252,1004.4217757917008,6.900895914714622,0.0,NNW,2.416554931733529,Aotizhongxin
3875,2013,8,9,10,174.56707844715947,245.47090431708943,17.028290823914343,60.01918788497073,2632.1902891916025,41.0922472591342,20.06429341602498,1004.8964722879376,11.266290602775202,0.0,NNW,2.054489194358933,Aotizhongxin
3876,2013,8,9,11,172.0992471378894,250.92112255276243,16.117316161943453,51.91071112288636,2514.8482182516827,57.78890498192286,19.17767739695681,1010.8241966591024,9.288908266654051,0.0,NNW,2.8489036154937404,Aotizhongxin
3877,2013,8,9,12,168.13473909949238,241.8253222695142,16.457241442366378,49.15863202136821,2313.4185958276776,72.6712814272474,22.801226249148716,1006.461646869533,11.8760578921686,0.0,NNW,2.133486887702101,Aotizhongxin
3878,2013,8,9,13,161.34218663463434,246.65249568418758,20.026725321276952,34.34693414481894,2160.9635489970465,52.53243166856652,23.281838343720942,1012.9078106718964,13.09719328547381,0.0,NNW,1.822129623476146,Aotizhongxin
3879,2013,8,9,14,147.97595574815023,229.23102784625704,15.165340791075664,36.0247910748719,1962.0371974542975,62.27221759012248,26.731837849087388,1013.7456724776175,21.154226137078428,1.7198843260104093,NNW,2.6680963808440534,Aotizhongxin
3880,2013,8,9,15,140.97762970700205,198.1651774159421,11.198647775021437,24.32297237454939,1834.627127147096,77.56598335686836,24.69392432931388,1016.6196096456545,16.680612964597163,0.0,NNW,1.6943798500652776,Aotizhongxin
3881,2013,8,9,16,137.41687106467225,154.01706400594745,10.679466952923672,10.502435124582973,1658.2762531575122,82.00665477366131,25.94086843310933,1014.9860902608184,14.997321710029173,0.0,NNW,2.392196935017159,Aotizhongxin
3882,2013,8,9,17,135.12200330784776,201.5391292922595,8.595792487581356,33.6679200228457,1685.5345028912498,83.62617060259811,22.043825591058148,1019.9686586700293,15.819954498536294,0.0,NNW,1.3642143829587314,Aotizhongxin
3883,2013,8,9,18,126.72460376259681,172.010681877765,7.150012889440914,12.980888146483862,1702.9925400099319,81.89222821212323,21.44824884716741,1018.6963257464608,15.30049979768837,0.0,NNW,1.1563617868796268,Aotizhongxin
3884,2013,8,9,19,124.18555758184526,165.84494139627327,8.51211850735569,26.53897519247796,1562.3156317772996,80.88754243270651,19.8739348821088,1013.8050410681424,13.717785815633054,0.0,NNW,1.3074180460036244,Aotizhongxin
3885,2013,8,9,20,126.92625920038927,173.71231013065128,8.35342608994198,30.34350895990355,1639.8252324158505,85.49321646282725,19.48331676096941,1015.7614343039735,10.849519796743408,2.1066858631715406,NNW,1.979148273317342,Aotizhongxin
3886,2013,8,9,21,133.83898151639477,182.9081436548066,13.424571245454919,33.47036850317348,1728.6882564967193,89.01709506605542,11.704219588487943,1018.5899041943005,3.3010036708740857,0.0,NNW,1.4816381192767625,Aotizhongxin
3887,2013,8,9,22,131.2676736675914,189.89744123568187,9.28641542639304,32.73536741121399,1880.7494856604985,67.69047270311574,11.912842879306124,1013.1047361892009,4.119284674868251,0.0,NNW,1.5041000068402037,Aotizhongxin
3888,2013,8,9,23,137.8546064125963,177.40209118637256,17.705536458627524,41.99331090018936,2059.4691011668806,90.85446957926959,9.450279810359053,1013.1883105754617,3.551849572351079,0.0,NNW,1.8772467138532503,Aotizhongxin
3889,2013,8,10,0,146.1913728451878,193.8907145253469,17.25613915085649,48.7677365582813,2228.5468747203836,79.60691435740317,4.813471904542954,1014.8082551517095,-4.018879624089997,0.0,NNW,1.942223649472424,Aotizhongxin
3890,2013,8,10,1,157.35439215232827,223.72773455523372,16.35560041361561,56.05609942806629,2299.9622258149516,66.82208016823779,5.64369232103539,1009.6247135423619,-3.487927545835681,0.0,NNW,0.7591590706097362,Aotizhongxin
3891,2013,8,10,2,167.36125113620238,240.5351918948164,17.500955834395207,68.86753071507411,2563.8795956144672,53.72483334561562,3.029741040322376,1011.7459598801657,-3.926743657141886,0.0,NNW,0.2,Aotizhongxin
3892,2013,8,10,3,175.90473984703402,252.68205223520775,16.863689977089077,61.015688835716595,2761.768132961603,62.40221153503787,1.5040047829439116,1006.64446688884,-4.682113116281597,0.0,NNW,2.3199745540493777,Aotizhongxin
3893,2013,8,10,4,177.47253649816304,240.59118830809524,20.140380252965482,62.832898835830385,2791.673608884586,35.44821125539495,4.947272494366333,1001.8946452807855,-3.1319135469585033,0.0,NNW,2.11137694201313,Aotizhongxin
3894,2013,8,10,5,172.8375406248087,232.18990038206977,23.09390652107111,57.06468480298061,2792.991139681286,27.52581022287095,5.8955282809498275,1009.6274295014359,-1.0988118573472636,0.0,NNW,0.9038120257943822,Aotizhongxin
3895,2013,8,10,6,172.28755480789107,236.1362283931683,17.89053061323256,68.4875705911947,2754.718309531371,29.74027940596016,7.561501813695526,1007.8774700801149,-0.26982804019342427,0.0,NNW,2.349022636564386,Aotizhongxin
3896,2013,8,10,7,175.27185689739736,247.77932717920353,15.229452864689149,69.65758135090591,2799.5506768844893,25.822426311872476,10.379287368847528,1008.1794994192236,2.0024204596907467,0.0,NNW,2.347561692992339,Aotizhongxin
3897,2013,8,10,8,177.84866233235618,263.84290095802413,21.43978178349243,60.78208260143576,2831.0153691579453,39.567378128522726,11.092714314154245,1005.4839473984672,1.8487970164254677,0.0,NNW,1.7582300296792668,Aotizhongxin
3898,2013,8,10,9,175.9233000636106,225.81824823134735,19.50863182866414,63.49903565720325,2706.639561404942,45.32063511161375,17.68628402016888,1006.4377608610735,7.955494167998458,0.0,NNW,3.5674930496892134,Aotizhongxin
3899,2013,8,10,10,171.42745991922112,237.79115631732589,14.139403595676463,52.659870451605265,,49.508398386811066,17.53824943882795,1011.8008730394723,8.61610034617218,0.0,NNW,3.015369327394911,Aotizhongxin
3900,2013,8,10,11,165.71058986584057,218.66804140192477,14.093921112770254,55.54432211876181,2406.4102532534343,53.40521035061898,21.929645694592224,1011.1923193892959,12.46555691578944,0.0,NNW,1.6807429641824163,Aotizhongxin
3901,2013,8,10,12,155.72154352572187,201.4877341624757,12.422687177849578,52.300818512237946,2306.2363251502247,61.33154528171615,19.551218949632407,1011.7650878853245,11.976442749221551,0.30465066919658,NNW,1.6956631477458433,Aotizhongxin
3902,2013,8,10,13,147.43673099843176,216.0809898512526,11.532307967384648,47.01264203179346,2092.2033959640007,83.8337142160619,22.408459562706575,1013.7359485497409,16.234778213831756,0.0,NNW,0.8336954654765638,Aotizhongxin
3903,2013,8,10,14,146.8775804548127,211.07485838173113,11.528951737876438,35.94275460913041,1980.9737475506554,78.70051867639084,25.688730470457028,1017.5170110600246,17.994744497513377,0.0,NNW,2.9797806881174647,Aotizhongxin
3904,2013,8,10,15,136.89414499604874,196.14613815394085,10.664824181225022,22.538119163332645,1784.609670831436,86.90275749571188,24.6601535864831,1016.9829103600379,15.279098576953096,0.0,NNW,2.197456042344788,Aotizhongxin
3905,2013,8,10,16,138.5857014809514,203.2302404706419,8.717492015872427,22.784187503176664,1821.7054093605575,83.55853446147884,23.04948918183123,1015.3808366241519,16.33255480337017,0.0,NNW,2.658448781992284,Aotizhongxin
3906,2013,8,10,17,134.30057618784429,183.22361769532063,7.895879410054874,30.44274206529646,1771.15490887824,67.99225867254593,20.902309189878267,1014.0226534092053,13.347631434027829,0.0,NNW,0.29283882175685605,Aotizhongxin
3907,2013,8,10,18,138.58007941289662,189.68573601471996,9.313646968241855,44.59049844592182,1771.8000914540746,66.86117529530489,23.170873320226022,1018.1761075236556,15.913112351293693,0.0,NNW,2.6220229302264224,Aotizhongxin
3908,2013,8,10,19,133.97504458623445,209.42236858795397,,22.955717301961975,1757.5596072465169,104.97624555931185,20.977403382423283,1014.9816931101769,12.19835181579974,0.0,NNW,1.5922826086368331,Aotizhongxin
3909,2013,8,10,20,139.31567406603193,192.57623314984897,9.720983371983273,31.32619335141635,1750.1799189761716,76.33241234229875,17.95317148815405,1013.9653731436847,11.65323634663179,0.0,NNW,2.4674434591508785,Aotizhongxin
3910,2013,8,10,21,141.13615220017817,204.94193421079035,14.940467164091167,26.40944391643382,1821.2380502581111,71.51015608814437,14.256140713821127,1018.1670322796809,7.948539261089559,0.0,NNW,2.4169794157456694,Aotizhongxin
3911,2013,8,10,22,141.68828686807785,198.42741702494214,14.024263143262358,27.208263646007186,1925.6890362696633,74.95663241377251,10.742174507530086,1016.2448114935163,2.4660737905424277,0.0,NNW,1.9834830948558493,Aotizhongxin
3912,2013,8,10,23,149.797851684646,191.2344070577202,,34.41309218933067,2096.783857534972,71.97450591086232,9.92052769015495,1014.0654670788736,2.998205460059336,0.0,NNW,1.442131196747762,Aotizhongxin
3913,2013,8,11,0,161.60031019210555,205.79414423093507,16.57118329624156,28.340224186378627,2364.353470543107,66.76862137334413,5.955954282666424,1009.5232058781255,-0.3918119892260741,0.0,NNW,2.319089288516917,Aotizhongxin
3914,2013,8,11,1,165.98511579080719,226.58931990773098,18.11072717326935,61.00386140531242,2489.7028813408865,71.27370920123703,5.212369841308727,1014.2844368960216,-3.4856884978240537,3.8168929496577926,NNW,1.3312709470159372,Aotizhongxin
3915,2013,8,11,2,167.22448059589794,244.67528535095698,16.195795095627425,37.15895797668309,2564.719314129908,62.507363826579414,7.23261760920864,1011.5577366294317,-0.8892403622435667,1.3633639000368223,NNW,2.8404591202821177,Aotizhongxin
3916,2013,8,11,3,173.07030497415457,250.1813435301764,14.049941144023272,57.03150978052589,2595.845813975511,34.2129982239481,2.2237463553028713,1007.8568948919425,-5.6565666088935185,0.0,NNW,1.4226804987236075,Aotizhongxin
3917,2013,8,11,4,177.4881223369826,257.6241429140159,19.3543272971556,52.895484912888335,2681.9140479797925,48.03671063960693,6.3570334774598685,1006.6393128647561,-3.289696759908828,0.0,NNW,2.01819479980922,Aotizhongxin
3918,2013,8,11,5,182.6784135223395,245.8793171419121,19.806503176998607,57.243474802883725,2859.8207759344286,32.01094516066531,8.58103988932936,1007.3273503511725,1.2435336566609703,0.0,NNW,1.4033657396006824,Aotizhongxin
3919,2013,8,11,6,187.4990170191254,278.6573487279987,16.635061290400415,76.01218127790935,2944.005296433039,33.624912555692234,9.153321767208505,1006.0431626669227,2.6871059906076153,0.0,NNW,2.12698906635187,Aotizhongxin
3920,2013,8,11,7,186.23913108270744,251.08585051392657,15.475971482665534,65.9270524460325,2872.30502672798,24.91196228325967,10.597319317639727,1011.5940787821248,2.381490293312955,0.0,NNW,1.1745915026624285,Aotizhongxin
3921,2013,8,11,8,190.66413166674562,269.0580283201436,19.067466379561875,54.59733880223517,2967.4684400966607,21.418636367074935,11.716450279718106,1006.8988162316681,4.226225361246508,0.0,NNW,1.3526847959943522,Aotizhongxin
3922,2013,8,11,9,186.79351196695006,261.40739385465275,17.83630232978027,54.42599856375887,2723.0687560211977,42.00671334401342,14.03116791834898,1006.3287003509868,8.129039112226245,0.0,NNW,3.835623606904192,Aotizhongxin
3923,2013,8,11,10,179.19460250732607,249.13370530711063,16.24820390403282,48.87615023646332,2573.1392225838285,37.94018083888754,14.215994151930225,1012.6768317166661,5.6082663397258035,0.0,NNW,2.675373823506068,Aotizhongxin
3924,2013,8,11,11,165.5129044239904,245.1039875765426,16.043863021272923,,2394.4168047092157,62.80766065815734,20.05551002040097,1009.5677811079132,12.595907516841475,0.0,NNW,2.295559541977084,Aotizhongxin
3925,2013,8,11,12,156.69769498965013,212.32566778385058,11.691670878539043,46.38313347830154,2218.4666992576394,57.18921756479879,21.467707138771836,1013.5728602162335,12.612988836267325,0.0,NNW,2.4112935723041327,Aotizhongxin
3926,2013,8,11,13,147.58757585492998,193.12655363978268,12.401442935889053,54.98821728377806,2103.4872822325306,69.55637831706176,22.613202424821527,1014.6448704376847,13.717542976217405,0.0,NNW,2.244512524223252,Aotizhongxin
3927,2013,8,11,14,144.1933663931315,202.07066781244828,14.099975091843044,19.669593872018353,1932.461338552877,86.17525753915432,24.629136719572163,1014.3828758989099,17.141976611781345,0.0,NNW,1.928886374344667,Aotizhongxin
3928,2013,8,11,15,139.83009745380247,191.76386909245818,10.414555853013397,30.579365858205435,1758.406044091868,62.824717711842595,25.093554220306984,1013.5895403768874,17.455608571276915,0.0,NNW,2.6053761468545527,Aotizhongxin
3929,2013,8,11,16,130.34506228933526,216.25691639589581,5.6539555657001515,25.15495038403505,1740.9292596356624,74.40446120911409,23.705922316840102,1016.2337611649655,16.53852707613165,0.0,NNW,1.3384122431144876,Aotizhongxin
3930,2013,8,11,17,128.03706715984055,186.01696878817648,,33.253871695952895,1549.9286104594905,85.9569819028852,26.07987521305957,1014.4899069187809,18.194113337496244,0.0,NNW,3.2764282528223463,Aotizhongxin
3931,2013,8,11,18,129.7009666354288,177.48794753741407,6.789524609479419,27.83854494542715,1584.046821932895,88.12524815823261,23.16697198053411,1016.9525644749262,15.864686206482842,0.0,NNW,2.0962680007627017,Aotizhongxin
3932,2013,8,11,19,136.83531728430813,181.0083285061605,10.97177975793985,30.404381139138195,1627.1768792216444,95.18312066994997,21.344417837559917,1018.3751920643647,15.84269629566697,0.0,NNW,2.641364215135402,Aotizhongxin
3933,2013,8,11,20,143.38234582910326,181.93240005505672,11.626385191219082,30.44018141243189,1811.0046689725943,90.32216638501694,17.433236275566095,1019.7656871513062,11.023101883524461,0.0,NNW,3.2587060605288833,Aotizhongxin
3934,2013,8,11,21,151.1932911242859,201.41841671662593,6.48814221880917,23.40193537400073,1936.0060021272288,78.64700578697108,15.766853598391716,1013.3598356740442,8.274426146508448,0.0,NNW,2.3929659762009523,Aotizhongxin
3935,2013,8,11,22,157.646838538343,221.8549916712715,14.777038911746565,44.6901239719441,2156.9974243575616,75.53404670597257,11.068252648076948,1013.9990827920082,3.8256131455819538,0.0,NNW,1.3516093878119282,Aotizhongxin
3936,2013,8,11,23,166.4355152069611,247.28300780569322,10.369345870651717,46.21165833487492,2273.6478364219574,69.78123503746795,10.999387810375463,1012.244473057062,2.5510347901191595,0.0,NNW,2.9756353531009228,Aotizhongxin
3937,2013,8,12,0,79.1981061628614,122.09424005188514,19.677546871447056,52.32423833379794,1705.6671584700011,45.30287635326245,7.622328277163915,1012.5474787550149,-0.6164553595429783,0.0,NNW,3.3569524886952893,Aotizhongxin
3938,2013,8,12,1,181.63156792601842,256.5751434128896,16.14776643201075,60.28878226610773,2571.0106440140803,51.965769098887364,4.806770659634124,1007.6622880218657,-2.4545379443586772,0.0,NNW,0.44278226964641476,Aotizhongxin
3939,2013,8,12,2,187.469239264075,259.2252583126801,13.760819504382514,58.34140080521568,2650.9073230580716,49.98473217997092,5.306591730280473,1007.64267464575,-2.561932932645739,0.15785303587889682,NNW,1.9185008215128905,Aotizhongxin
3940,2013,8,12,3,190.59216770464644,269.5171583506266,15.109575693854694,70.9900748566709,2813.9854342114654,46.90783905818738,4.561918954625166,1005.08043297793,-2.2485530310275554,0.0,NNW,2.2331506112745214,Aotizhongxin
3941,2013,8,12,4,196.87633885748767,270.440494425637,20.374412894284227,65.3416246499819,2951.041922743042,29.105730504747445,8.825345727940693,1004.7932638997476,2.7259552331097305,0.0,NNW,1.7887560574295354,Aotizhongxin
3942,2013,8,12,5,104.79424023522974,163.89557628696036,18.65572946175021,62.56604782158449,2259.9146215100436,23.16387521748438,6.992837334875482,1005.8494952807305,-1.1598116066151647,0.0,NNW,1.0032462378432134,Aotizhongxin
3943,2013,8,12,6,203.42856829967337,282.9080938067919,19.710038271145578,64.94716871613308,3003.80793919197,32.6546740748192,10.298508389306857,1010.3417652256518,-0.7153164193686488,0.0,NNW,1.293557155368767,Aotizhongxin
3944,2013,8,12,7,192.84512561846765,269.1197972833874,24.66796982953646,64.12776638069244,2953.5706591524886,55.52551545368823,11.69693065953809,1007.86557182242,6.748214048224007,0.0,NNW,0.5207006713382158,Aotizhongxin
3945,2013,8,12,8,188.1992299632309,241.32069769831656,17.23239482623497,58.16537749896443,2805.3526026775594,30.156889778102343,12.468480448671041,1007.7998647282774,3.4897387990641633,0.0,NNW,2.7640869446392315,Aotizhongxin
3946,2013,8,12,9,187.0855662133638,259.96544423348166,18.715422479019857,72.19724641069271,2727.3633624759937,54.061612943884406,14.334421195604932,1011.1582381021242,6.627163750252952,0.0,NNW,3.098845519001711,Aotizhongxin
3947,2013,8,12,10,183.02288238956686,264.596876725043,21.75953346211916,57.370362924029344,2608.3938235472606,63.3473964304512,14.977850579224722,1010.2671957623668,8.069089009315181,0.7204856758643885,NNW,3.0877026182011607,Aotizhongxin
3948,2013,8,12,11,177.50019873388476,237.8230524570532,17.105635651911808,50.93428870871367,2524.7605073399263,53.98418913476891,18.693584674002892,1011.6610569972814,12.807044982267517,0.0,NNW,1.9763439716201896,Aotizhongxin
3949,2013,8,12,12,168.6156541733112,228.55471249770756,10.180191793925982,48.10619403941147,2290.0334156326744,53.20152065346549,23.065197998496796,1011.0539510696404,17.774249311351987,0.0,NNW,2.2175335258556235,Aotizhongxin
3950,2013,8,12,13,155.73495987535648,225.9560540028357,15.222071809683806,63.66245523184676,2121.114841468293,71.59867176414527,23.20705846016333,1012.0194385142944,14.661248753512142,0.0,NNW,2.8559385593313817,Aotizhongxin
3951,2013,8,12,14,150.56070851492996,196.01841968572137,9.01099142664967,25.94620649120273,2049.6314956901374,74.44990292099496,25.222988751498345,1011.8777461005371,19.007523401912735,0.0,NNW,1.813691200977405,Aotizhongxin
3952,2013,8,12,15,141.01037783919503,207.9925390502922,,24.09755628253885,1793.783826335026,69.0866297277606,21.954587272978994,1014.33335477385,14.25155714304129,0.0,NNW,1.240574670043137,Aotizhongxin
3953,2013,8,12,16,144.97920609478012,197.64944963096113,8.201270166083873,16.634923784735257,1788.2078855692498,75.0626068308932,25.339530536536742,1015.7690801907241,21.454336041855306,0.0,NNW,1.5434265198290307,Aotizhongxin
3954,2013,8,12,17,144.2642222530593,198.08422894937098,19.07889939179165,23.820689566734746,1771.3250113476556,88.68394417868002,25.304976373643317,1017.5190670264792,18.955643460033375,0.0,NNW,2.140438295993438,Aotizhongxin
3955,2013,8,12,18,,186.04838131286579,14.402127964983034,26.964147546618882,1739.6995757287375,94.33440408168548,19.407430377156096,1016.9264831699106,11.141219244537623,0.0,NNW,1.4290892355273939,Aotizhongxin
3956,2013,8,12,19,139.496088053289,199.07498587888338,7.780533159670721,21.958903327490013,1704.6338443704065,80.92024364407283,20.5573458595352,1016.09949019971,11.367736633742856,0.0,NNW,2.378637522323788,Aotizhongxin
3957,2013,8,12,20,142.12132390197348,223.56857331305667,10.72991439608264,23.36167753909707,1829.9034331387704,80.95929944573044,19.6034924314379,1014.5067735151287,7.663607844666973,0.0,NNW,0.9159171880237624,Aotizhongxin
3958,2013,8,12,21,145.93087489182324,212.11819724315885,13.725398938967652,31.997103309294104,1914.126901699203,84.3640552347745,17.5201299740092,1016.3337875218432,10.532143868829408,0.0,NNW,1.8058774309139838,Aotizhongxin
3959,2013,8,12,22,156.61141342953948,210.61312618194992,14.850981422680121,30.983137401362413,2109.8841376544005,70.77513115826066,11.656560942687854,1013.5044678259324,5.169234079673984,0.0,NNW,2.3244397370370167,Aotizhongxin
3960,2013,8,12,23,164.59250675544,241.78571531253075,15.032913554415984,42.30502571541227,2209.1323397851584,63.4772063946042,11.169895516917304,1014.0016882414966,4.28808618351724,0.0,NNW,2.10600935795093,Aotizhongxin
3961,2013,8,13,0,169.43055115288155,,18.75647711089833,53.91387477394083,2329.8034687502354,52.44659180272774,10.073616918142648,1008.1734557808129,-1.4565047529111674,0.0,NNW,1.4119027897904752,Aotizhongxin
3962,2013,8,13,1,84.7568852465803,132.404489159488,15.925188385609495,55.59262466045686,1747.4510989130445,45.80267763869667,6.941818048326181,1011.3787471004272,-2.945198436208018,0.0,NNW,2.5880381878572547,Aotizhongxin
3963,2013,8,13,2,92.18954721958556,137.1321301290634,16.3998469942719,62.04810677732162,1952.8677536531527,74.18882758223256,7.268358120604534,1010.9938138055925,-0.010406662550285994,0.0,NNW,2.2099914001970933,Aotizhongxin
3964,2013,8,13,3,101.47810935905756,112.63793744796322,17.494941942158906,67.82948291578471,2075.809798206516,40.36031386954549,4.94620751999255,1009.7035278127947,-0.3755068767862637,0.0,NNW,0.32880275609881005,Aotizhongxin
3965,2013,8,13,4,103.81276200721527,135.2970704805511,21.905246714838572,64.5831333566384,2148.453768687458,51.99994812051128,5.9322129527655125,1007.2764321303764,-2.151117751318542,0.9481414440909885,NNW,2.3642541530460894,Aotizhongxin
3966,2013,8,13,5,108.26223719333224,161.01098429901904,20.925172252353278,63.04938831743655,2230.053864850019,52.691787717964004,5.407332122462311,1009.0010074994034,-0.9553904926501646,0.0,NNW,1.6622419781444018,Aotizhongxin
3967,2013,8,13,6,110.52890236923298,156.25703603837636,20.873850997070768,58.82197543293444,2250.046694697651,33.164177105068404,7.682031951623886,1004.4540822340883,-1.86957828353386,0.0,NNW,1.5800281175681816,Aotizhongxin
3968,2013,8,13,7,201.9480799895204,272.48975250825004,22.215331879216887,61.189091216695594,3011.906026069927,39.53615242712098,10.650574254814545,1006.9919587381415,2.961266303793031,0.18475041767079697,NNW,1.3360595045886745,Aotizhongxin
3969,2013,8,13,8,107.01216775622407,143.48113970377557,13.17696979536063,58.131023814273625,2131.8783444363653,39.37414972571935,11.366880561406141,1007.2830813787564,2.954890364971385,0.0,NNW,1.197578066095998,Aotizhongxin
3970,2013,8,13,9,107.40718692197754,131.30769548987473,19.465740377558188,64.99551423669824,2157.2510224741873,26.200506963749543,14.66462044028887,1010.5372654721494,8.44600465103523,0.0,NNW,2.165266581807706,Aotizhongxin
3971,2013,8,13,10,99.60520222179719,138.56355023525208,18.155706666621146,57.77426043675357,2030.669055794525,31.980269877518378,18.72950097244541,1005.4590136589509,9.919746476040837,0.0,NNW,2.436820917731946,Aotizhongxin
3972,2013,8,13,11,87.9606946130494,145.2518697184268,21.300519469414724,55.75044380376483,1778.169218036539,54.0180085414797,23.07883629976415,1008.5896453386329,17.59435532556156,0.0,NNW,2.122537876751732,Aotizhongxin
3973,2013,8,13,12,81.58636971518797,122.27025150858641,10.414236053208999,35.71730515119879,1748.792804701831,55.75086461391404,18.996910074392616,1015.494501617261,10.535341348962634,0.0,NNW,2.7595627893518198,Aotizhongxin
3974,2013,8,13,13,74.16858915976995,125.74019483556216,18.37746467161767,51.277614971878215,1490.702160785994,85.38627951149891,26.625119038829812,1008.4329629778226,17.02032454460156,0.0,NNW,2.465123678855895,Aotizhongxin
3975,2013,8,13,14,68.35583630709851,104.5221417278377,12.726227386774,31.584157027945906,1268.7795413017936,70.13427061305381,24.26945061625653,1016.128847943375,14.714989639649655,0.0,NNW,0.3944303479608209,Aotizhongxin
3976,2013,8,13,15,62.90894245627847,98.34731287231676,12.9314346860474,22.057731239671753,1206.3666818587756,97.18695950034493,26.447349803541076,1014.1348795798784,17.513709105019288,0.0,NNW,1.2667840663948833,Aotizhongxin
3977,2013,8,13,16,60.16634773556542,103.97367370724182,15.697629343905938,24.165749805736727,1138.0534276175376,76.88672113325552,26.400897312878293,1016.8395322262144,18.956748304762367,0.0,NNW,2.950735377175166,Aotizhongxin
3978,2013,8,13,17,62.95855785799374,91.91461359461348,11.85265467257138,45.551611414918696,1139.7465101268335,103.27014986331605,26.00699919875521,1019.657193939164,17.092029236193525,0.0,NNW,0.9844931442360372,Aotizhongxin
3979,2013,8,13,18,64.20874546718039,88.01997043898375,11.201104868387683,21.89826506806746,1100.7984375319008,90.06424496947346,20.97912501477079,1017.5864137421577,11.748408951294333,0.0,NNW,0.2,Aotizhongxin
3980,2013,8,13,19,61.03234868286857,95.77186332223611,10.897244425961613,23.080711702451225,1051.309945162102,89.78106461493869,19.662093037823304,1019.6986958849674,12.996805115124914,3.604988976148122,NNW,3.4651600248507783,Aotizhongxin
3981,2013,8,13,20,69.4796127688573,111.80986024761906,9.219438576094676,26.14265447927382,1154.677709731469,76.53299552727447,17.507796302595853,1015.3454286573486,4.690968386938154,0.0,NNW,2.2372900244260623,Aotizhongxin
3982,2013,8,13,21,80.80962970074717,108.33383515392394,11.378998720536083,29.668901308817404,1330.9543608722747,83.44684133370058,14.463849236253985,1014.8151813942469,5.81902678160051,0.0,NNW,1.4535545596870103,Aotizhongxin
3983,2013,8,13,22,99.63106007439193,132.2677932807484,,28.74819147358996,1569.1597124691968,89.42713433081252,14.389951011233501,1016.0736844976955,4.388593789630787,0.0,NNW,1.3212807147674783,Aotizhongxin
3984,2013,8,13,23,102.3725125883579,144.71007794800985,13.572204076210946,40.96932376359861,1658.7037744208917,65.02220118696167,9.884758448482804,1012.415234304948,0.581926790967072,0.0,NNW,2.5035249267008366,Aotizhongxin
3985,2013,8,14,0,111.10861199403467,163.86704546096516,7.99220790883471,,1852.2282378970924,56.60603184633382,5.501110690921971,1013.194692762076,-2.1332644236944,0.0,NNW,2.382398304401756,Aotizhongxin
3986,2013,8,14,1,110.54478853435434,162.74361443471167,17.58121392821525,52.690695425880065,2020.8588525378107,51.061898483836096,5.390225228684967,1013.0735132076428,-2.9176237388676007,0.0,NNW,2.261761871958492,Aotizhongxin
3987,2013,8,14,2,119.99281380679554,153.74826332763774,17.134788238649122,46.11067760880012,2242.363140839089,63.70111605006437,2.973141697063997,1011.2366737885748,-5.470207249641653,0.0,NNW,1.8490003749547346,Aotizhongxin
3988,2013,8,14,3,124.01321604972486,192.73456314024799,17.526922695932445,56.387368384261286,2312.721526565966,50.87584254034718,4.657491819959989,1005.3066429631741,-1.5582448615936135,0.0,NNW,0.9755335421232669,Aotizhongxin
3989,2013,8,14,4,136.47455790696142,184.65273177577748,19.989401270742622,57.90828887487574,2503.4996790788073,52.826164810100224,6.349566248961222,1006.9871114269788,-1.6708609906584087,0.0,NNW,1.9712281539686296,Aotizhongxin
3990,2013,8,14,5,136.373110702026,188.2717050139506,15.52893736254902,64.74203227165977,2526.0611395435203,38.98808144761599,5.358030953700081,1007.7340358366642,0.06711626411044902,0.16117311135391138,NNW,2.8521160239614476,Aotizhongxin
3991,2013,8,14,6,130.6386037614849,173.8675016662006,25.787809989863845,75.64361337249854,2486.7653465117965,35.39319356777832,7.324382741182659,1006.5122129207413,0.39267040818380683,0.8104808468921352,NNW,1.5664392062397416,Aotizhongxin
3992,2013,8,14,7,127.73132358734684,205.80714138165644,19.521326746982542,63.127454157614295,2391.3311060615356,40.091294733479614,9.587852061492708,1007.3291028953377,0.13778747919424417,0.0,NNW,2.4808550262372435,Aotizhongxin
3993,2013,8,14,8,116.83235982733942,165.98601046115485,18.892593720005625,61.61526912472565,2288.1145840518384,49.05095024951443,12.62292328972766,1008.2600144696163,7.524061245154942,0.0,NNW,1.6762949927471344,Aotizhongxin
3994,2013,8,14,9,115.06919896743193,152.58712774758905,15.639345275533971,73.36329417428638,2182.3653370912734,39.85114804445766,15.774124167953287,1007.4113298526321,8.191282184689804,0.0,NNW,2.6409953124102787,Aotizhongxin
3995,2013,8,14,10,100.59566334681023,149.47316418515877,17.571839147347784,62.00964793337328,1993.8099486578005,61.18676993356786,18.79907359292826,1009.1131222390883,13.606695381788079,0.0,NNW,1.2160429625629727,Aotizhongxin
3996,2013,8,14,11,93.4740650246185,138.55504882756622,,54.7690311589027,,57.187829443095744,23.383275474404783,1008.3438353184737,14.984132159855644,0.5896969123761957,NNW,2.010950097168438,Aotizhongxin
3997,2013,8,14,12,77.3982463921181,106.4802747131665,18.1077486282961,60.665052922414205,1654.864278715896,35.937218619698214,22.256311708365583,1011.0443164261853,14.664659329477473,0.0,NNW,2.3651790104040726,Aotizhongxin
3998,2013,8,14,13,68.35248382089593,104.09954447708813,16.269218027909062,43.742109136301686,1464.4584216019155,75.30541039861497,24.763943618813958,1010.240738019981,17.41211486680157,0.0,NNW,1.4596395861912006,Aotizhongxin
3999,2013,8,14,14,67.69056779718971,86.51387530775695,14.139196855001817,19.10778286417983,1333.4330792268,59.776949867380175,22.277923141373268,1014.7329933913854,14.02575248004669,0.0,NNW,2.2900907077771344,Aotizhongxin
4000,2013,8,14,15,62.91995592733646,83.15875554877852,10.388838511379435,37.51919043931194,1223.2938719886563,86.26939713640354,24.431225521651697,1015.1490894972156,18.339105515032028,0.0,NNW,1.976358615403367,Aotizhongxin
4001,2013,8,14,16,54.69842282954,59.69842282954,6.319383479967701,14.943424267362028,1112.8504048322209,90.66581507699263,24.253632922697573,1014.4985365948249,19.152505935454037,0.0,NNW,1.9646754783879012,Aotizhongxin
4002,2013,8,14,17,51.576596198644765,58.96772383590704,9.567254552954754,29.297526422878217,1059.6121609764227,87.4470716310388,22.134281704363733,1020.4001487491031,10.69414228643898,0.0,NNW,1.457796970879075,Aotizhongxin
4003,2013,8,14,18,50.62643847549458,88.95332192239925,9.292385606398968,11.29005140696608,929.0617496410965,90.43680898876694,21.267078714814172,1016.5091770339063,14.489306277301438,0.0,NNW,2.797874049300282,Aotizhongxin
4004,2013,8,14,19,53.539185070196126,91.36914537549771,13.316754187568382,21.946640191019274,988.073701850995,95.13685353566657,19.838772923516558,1017.4027350196046,10.49701720873978,0.0,NNW,1.2438965445898533,Aotizhongxin
4005,2013,8,14,20,51.06876429221171,72.15415649558602,11.598044308457268,24.769215687432258,1117.5054795208855,76.69435835650368,16.831195389777996,1015.0528606892312,4.941982708973335,5.123678674692116,NNW,2.223811792509914,Aotizhongxin
4006,2013,8,14,21,58.20659206553779,98.11854336365127,16.301400677777906,24.69691151841502,1179.7665455531303,85.61196612668847,18.902751281757244,1014.7068378644582,11.678278666453533,0.0,NNW,1.320633586138317,Aotizhongxin
4007,2013,8,14,22,153.60222897472312,213.4423756985293,16.09246562011452,32.209184022470396,2007.6140021294357,84.13023302957038,13.180222561341388,1015.148826941697,5.959132807591207,0.0,NNW,1.9470631616798786,Aotizhongxin
4008,2013,8,14,23,158.31811941219223,219.21126415139003,12.336417945975105,48.08411286083398,2149.842363610227,84.07130210294783,13.001534108289007,1012.6295931258989,6.021724870881833,0.0,NNW,2.514290209447588,Aotizhongxin
4009,2013,8,15,0,164.1295953954617,230.34654003830192,9.614612410140396,39.288376702723575,2299.851497884866,48.942197139402964,10.167908956385531,1012.0066067137766,2.724450773240818,0.0,NNW,1.7689189538866983,Aotizhongxin
4010,2013,8,15,1,174.42747405282228,242.94924772071553,20.45082092733705,54.53750793813474,2526.844299539805,,5.3808767619800335,1012.3195540051944,-1.3065854030944537,0.0,NNW,0.2,Aotizhongxin
4011,2013,8,15,2,181.75342611045414,252.30283331903397,21.578155669692233,47.2748028831416,2598.6265891845946,37.885108009385355,5.3970824382390346,1008.4639476409623,-3.507490763777332,0.0,NNW,0.9242432170363146,Aotizhongxin
4012,2013,8,15,3,182.34437733062543,266.71610933437114,14.43689913322606,57.62613901259392,2742.836618444461,32.28311029332133,4.347763068388135,1005.8001437275915,-3.2572353478794875,0.0,NNW,0.27360166653799056,Aotizhongxin
4013,2013,8,15,4,183.17196350529412,257.9421054469738,23.857847078404692,64.91122220630837,2824.0917560286484,41.93964262944884,5.098007598179819,1004.617344401721,-1.8547429991773268,0.0,NNW,2.0543280870126304,Aotizhongxin
4014,2013,8,15,5,186.9636962186226,268.8739923504097,20.975980643222893,56.346289192832884,2901.8932960928832,36.62641249073468,4.875095458372519,1010.0472489413283,-1.0954703577884173,0.0,NNW,1.995990144757234,Aotizhongxin
4015,2013,8,15,6,187.66965206249233,273.05131814026254,20.48205649437696,54.50623653671448,2912.500416310453,46.45001478521985,7.26662919437919,1008.8622934011512,-0.6676025964926092,0.0,NNW,1.7195007272799911,Aotizhongxin
4016,2013,8,15,7,184.3309304126214,261.9451605342173,24.67397889418732,68.25354173041246,2886.8130853323,32.3900898468312,10.539278322299857,1008.4819702029301,2.218584974353593,0.0,NNW,1.4988348894302108,Aotizhongxin
4017,2013,8,15,8,179.41058257943462,241.47210235212606,23.36418253861404,71.30515127041389,2753.0600145963367,37.00885054341892,12.911492634388098,1006.7977673693338,4.828634292611601,0.0,NNW,2.1769054949122517,Aotizhongxin
4018,2013,8,15,9,177.42769589013506,234.87011535654867,20.48952676191835,58.50961546783197,2655.1741429794515,44.43737309371816,15.3801054978244,1005.7983060720916,5.589715839655268,0.0,NNW,0.8421447034209337,Aotizhongxin
4019,2013,8,15,10,169.1437221630618,238.28901737635957,18.91965119743595,,2675.99999946702,38.881711485635435,17.49867821369987,1008.9353967730077,10.653114642281807,0.0,NNW,2.7648449171825074,Aotizhongxin
4020,2013,8,15,11,161.5559285400211,224.4657369077802,18.143278097103682,51.42178400355751,2380.9118121324655,46.298825422277666,21.29111363785541,1010.5191960319153,11.10513827765785,0.0,NNW,2.06009601768519,Aotizhongxin
4021,2013,8,15,12,162.4711035392677,228.33345924417597,13.799827698352422,45.44383935012304,2290.5461047814133,71.16098665772553,21.685503272747667,1009.7368966665055,14.27194942730371,0.0,NNW,1.2441637524978573,Aotizhongxin
4022,2013,8,15,13,149.01180163865638,208.45598190163304,13.540600425290432,41.766839423639595,2122.458799954137,60.98092571475193,25.747582547486807,1010.3547825994153,17.87444388087599,0.0,NNW,1.6652644204422928,Aotizhongxin
4023,2013,8,15,14,134.36900206543334,213.95233949327232,9.793048536216373,14.774039197490293,1954.7564811331788,84.32476566449685,21.887861927364337,1011.0393747871922,11.561403079238499,0.0,NNW,1.8949330621554246,Aotizhongxin
4024,2013,8,15,15,131.29015728903136,170.5039576482305,10.465346766850507,22.30503004694135,1740.2521399908974,83.75079533634661,25.985216535963634,1016.8503202810205,15.74429738336594,0.0,NNW,0.8953701738190198,Aotizhongxin
4025,2013,8,15,16,123.80802636591818,,9.569971345071007,20.9176510808164,1594.1132860040939,66.17532483972161,25.391814931261717,1013.9194103885162,16.111277721792074,0.0,NNW,2.53670239412549,Aotizhongxin
4026,2013,8,15,17,119.53806357980879,170.6770573469284,8.264454759689666,26.888424502311135,1507.8265105832627,89.45193257560459,22.648404201967065,1017.4484497728772,14.13249123572416,0.0,NNW,2.772376663122982,Aotizhongxin
4027,2013,8,15,18,115.39121285595638,157.78347245245698,10.41023950794539,26.487023068978132,1602.7850139227974,,21.53822127158256,1016.2044002931855,15.758940194059683,0.0,NNW,2.0939310188108164,Aotizhongxin
4028,2013,8,15,19,115.37423750421429,164.68461120319952,9.198428316452926,30.770927383690918,1484.7182201950354,88.37743174233955,20.697186408663555,1018.0089049489976,12.531083659170356,0.0,NNW,2.7524386504685787,Aotizhongxin
4029,2013,8,15,20,124.76540262773852,180.51039390167395,12.176577142133729,29.740145917994724,1650.3352626823544,80.23186783078086,18.962093321748334,1017.0017760428602,11.781823725256208,0.0,NNW,4.120006860860968,Aotizhongxin
4030,2013,8,15,21,132.7414751401477,198.67911214799577,6.597504254185966,20.451983813170358,1730.2248470444142,68.27699497574517,12.375805247503342,1015.0716590701502,6.275713313420501,0.4874144361656857,NNW,0.4972853321684836,Aotizhongxin
4031,2013,8,15,22,142.40357262329206,184.2927434687695,12.1599356176781,,1866.8107850884212,85.96212766112622,13.354178650456175,1014.7609068504185,6.9639295871850715,0.0,NNW,2.0415250455421234,Aotizhongxin
4032,2013,8,15,23,143.9740930470458,195.9965512872925,14.100559695019879,49.9989655253285,2033.6463586806735,65.4546802403347,9.313523221663669,1013.0734230087592,1.302933652357698,0.0,NNW,0.9255058666510887,Aotizhongxin
4033,2013,8,16,0,147.13404945391,210.27528182428162,14.068112280489359,34.93442167978459,2130.183062314222,51.16593839664632,9.616866849582355,1010.7693056987339,0.5585789362622755,0.0,NNW,3.248573669327331,Aotizhongxin
4034,2013,8,16,1,143.5423061690439,208.66386459353373,15.776917126084909,52.83802325704387,2217.284646122194,58.10421073331707,3.580833141431347,1012.6660703454031,-3.670885019027124,0.0,NNW,2.197047296257443,Aotizhongxin
4035,2013,8,16,2,147.54021153163728,228.49079164717605,12.744261967810427,50.236604918055875,2480.6269471239684,40.07220029266743,9.008690184791128,1008.653852493516,-0.01966754301410223,0.0,NNW,1.4415237766700266,Aotizhongxin
4036,2013,8,16,3,157.58022771277632,230.16935850902553,19.604965219941214,60.253047537335334,2564.7293393854497,32.831470187485095,3.670790100478854,1008.2907658015642,-1.6070029207374237,0.0,NNW,1.7917140526304633,Aotizhongxin
4037,2013,8,16,4,164.41557245370655,229.61391547632638,21.272944966623403,70.74699031282374,2708.308217121127,34.59463878336465,7.485683517293834,1004.8396227817627,0.7873812664466933,0.0,NNW,3.0690398128576026,Aotizhongxin
4038,2013,8,16,5,166.5265320770369,224.23278737842503,21.31024101405664,81.35935065634904,2759.8155652743853,29.19787669959255,6.235969032556365,1007.7184600762442,-1.4509865113181268,0.0,NNW,2.3618277472999787,Aotizhongxin
4039,2013,8,16,6,167.45955615349266,228.8004800876995,23.11618117832655,71.01022164114089,2734.63340307399,25.877577480154258,6.7009320823343295,1005.778836805709,-0.5300602685728433,0.0,NNW,2.4631360602627788,Aotizhongxin
4040,2013,8,16,7,163.68178877186307,223.2274760510372,20.434217948792845,66.67799440666245,2673.838722721651,43.91597196539088,10.397671008072116,1006.2166735502389,2.6651007423425126,0.0,NNW,3.1904635171819082,Aotizhongxin
4041,2013,8,16,8,161.50381162633136,232.6576725620015,20.766170560875004,59.601938729222404,2650.887385117482,37.211086760765035,13.955497716409345,1005.9907512593089,5.4030032715389105,0.0,NNW,2.7634972374766953,Aotizhongxin
4042,2013,8,16,9,159.7997660663171,226.28964694870223,19.003806121303295,60.59921459182036,2569.6633795017806,54.84512992549523,12.670942798882857,1008.2164731982905,5.418857691242233,0.0,NNW,2.8992060537626485,Aotizhongxin
4043,2013,8,16,10,147.12301548107877,192.73572596508848,19.56265215877748,65.8781751466265,2348.543852990365,38.954905222700646,18.64057372495572,1005.487054769926,10.276235874479937,0.0,NNW,1.8989313561342822,Aotizhongxin
4044,2013,8,16,11,141.08617758550378,193.16163392880094,11.56240631711624,49.81871084797373,2238.709430248382,36.253913496073615,19.981732252014364,1012.0706188003139,14.886764900670698,0.0,NNW,0.2,Aotizhongxin
4045,2013,8,16,12,137.05134571624683,200.64735953725977,12.319257096065968,37.9110987892188,2061.0942803951602,61.48770349249416,22.936633935714976,1011.9226704506416,13.897578835312233,0.0,NNW,2.0828507690856597,Aotizhongxin
4046,2013,8,16,13,127.62637320731771,182.19354603998536,18.466603745586667,26.86610017381657,1908.9104710854915,85.03026534562717,23.676717073852856,1012.3595240231082,16.43991321174772,0.0,NNW,1.468433423908665,Aotizhongxin
4047,2013,8,16,14,123.19374700887568,178.15769197255364,5.1186925337113856,39.10438293928201,1768.7858023451386,77.80986829362003,23.8014550047587,1011.4035386684182,14.627365265207434,0.0,NNW,2.63086793494824,Aotizhongxin
4048,2013,8,16,15,128.23916135116946,183.36404299220987,11.043932304591232,32.83616938129097,1679.6269487044478,109.831411491792,23.33031512294218,1016.4016672788927,14.140568922642114,0.0,NNW,0.583745216587201,Aotizhongxin
4049,2013,8,16,16,123.05423150128513,188.54023144788778,14.186697859902011,22.512226538212857,1520.465779840897,84.97122630410185,25.66822593096122,1015.0614718983321,14.989091134687477,0.0,NNW,2.6625882303649018,Aotizhongxin
4050,2013,8,16,17,121.63044702616752,172.64305647487822,9.890588871929365,33.889596479877014,1539.720083196728,86.50366777010761,24.66116202614264,1019.441802871942,17.27837468330229,0.0,NNW,2.1508326823258144,Aotizhongxin
4051,2013,8,16,18,117.65599348019401,160.85816289356464,8.784966785647907,21.625785084898958,1631.4531810708672,63.446373289420826,23.064476183401688,1017.9726379246596,14.2657773168338,0.0,NNW,2.283038295525838,Aotizhongxin
4052,2013,8,16,19,119.40322334193017,158.00696226736665,10.558635899000558,24.60433073962027,1553.3713671179778,88.42762006311199,20.64139447916086,1019.8989405088196,14.266478757385336,0.0,NNW,2.495009044243411,Aotizhongxin
4053,2013,8,16,20,124.24132251699825,176.43394610589468,9.610512441070467,27.546178857927682,1686.3188266670309,83.33731269480387,19.005238758784415,1016.6040671004994,11.625181847709696,0.0,NNW,1.9772285433794243,Aotizhongxin
4054,2013,8,16,21,129.78825055601556,157.29651063067092,11.55701457233808,28.05024243916434,1649.2410348188375,73.60345754761832,17.109103919654466,1017.6911794282571,9.331440906698417,0.0,NNW,1.7336089201167268,Aotizhongxin
4055,2013,8,16,22,,182.84885177956002,10.449856890439609,36.88692052599656,1804.9670783039958,71.13221132940932,9.597182777865015,1015.4255420905964,-0.5185653831113548,0.0,NNW,2.9079817721766,Aotizhongxin
4056,2013,8,16,23,139.98354844500267,193.91856922379029,17.031928034354564,49.03574026541358,1948.616288650895,65.78947038414125,6.487303834196371,1012.392132401105,-0.6353382085017267,0.0,NNW,2.4745276531094955,Aotizhongxin
4057,2013,8,17,0,153.5969035529489,201.39095643795565,19.269794763196984,35.86014481505262,2218.6602279192357,58.20070847067936,10.505853227953992,1012.3744200369682,1.5126340000748166,0.0,NNW,2.551072428936831,Aotizhongxin
4058,2013,8,17,1,163.1560179640826,219.13576676315563,15.893924259177735,54.08454200984248,,74.42667350369659,4.328176190277829,1009.0379322415695,-5.821081853949238,0.0,NNW,1.933980302361489,Aotizhongxin
4059,2013,8,17,2,174.23939536729432,252.03172881569444,13.34053173792627,56.37726935685153,2616.9271100997503,43.79137972194991,3.7113768069248874,1013.6375588659488,-3.6428529737818858,0.0,NNW,2.0876244493300584,Aotizhongxin
4060,2013,8,17,3,179.50455092284022,253.6134887827259,16.964004394992553,60.3722462600886,2803.6597465212453,44.01546770887489,4.568578532187614,1008.2627358746564,-5.318860398598552,0.0,NNW,1.989407816754149,Aotizhongxin
4061,2013,8,17,4,187.2717105584718,263.1982781189338,18.778161038613298,69.2952646346815,2831.8620095972665,34.31035407152697,2.8597843690396636,1007.722293564115,-8.276902681513873,0.0,NNW,0.6046737490782998,Aotizhongxin
4062,2013,8,17,5,191.38579458647678,271.0035877603877,21.346245762154965,64.71289592751863,2985.700155900195,43.6861662092121,5.767365916194159,1007.9503425918217,-0.2869324016010817,0.0,NNW,0.8950999623699694,Aotizhongxin
4063,2013,8,17,6,188.6043768790558,264.97240351016734,16.975960330487965,68.84183409524562,3012.4978503665907,36.76763699972207,6.506774171950527,1004.8261093513665,-2.3343238323334723,0.0,NNW,1.9014532976164673,Aotizhongxin
4064,2013,8,17,7,188.8562356869233,276.8273555902757,,70.04543356235054,2891.751762690491,33.05274861106848,9.64998869545449,1009.8131130798878,-0.9667433922396969,0.0,NNW,0.4980604378993967,Aotizhongxin
4065,2013,8,17,8,181.8924363580232,255.88370271826892,20.862155432498618,58.28558647264393,2774.586416816593,19.089685446317205,12.831571506335445,1005.6192138795417,3.3876837903208337,0.0,NNW,1.911888941056516,Aotizhongxin
4066,2013,8,17,9,174.59335658054727,229.84856807457865,21.35226040205141,61.535603310241335,2613.6990182694894,44.75541272322381,14.484692661855654,1005.9615249693444,5.403115266248138,0.0,NNW,1.2845923014134546,Aotizhongxin
4067,2013,8,17,10,169.13746637412032,253.09375257251253,15.635217864487947,52.993699142314945,2537.646718064114,44.40423726420249,16.997119522929484,1009.166951974594,10.71346045837045,0.0,NNW,1.9392186180003275,Aotizhongxin
4068,2013,8,17,11,163.09101482071645,232.03082342229146,12.294444063659618,49.114926664291254,2412.3505703667797,52.92211730356596,20.38699369518747,1008.1473097789083,9.892542055063513,0.1477927399804461,NNW,2.13600287865696,Aotizhongxin
4069,2013,8,17,12,150.56951360733234,204.90478174231458,24.852354603863652,42.42350882817335,2306.1037897261162,48.17542052754666,23.637505508790397,1015.1238810723828,13.629146086166411,0.0,NNW,0.5134252260287135,Aotizhongxin
4070,2013,8,17,13,147.02088533898825,193.29522229163337,16.055817485753536,43.59226233072467,2007.8907659660933,80.80329785476498,26.064700558226885,1012.8326886861465,19.535305050555486,0.0,NNW,2.260061360319102,Aotizhongxin
4071,2013,8,17,14,142.07348180526577,202.8620167369525,11.698988714698906,35.65315767214604,1939.5709491269752,81.06743175843872,24.33145088188736,1008.0576650043191,15.656851688519591,0.0,NNW,1.6403651356132256,Aotizhongxin
4072,2013,8,17,15,133.0413646272258,185.08619042837233,14.071559920659784,34.01421665080245,1690.7727984737066,91.98472950607,27.737333727884856,1015.9354309421828,20.07926283490188,0.0,NNW,0.2,Aotizhongxin
4073,2013,8,17,16,122.12346676349233,186.71432132921333,10.296503091934541,27.539353021145242,1609.2394311522348,93.1204281024205,25.97431851503255,1017.4371389926303,17.237930519930767,0.0,NNW,1.6312956860979615,Aotizhongxin
4074,2013,8,17,17,118.54683577202773,162.50649727417056,12.771841535855218,12.848515374456035,1577.5741235311957,90.07131867850133,21.812241356884623,1015.986764634665,16.843096592117604,0.0,NNW,2.303737589984525,Aotizhongxin
4075,2013,8,17,18,115.74083570525517,153.66336209053256,10.478179593328667,25.25094732879767,,73.57717491273557,20.179255428444964,1014.2882139484776,10.24471269456437,0.0,NNW,1.675455297977585,Aotizhongxin
4076,2013,8,17,19,117.2156227447952,173.05983402507258,10.444186563057377,26.189787115473166,1580.8058054248304,102.5820172979453,19.134068224095994,1016.6230150981123,11.557241725013357,0.0,NNW,1.62667880766268,Aotizhongxin
4077,2013,8,17,20,118.7601687753118,175.51705521260482,10.329127376385442,29.62025942153891,1623.5413903330611,72.37428358573585,19.7550964260648,1015.3667160844685,14.009531306950922,0.0,NNW,2.123092523305311,Aotizhongxin
4078,2013,8,17,21,115.4979000102685,163.38357369047785,7.122322093677993,26.10803082678311,1670.161584612341,74.99359328891407,14.247949026651696,1013.5843900662147,5.685470011241797,0.0908119988385362,NNW,1.6166057385412724,Aotizhongxin
4079,2013,8,17,22,120.15771569266029,174.9843724464735,18.314284698179417,25.436242266675897,1763.5486819914152,79.56902280626923,9.573274312215382,1012.3723498598105,0.44261322910159917,0.0,NNW,1.7862782922564684,Aotizhongxin
4080,2013,8,17,23,126.17066789531141,176.2620638460136,10.881303013684162,44.82047225710379,1853.444409822034,74.03588399943709,9.656673686668437,1013.6065667233873,2.8073282328941493,0.0,NNW,0.9388312350475005,Aotizhongxin
4081,2013,8,18,0,136.4698833474833,193.39648769656907,10.919929271068217,42.81114754772665,1999.1762185958635,65.72236726944558,4.958074236793914,1013.8060436007793,-1.5358285477915197,0.0,NNW,1.585372567138764,Aotizhongxin
4082,2013,8,18,1,141.4416560021147,209.6682272285998,15.6555155772435,51.54633328353038,2207.7264749710653,49.526639059146085,4.757267491750305,1011.6289924504816,-4.442588035736649,0.0,NNW,3.5072634544291024,Aotizhongxin
4083,2013,8,18,2,155.39178334252938,223.80168001975616,14.61558455946848,52.74831936089363,2436.4034950870737,41.43068372644525,4.460199127670438,1006.0440042828233,-1.3465059814714064,0.0,NNW,2.142732288297177,Aotizhongxin
4084,2013,8,18,3,153.9584245755188,213.84905002240006,18.380395534251925,59.09364101754219,2577.2066989375435,67.66765615639767,5.2245033663870375,1009.6954221031792,-2.69866499539113,0.0,NNW,2.2152994284317047,Aotizhongxin
4085,2013,8,18,4,163.97065324466604,243.08254000179394,,58.72622529220231,2653.1453037132947,37.9562255203907,6.8769852270196346,1009.2148210051319,-0.3598728287879651,0.0,NNW,1.4858617157782699,Aotizhongxin
4086,2013,8,18,5,166.0703900362925,208.84999232289437,22.81553783303301,56.57384781255074,2705.104999095133,34.23414049638493,7.380949877213261,1009.9577643702502,1.61337166302253,0.0,NNW,1.6842502805584416,Aotizhongxin
4087,2013,8,18,6,170.53095473699472,259.2640697460119,22.444192164865044,68.78985328614925,2783.5239942380467,27.864435090612467,6.159944990463297,1005.1002244878163,-0.686884670854105,0.0,NNW,1.8172120435193246,Aotizhongxin
4088,2013,8,18,7,169.8279354619017,220.699518697755,18.9127329670883,59.4935558199724,2731.493214838281,38.29855783348287,9.442431606751521,1007.0571655898253,1.44205784362426,0.0,NNW,2.699358300213066,Aotizhongxin
4089,2013,8,18,8,171.3891449308647,233.6738746554876,19.47890250190695,63.63211992284727,2758.05042090804,40.32959291116974,12.526372932028643,1008.8049214816855,3.518984772252251,0.0,NNW,2.9590784571030966,Aotizhongxin
4090,2013,8,18,9,165.07213839471672,230.6918184006527,19.75917105862521,62.42581739894757,2702.3865005515468,42.16006838329336,14.60668931333025,1007.409358697788,10.669447789353773,0.0,NNW,1.6365196959832402,Aotizhongxin
4091,2013,8,18,10,154.46445325840904,214.78542785449102,12.226637728173783,50.305498275175346,2545.2549017778074,51.31726646787886,17.184247612222762,1010.6038197006933,8.000723345142845,0.0,NNW,1.9812650951001545,Aotizhongxin
4092,2013,8,18,11,152.91104176056888,224.13956886506196,18.005849325872184,40.54529582706654,2331.6679834877837,71.1648988968605,17.415885013018592,1010.6578521220516,9.893078653988999,0.0,NNW,1.8119733877411996,Aotizhongxin
4093,2013,8,18,12,144.69254782396473,191.99120076744828,10.628102137248504,64.40868491082442,2174.3850008264903,54.04947293709102,20.341966585156015,1010.307090366689,13.10695066620746,0.0,NNW,2.6098909847031235,Aotizhongxin
4094,2013,8,18,13,137.81421036538597,195.54756268637098,19.826944571206862,35.601444090386174,2077.9288709007537,66.90131354958422,23.055844264135477,1011.7716107481315,15.89180846706289,0.0,NNW,2.3748693733778405,Aotizhongxin
4095,2013,8,18,14,135.51778937464076,183.9427841422995,11.286454746074916,39.98733726880928,1876.6442138523125,66.02151547449444,20.019419750472938,1016.9985787125497,15.21144514833269,0.0,NNW,1.9280372013384708,Aotizhongxin
4096,2013,8,18,15,125.17676497066658,178.19888075230736,10.90984056248349,46.373572772830045,1752.5310143869228,80.62465313791995,25.960966480014783,1013.5426965811395,18.03232207264818,0.0,NNW,2.8077168873940166,Aotizhongxin
4097,2013,8,18,16,122.79116988328684,171.2599152386228,8.360751683364242,33.99875389914237,1579.1611910682282,75.96594008086677,22.600239613324078,1013.9941264505829,14.457640709528626,0.0,NNW,2.414490866124389,Aotizhongxin
4098,2013,8,18,17,117.43457818229636,165.3377659820447,8.28046077298759,23.277941003598222,1537.5643375289937,78.89371574288481,24.690511237742097,1017.518386860909,19.01892832415341,0.0,NNW,1.3831001945267558,Aotizhongxin
4099,2013,8,18,18,115.88367554839095,156.7378974431039,16.82228070742972,24.463068899719108,1584.875135219393,70.40476625944373,22.96944181857184,1016.938854431315,14.765615599471804,0.0,NNW,2.0065697415427297,Aotizhongxin
4100,2013,8,18,19,117.19501662125604,158.97238376879764,12.99147993442455,19.020625716307844,1515.28002076504,85.12609348542345,19.184460435331424,1014.2063863765919,12.498496942360077,0.0,NNW,1.858783982715443,Aotizhongxin
4101,2013,8,18,20,114.19114185060721,162.74032373112436,6.022265645634292,34.733063339973164,1560.7164143545983,85.94833131366073,19.089012939577515,1015.2912866707431,11.380597697472474,0.0,NNW,1.2097006441438722,Aotizhongxin
4102,2013,8,18,21,115.84335235726218,171.61784835772747,15.977104796122951,35.38803004073855,1565.1936241033725,96.28243306158664,16.114796017387402,1013.9019709494116,9.496258391623142,0.0,NNW,1.8197522553249526,Aotizhongxin
4103,2013,8,18,22,127.46084736251116,172.46239296553716,16.07972682542429,30.88459345390605,1919.9751936255707,77.19502481189846,11.948367342722833,1013.2166649075062,5.036539758352886,0.0,NNW,2.9112700273031,Aotizhongxin
4104,2013,8,18,23,138.24104076377466,184.84978162355543,12.862267387622527,31.486220641162014,2065.5521115600336,61.97363489458985,9.367360577212455,1018.3440360191258,0.7626924281097844,0.0,NNW,2.875929855054748,Aotizhongxin
4105,2013,8,19,0,145.7550538075414,210.1916769872763,15.920090826089513,34.43013009869047,2175.4454087679687,46.403209123139106,9.57478136663106,1011.394840190652,-1.191237565856495,0.0,NNW,2.7305997487851466,Aotizhongxin
4106,2013,8,19,1,154.4921189946686,215.96392766195916,16.24926298724938,58.06849293248402,2364.8402136024733,41.3166538157822,6.687766721267109,1008.9434028861431,-3.823096350549158,0.0,NNW,2.623315044778307,Aotizhongxin
4107,2013,8,19,2,160.55057761904715,233.07579000652552,,55.962985031644486,2504.1995262995456,34.54371660528028,6.907787489661531,1013.5435749815992,-3.852780396982191,0.0,NNW,2.1663866239789247,Aotizhongxin
4108,2013,8,19,3,172.19011459795553,232.00818830342624,16.146663338956465,60.862011914392966,2729.5792169098027,61.102750824830125,1.4165388884708943,1010.240975690452,-6.720256082420982,0.0,NNW,1.5189098568817152,Aotizhongxin
4109,2013,8,19,4,176.1562629647156,228.8243788963675,19.76815884824937,55.736919068789916,2729.7202631129317,41.22746987465273,5.4884693826385105,1009.1195241022486,-6.040468972442943,0.0,NNW,2.4510058873659037,Aotizhongxin
4110,2013,8,19,5,180.0806440083939,246.7828607934881,18.545193138466928,52.61049169934611,2863.6288635791902,30.022192150154368,3.9736323317015554,1005.5041822799519,-4.266353148860018,0.0,NNW,0.6829384386050557,Aotizhongxin
4111,2013,8,19,6,185.6869897962901,252.29825962215597,15.700878786146436,72.70090859769306,2939.3667433129294,25.401403948467355,7.89024942690438,1009.382966715373,0.09090044751086901,0.0,NNW,1.4624944127103956,Aotizhongxin
4112,2013,8,19,7,181.55527864557854,253.38950610300694,26.404543896610303,64.65482882175921,2899.5788582040786,27.290775938834077,11.070730312518826,1008.8029200450203,4.355069979414703,0.0,NNW,2.883805105368059,Aotizhongxin
4113,2013,8,19,8,184.79342270842722,252.3423396490942,15.785427281614957,69.57838535614974,2711.7889989896084,32.25637096032524,15.020519767598447,1007.9640521447539,7.777089276588731,0.0,NNW,1.606323021392516,Aotizhongxin
4114,2013,8,19,9,173.90401839151696,250.8757952614882,19.195921468396065,56.05467061160644,2644.1111356934975,55.48488263288783,13.59274990734422,1005.0318598483227,6.945577509655939,0.0,NNW,2.5119808751571955,Aotizhongxin
4115,2013,8,19,10,174.20938348037174,241.01163424829525,,53.10545725570513,2542.716536777879,47.200565529422505,16.799633243072233,1009.4601599950444,9.420490929425322,0.0,NNW,1.7095528239965074,Aotizhongxin
4116,2013,8,19,11,165.48325249763946,233.18129848443422,15.096883607783326,55.88276631501547,2434.8730523006584,39.05485969969749,19.856700639386695,1014.1657662028182,11.371388329299073,0.0,NNW,2.440134068349286,Aotizhongxin
4117,2013,8,19,12,156.7478861532627,221.0233861989772,16.26590646430037,50.858784637204195,2153.181578250388,83.10459274730371,20.60927115967264,1012.4407656394841,12.450296743801527,0.0,NNW,0.7679261874917926,Aotizhongxin
4118,2013,8,19,13,141.42327411545534,199.94213468575933,11.231702835980307,46.204144079437214,1925.5774303353544,55.06886473390404,25.12809363102827,1012.5411621713489,15.850627687631892,0.0,NNW,3.0174390989821775,Aotizhongxin
4119,2013,8,19,14,132.36866659902017,185.0748421340785,14.260405552206967,32.63838997517844,1967.4540823859743,66.59164690076133,24.554116444842247,1014.0430853138226,16.896246237350685,0.0,NNW,1.107235779834482,Aotizhongxin
4120,2013,8,19,15,121.99623703931623,175.90073875914584,10.657342818403016,35.774242277476,1724.011653253078,90.7791134060025,25.18293553506407,1015.2170292923051,14.806642209499262,0.0,NNW,0.9105311995417382,Aotizhongxin
4121,2013,8,19,16,114.79809297988561,152.76077883358178,14.150120518273646,36.55228764812498,1578.02504448525,85.80213142070163,25.58951795305192,1014.7308985913684,19.18857113406138,0.0,NNW,2.9744488598090206,Aotizhongxin
4122,2013,8,19,17,111.25183644159118,169.74675028476648,14.25565360857533,24.84330738076636,1521.8279934090513,79.44891566098461,23.552686763281276,1016.7471394727197,14.117795933333504,0.0,NNW,1.9977447211701411,Aotizhongxin
4123,2013,8,19,18,114.06077768815487,157.31971492973148,8.239765717809965,,1519.803267692698,72.68633073906165,20.844759119601676,1019.8854690590911,13.075527102118652,0.0,NNW,1.7550020089759995,Aotizhongxin
4124,2013,8,19,19,,149.1632914481326,10.400569446733527,36.423464300752755,1590.8045327526315,74.48124456797643,19.9054696425523,1019.4885388892673,12.387687145513683,0.0,NNW,3.2541168246788863,Aotizhongxin
4125,2013,8,19,20,120.14113559382866,170.07832340127786,11.220235660494506,22.44392605590077,1583.096713633655,72.5856739038463,16.303918411755127,1014.8214551982741,10.048002791236694,0.0,NNW,2.5848653133055928,Aotizhongxin
4126,2013,8,19,21,120.52661671638316,160.22545857846154,13.322513980371358,35.89367635318486,1690.7009625601247,77.74798750815918,15.161971333674732,1018.0873286750342,4.640226296519746,0.0,NNW,1.6403992721989646,Aotizhongxin
4127,2013,8,19,22,123.21680379356864,179.15687065608483,12.543145988732796,34.5326215158411,1797.1054937454346,74.41061817281305,13.907216130177488,1016.0222826253055,5.419027325823457,0.0,NNW,1.8924914953077236,Aotizhongxin
4128,2013,8,19,23,137.6471325138982,214.80204127988128,14.276537652515918,25.091094166073084,1945.3065441472602,64.98392984124962,8.237532561591506,1014.560772300736,1.0623043151114953,0.0,NNW,2.859129076999023,Aotizhongxin
4129,2013,8,20,0,142.47089972792088,191.59353870351072,14.269780575614641,54.028752539828645,2203.6163507765195,59.60786186075671,5.630375685971385,1012.8638237632803,0.25715095548957834,0.0,NNW,1.2291393538685158,Aotizhongxin
4130,2013,8,20,1,156.86030408922568,222.92814905715576,16.63981482642866,28.113551865671468,,43.02229192049377,6.4136208660351235,1008.8451520169285,-1.6446207248165439,0.0,NNW,3.154765032425905,Aotizhongxin
4131,2013,8,20,2,163.1234879406266,210.81782722983095,21.393820580605396,39.126975465939125,2555.858987015458,50.43136106223889,4.189042311993458,1008.6888436300858,-4.702476250020765,0.0,NNW,1.645312622110126,Aotizhongxin
4132,2013,8,20,3,169.34584312079704,241.6232326635293,20.473783629568302,63.360776259576326,2643.355093759569,55.12751683870627,5.047617911617953,1010.1303029003099,0.0881010459180267,0.0,NNW,1.302808383200438,Aotizhongxin
4133,2013,8,20,4,178.39486243965348,240.89566941751798,21.433893937252297,66.5370776651137,2855.248302651456,36.72144808789335,5.821347018023868,1005.2561322933279,-0.9748119741939525,0.0,NNW,2.8695306261283093,Aotizhongxin
4134,2013,8,20,5,186.479444802547,254.82287653922094,21.998840103852075,59.217877662761076,2826.136934509927,34.02898727847856,3.124216618762805,1005.0888206577629,-2.815333473469424,0.0,NNW,2.587684530166983,Aotizhongxin
4135,2013,8,20,6,187.0584197727586,250.86892278346374,19.538573666356893,66.18257672242596,2842.2294181065463,35.83001052052848,8.963706329622337,1007.6123948495318,-0.8506047619271011,0.0,NNW,0.5787251974576701,Aotizhongxin
4136,2013,8,20,7,184.4832223473445,265.59802354682967,20.786110262183932,44.067076159557324,2816.951329744168,47.033902940367206,8.245497245567126,1005.5913055472364,1.0271909017465426,0.0,NNW,1.9145399577572095,Aotizhongxin
4137,2013,8,20,8,181.26252787811677,263.8405826040961,16.07460598391496,67.97631179145357,2803.1751620644286,29.402134911002626,12.378287623127758,1009.3176616884793,2.7532997317581973,0.0,NNW,1.1158411789739207,Aotizhongxin
4138,2013,8,20,9,177.84679931310853,249.219371184937,22.341956874883607,61.13993952015973,2782.6905267683974,56.83080382765766,14.010926496842355,1006.9560301815542,4.05336049212798,0.0,NNW,2.6386707499854443,Aotizhongxin
4139,2013,8,20,10,175.19881062499115,236.6340678216304,9.151118702970338,54.634857173329635,2681.2451659081917,51.712222394352374,16.760254928848763,1009.9887602897263,9.633075023858202,0.0,NNW,3.3756908533967462,Aotizhongxin
4140,2013,8,20,11,167.98030141404337,251.0676523406993,16.03265004850633,50.343112759152596,2331.8715993314336,53.81633082942565,22.540936909426982,1011.3620479037888,15.518708007804506,0.0,NNW,2.4301751889462593,Aotizhongxin
4141,2013,8,20,12,162.69127525306038,220.26368407673795,18.422687931450824,48.946033409544256,2314.01556008561,72.1323883666432,22.549969093058966,1011.0358106442051,13.826951215870013,0.04961498062486455,NNW,1.3922658665016816,Aotizhongxin
4142,2013,8,20,13,161.48014282906854,204.45187696142156,9.61430097359937,39.59240690996669,2027.6658440657889,54.64985538879846,25.017286642274772,1012.8148019662034,19.16534248511103,0.0,NNW,2.7119526858441723,Aotizhongxin
4143,2013,8,20,14,155.7699526312033,222.66182378325527,13.699339752850555,20.007555978150243,2085.9112107388783,77.72045536244708,24.885670294194796,1013.13997703992,16.33214062068569,0.0,NNW,1.959716039361274,Aotizhongxin
4144,2013,8,20,15,150.803360619626,200.07695813106122,9.422166754330183,,1979.4926432271495,81.98076517472985,25.930020361982432,1015.4983244946283,17.52504884112622,0.0,NNW,1.940972120002362,Aotizhongxin
4145,2013,8,20,16,139.96015864132897,205.83031003285228,9.563463185511202,37.28589847973884,1771.258893882247,72.29608445067304,25.28532580610586,1014.4067525387463,17.231267643614316,0.0,NNW,1.6117642322958843,Aotizhongxin
4146,2013,8,20,17,126.44022541887385,,13.008193750472973,15.401926178580009,1629.3505517101014,88.75452688676492,24.041938254874626,1016.3826136284513,15.677524089896169,0.0,NNW,2.0837477800337307,Aotizhongxin
4147,2013,8,20,18,126.97150312446655,183.7972367796951,10.594170777655451,22.238902156187276,1619.4539696427444,87.83305179380486,23.731801675612495,1018.4969820155904,17.647694866638417,0.0,NNW,1.9432200280812206,Aotizhongxin
4148,2013,8,20,19,127.61443141067103,192.675207440461,4.06730326490157,23.793209952970304,1595.3230248326788,82.36076446032736,20.234758180766406,1014.556126973324,10.672203177540325,0.0,NNW,0.2,Aotizhongxin
4149,2013,8,20,20,128.55231338615096,167.8846500944041,7.7405963618830125,36.310288456382935,1703.5936348415062,90.2788106469143,21.015913309351767,1015.3559881949665,11.884398523206565,0.0,NNW,2.0206924689209584,Aotizhongxin
4150,2013,8,20,21,134.29399288083306,182.35221872424222,14.390473298733541,13.583712893710903,1779.9388304893826,71.96012700608705,16.44079735921866,1016.5720587259027,6.653686038902964,0.03404422439389611,NNW,1.8899062973454366,Aotizhongxin
4151,2013,8,20,22,140.26558139964186,195.61510323292794,13.84682815457899,31.00793388456168,1968.6392366616155,75.20321245843371,10.702498502365257,1010.3447104366387,5.527774111858232,0.0,NNW,2.277455150863407,Aotizhongxin
4152,2013,8,20,23,152.0121310491018,228.19249665908598,18.950311492060244,25.73852755124954,2106.888083625844,65.15373830300986,9.73517543652553,1017.0052632983113,1.2483964560164462,0.0,NNW,0.39461426582146353,Aotizhongxin
4153,2013,8,21,0,160.12114587521341,217.5857770458943,20.04794278203989,42.71923587337329,2237.9180116772945,53.85303176992333,8.524548587370527,1014.0905158280618,-0.6282262630991251,0.0,NNW,2.409602194494057,Aotizhongxin
4154,2013,8,21,1,164.89802408800836,224.91219676372162,15.267359835072227,46.39637375737118,2345.9185772017995,58.5583707236247,6.406491215723668,1007.6292336140127,-2.0244703160758286,0.0,NNW,2.0228857852161757,Aotizhongxin
4155,2013,8,21,2,176.0941176907699,251.31317052263594,25.009713415208466,55.6375525390617,2515.5497002733737,45.42264252650848,6.371051865567569,1005.2916084001365,-0.3553639825688202,0.0,NNW,2.396108376897747,Aotizhongxin
4156,2013,8,21,3,181.4387968265815,248.24202830010836,18.60897291548847,54.30314043165748,2799.9785542849927,27.59226588324084,6.19552505725081,1008.5237012687354,-0.8088267347748117,0.0,NNW,0.696698312128351,Aotizhongxin
4157,2013,8,21,4,188.31250223920745,265.1627619638666,16.442121415695116,56.312320944564576,2830.020711784484,20.338703858209193,3.30136125841087,1005.4293845892736,-5.561407174085598,0.0,NNW,1.0122243533350328,Aotizhongxin
4158,2013,8,21,5,189.39987208957513,249.6444467157239,17.928709533713608,,2918.4980167363105,43.74242902360531,8.261362279230356,1009.0933574489515,-0.3380169808561836,0.0,NNW,0.5000105688845191,Aotizhongxin
4159,2013,8,21,6,187.82278975891336,285.0952050880446,13.229824684131744,68.63738192754064,2991.743812658533,22.793998927731693,7.183705989905458,1007.7880043242634,-2.999499686732814,0.0,NNW,2.117053943576731,Aotizhongxin
4160,2013,8,21,7,187.13723746832818,248.5150401525654,24.65068615619318,68.7297032680073,2855.328013697358,38.645699276779354,9.106143241202865,1007.4171289012291,1.3142282229412667,0.0,NNW,1.72394410858434,Aotizhongxin
4161,2013,8,21,8,184.19153936736404,254.6506280744076,24.114412986053786,60.90530735176203,2788.5686022336304,38.89888384167053,11.513125959916483,1006.5293602110306,5.436602113849117,0.0,NNW,1.88480325893359,Aotizhongxin
4162,2013,8,21,9,181.34328883089466,253.55579400483157,15.489011589492776,54.56822696592943,2726.98093550401,38.63701270062732,16.212864608985875,1011.6644813736459,7.34019886597312,0.0,NNW,0.8860389054610565,Aotizhongxin
4163,2013,8,21,10,174.05550238205927,262.8045846784509,16.816347134854283,54.04918014383384,2593.915654077474,67.0666845721534,17.187588903803526,1011.0069042014434,10.141308449413264,0.0,NNW,1.0321343920496484,Aotizhongxin
4164,2013,8,21,11,159.47463460005332,210.01603063074725,16.580917857850338,54.185677462598036,2473.7022623542275,55.326264057041435,19.004672533493437,1011.9122363925287,10.131503041771486,0.0,NNW,0.2,Aotizhongxin
4165,2013,8,21,12,149.97896771262418,229.80759615246137,12.11894084357366,27.585762392225213,2278.122771405699,67.55633482682066,21.43512907570017,1014.4001119292549,11.791655502313606,0.0,NNW,0.9235618273326855,Aotizhongxin
4166,2013,8,21,13,145.38967022812386,211.11730653039362,8.440598680673912,42.97651454091645,2090.63351457932,69.31863828096111,20.96821654947057,1011.2563734985268,13.988636253662278,0.0,NNW,1.4799710562392252,Aotizhongxin
4167,2013,8,21,14,136.96473726422704,195.92158541415031,11.868927188669266,37.47310549867839,1968.1885865636598,70.1846057688252,23.39601261696345,1017.0694757380782,18.917486698345677,0.0,NNW,1.5213217181137113,Aotizhongxin
4168,2013,8,21,15,,171.8260634358218,10.501227805689524,31.35507162495487,1746.3743386455676,77.48678202730426,23.14062467702035,1015.0063173132075,15.955760090951786,0.0,NNW,1.945900120485038,Aotizhongxin
4169,2013,8,21,16,128.94394756425942,186.2329390103439,9.504639258111482,26.484984549337828,1700.0996473597238,96.2360627512158,24.255504267146843,1016.9995864121271,15.634719986856929,0.0,NNW,2.609303986570161,Aotizhongxin
4170,2013,8,21,17,123.09904198008483,165.10379254792076,10.838519056357553,5.152528386759325,1583.3463230981167,95.02919858323101,24.65654394325478,1016.5167031121015,16.132495003430098,0.0,NNW,1.4488158905549144,Aotizhongxin
4171,2013,8,21,18,115.9056038957853,174.93445798608354,14.288558975577978,21.481173895196754,1462.7264120373004,104.51986431688601,22.901881663265318,1013.2442687872528,17.76565974741279,0.0,NNW,2.3910312674562686,Aotizhongxin
4172,2013,8,21,19,116.28530462901129,153.08880618953847,9.26109270947948,39.99699316283762,1604.105843606143,86.36456658695555,21.885125746319876,1018.7443256533899,14.345595776074106,0.0,NNW,2.622608810397244,Aotizhongxin
4173,2013,8,21,20,117.34562149915524,163.15228515425648,11.181201977241896,27.782702288857674,1618.9397471789596,72.88126443760348,19.13915417697014,1012.6811603731073,9.9902801460402,0.13828990670095725,NNW,2.9200304447552123,Aotizhongxin
4174,2013,8,21,21,118.24819489807896,159.99474197717882,13.64507766530207,28.3995456668713,1664.046520381196,73.27250008606556,14.207104927622437,1013.6024927059076,6.113767332562814,0.0,NNW,2.3918289782377604,Aotizhongxin
4175,2013,8,21,22,123.7598845100806,163.3886086898429,14.162428779538244,35.135249564720894,1789.9556836150357,60.6222180820141,12.440416650105362,1013.5943507391438,4.763127344397685,0.0,NNW,2.058630145678665,Aotizhongxin
4176,2013,8,21,23,132.96133574599207,193.55906821346804,11.862634201143866,42.661802046973634,1884.8523243816023,74.14091741631582,9.951165858667876,1009.386864133494,2.6549864110668895,0.0,NNW,1.135970228892646,Aotizhongxin
4177,2013,8,22,0,140.68875285279648,202.3188414680114,15.289131369342108,50.27056195751572,2076.636256164736,54.14083683922752,4.702353164051694,1009.7987547543926,-1.0295886148072584,0.0,NNW,2.2180078131070182,Aotizhongxin
4178,2013,8,22,1,149.68124849661706,221.64384988427386,17.936714686019762,48.34533959678688,2317.785264519646,22.97634440924188,4.513856656790996,1011.1955449560554,-1.5722956020654362,0.0,NNW,1.6989694187241355,Aotizhongxin
4179,2013,8,22,2,164.17030793760313,212.0396800305627,14.114945987467667,58.39935681914947,2486.9068301371,72.13775698329931,5.089811721382649,1008.8066976169289,-2.612830113897326,0.0,NNW,3.1011901992126667,Aotizhongxin
4180,2013,8,22,3,169.0119959269693,247.25850132116744,22.32615093832226,72.55534204582183,2624.0530278294987,36.616319085453156,4.740655347288787,1007.9361603466169,-3.321587471350038,0.0,NNW,2.0730150746618343,Aotizhongxin
4181,2013,8,22,4,174.8929491434847,269.9046178544475,23.624893734564523,70.3705144711505,2740.3209514226983,32.583455650530944,6.109229318417068,1005.8398600791006,-1.2967920674297893,0.0,NNW,1.8720248634919028,Aotizhongxin
4182,2013,8,22,5,175.85310836822703,241.67794082374834,17.661288365111858,83.0409182526372,2759.071759010588,52.567971269376955,7.035208406459386,1007.2627335160704,-1.8771418320031381,0.0,NNW,3.132742675333363,Aotizhongxin
4183,2013,8,22,6,173.48989470000708,261.8373387010996,20.581010055044505,59.74583713318627,2739.523241598854,22.917485492024845,5.272893434984922,1006.3495039496069,-1.2570925495483067,0.0,NNW,1.6140997182487073,Aotizhongxin
4184,2013,8,22,7,,235.54764170441297,21.756463901458435,77.72803258579748,2666.776759969423,47.21791320810496,10.777895101686296,1003.8884400665179,2.472687403790365,0.0,NNW,1.9974430201190587,Aotizhongxin
4185,2013,8,22,8,165.21599191378237,217.57829130368225,17.693284549935935,55.99511895630802,2660.8121828734575,32.47494047114881,12.679690358655439,1007.268035641936,5.416042322331048,0.0,NNW,3.607513750416005,Aotizhongxin
4186,2013,8,22,9,161.88633642603412,223.5845465723798,19.980375442997023,61.970664797654656,2608.863831263406,29.08437602436772,15.935059772466943,1005.980642440231,10.504940128000946,0.0,NNW,2.212988393729705,Aotizhongxin
4187,2013,8,22,10,,241.57925026888972,17.989766878876495,60.8598122339048,2438.373781986928,64.55717761378136,19.18848883248759,1011.2953942238852,12.01769853827792,0.0,NNW,2.9001108559852495,Aotizhongxin
4188,2013,8,22,11,154.96983374521295,208.5760024199828,11.890340692596205,46.090163366814636,2342.083896747721,62.76049334306225,19.785675540818044,1009.9228913050902,12.131730289856568,0.0,NNW,3.203032091153818,Aotizhongxin
4189,2013,8,22,12,145.53876116967547,197.75087904748077,16.377483947935673,45.70371421979421,2178.367251991982,69.20000984515043,23.939450167335593,1017.0430488614616,15.163368981603318,0.0,NNW,1.5585093847594198,Aotizhongxin
4190,2013,8,22,13,137.52169776415485,198.4657711927487,10.405477525674288,47.10730791756431,1947.1669438857732,70.14703159545076,22.326153357004817,1015.2279002985555,14.209042270731596,0.0,NNW,2.7270198333170494,Aotizhongxin
4191,2013,8,22,14,131.86946451206944,184.64785148428294,15.317608554986144,29.317832813504744,1926.06280667396,78.4910163307768,23.240651082332352,1014.2394616494256,13.536575185482839,0.0,NNW,1.7338009650915855,Aotizhongxin
4192,2013,8,22,15,126.71046432429218,,9.450832868665598,44.21293205265023,1711.5552336677983,65.35608928218323,25.643158285203313,1016.6944915723806,18.442958505338147,0.0,NNW,3.6319512193007477,Aotizhongxin
4193,2013,8,22,16,127.07928882214787,180.28929975859037,10.186016680094372,16.602718926492436,1665.161164640582,82.76674366705757,24.10610694493291,1012.1505286414989,12.904564802210405,0.0,NNW,3.1548973660331354,Aotizhongxin
4194,2013,8,22,17,114.37670786486812,164.9236442063311,14.287207608894384,41.199015016045706,1520.579857373419,74.86051565271825,24.05270288477284,1018.7543879452649,17.50531273305388,0.0,NNW,2.5946339099660674,Aotizhongxin
4195,2013,8,22,18,103.80676317275748,141.00645658376504,11.489144939586536,33.01060907839674,1341.915384252507,71.11059480936946,25.060540991632212,1015.359419005685,18.15806633060661,0.0,NNW,2.835678151984155,Aotizhongxin
4196,2013,8,22,19,102.84547569604483,146.30097539476668,6.931949109831022,24.963678863596403,1486.8310786369336,88.25767896430702,20.590242610255963,1017.0090952055341,12.737515498525765,0.0,NNW,1.443527199267812,Aotizhongxin
4197,2013,8,22,20,110.23168912135856,145.05063471294264,7.625123268680556,24.458146234417377,1487.6674130361312,93.2321306512064,17.90644475932139,1014.8748819932222,9.106919418000645,0.0,NNW,3.3740381437551417,Aotizhongxin
4198,2013,8,22,21,108.7366556728729,165.11565416705594,9.666557728196086,26.801638273940856,1575.2245071380773,73.84398128738304,13.69616943202223,1014.2928971554461,5.671779548496816,0.0,NNW,1.2764950482436945,Aotizhongxin
4199,2013,8,22,22,102.91932974969428,137.74431448139885,13.683932250069997,33.91363487794388,1653.237688061454,70.3798710766546,9.861839839038273,1014.1377358200411,-0.799205201072311,0.0,NNW,2.3256263003682847,Aotizhongxin
4200,2013,8,22,23,112.43947602149548,168.70374130558756,14.780804219285697,39.43565220555896,1869.0333614381818,55.088969676732646,9.891180077089738,1013.4477607755258,3.126880981986414,0.0,NNW,1.42883189563421,Aotizhongxin
4201,2013,8,23,0,121.17867626938198,167.3140771673061,12.470693086011392,55.04180997307665,1915.4327960602138,60.07217146087898,9.52923755804682,1011.9461682384214,1.283500749156181,0.0,NNW,2.6883101051428753,Aotizhongxin
4202,2013,8,23,1,124.5824139952599,176.43536970093706,12.792466768669525,65.92561370512708,2077.8627507233664,61.13028499632112,5.855338951564602,1010.7019355262114,0.12818571401213807,0.0,NNW,3.3960591015046173,Aotizhongxin
4203,2013,8,23,2,127.87568423930057,174.0763124261138,18.344750215257502,56.59503936523206,2292.126405414762,55.41527736727773,5.942935485917371,1006.2486345850372,-1.4690790863958125,0.0,NNW,2.3612343695279625,Aotizhongxin
4204,2013,8,23,3,130.2099127963583,172.13392360322135,17.98995370856225,52.37710771981572,2347.707708809258,47.774092226645635,7.139745909077874,1013.1285653025955,-0.5131034354277737,0.0,NNW,2.252065208505077,Aotizhongxin
4205,2013,8,23,4,135.4196127441908,172.1398539658141,25.801774681265403,57.95469975059922,2463.325631419882,32.165053233443686,7.443016206954857,1008.1338336392138,0.04443841411696137,0.0,NNW,1.9091056355521863,Aotizhongxin
4206,2013,8,23,5,135.91136431459768,179.72266845451213,19.939440101134576,62.85379024889109,2421.1046582436,29.350563908501776,6.982969793558288,1008.0455055598289,-2.4802960858924896,0.6307219875381181,NNW,2.080369681045353,Aotizhongxin
4207,2013,8,23,6,138.9098452018277,191.23469475039954,25.442758483100825,56.7590231576258,2492.3182851182937,42.95404473240933,8.184091906120539,1006.3200177784099,-0.4923988944495391,0.0,NNW,1.731409407364528,Aotizhongxin
4208,2013,8,23,7,126.46911333888217,179.17555046272386,,54.886985308922334,2389.731465607663,43.97184366494061,7.722050426495386,1005.4220614794394,-0.07852617308861382,0.0,NNW,3.306679207334427,Aotizhongxin
4209,2013,8,23,8,120.04469320323207,178.16636361735752,14.610488200237073,79.09752577467299,2263.8729692724833,36.629415051070104,11.466517582709383,1007.9719444430182,3.0126711826295183,0.0,NNW,2.63517853594907,Aotizhongxin
4210,2013,8,23,9,110.77291868165113,150.6245115563431,15.175278508356135,61.56304383130098,2085.2975806441327,38.060611394679455,14.57886628797289,1009.0430199153493,5.7140975800383025,0.0,NNW,1.7220734401806348,Aotizhongxin
4211,2013,8,23,10,103.53435253256475,136.1284859029189,21.0673893443604,48.334934930557225,2002.7498923223382,59.172470934456996,16.309693033873977,1012.1036177549095,7.886098553427096,0.0,NNW,2.048316025787756,Aotizhongxin
4212,2013,8,23,11,94.14673285167983,117.37827813232464,21.562399994593207,56.70920946491212,1924.4158908336688,49.930037224304506,20.372679894429147,1014.861140141517,12.43887476751845,0.0,NNW,4.332712286698728,Aotizhongxin
4213,2013,8,23,12,89.57353661818726,130.2035874445032,12.653461638142097,35.57323100154524,1719.546966223523,67.45932224523781,24.938540087094626,1014.9540448079804,20.416653487702483,0.0,NNW,2.217722828599421,Aotizhongxin
4214,2013,8,23,13,74.3716181784714,117.95221060315338,12.324206685208722,31.05552271498115,1560.1598730654318,65.10204437898203,25.93689642683681,1009.7610373786727,17.448809394322,0.0,NNW,3.1623610240462368,Aotizhongxin
4215,2013,8,23,14,67.31815543687003,106.90872029118093,8.993057269362502,28.575660791486047,1347.4962892064361,62.024672189629996,25.025078055637493,1013.5791637183804,16.008933837507424,0.0,NNW,1.538753154146015,Aotizhongxin
4216,2013,8,23,15,63.33829769412044,95.77294425324098,6.029546552712103,44.09397062318932,1185.6282825989465,93.8007909299007,26.169151108037244,1016.2071681458415,17.940057620151816,0.0,NNW,2.3788774847177523,Aotizhongxin
4217,2013,8,23,16,65.99732876243152,98.78169344008012,12.825108074407696,25.656451398084236,1245.4494192472628,82.85127405192573,23.5663517898565,1015.5295557140973,17.818744137605172,0.0,NNW,1.5004001554266837,Aotizhongxin
4218,2013,8,23,17,61.07325220291874,102.47879088117963,10.839431777441149,6.14782757899874,1112.8319941411178,77.04070585834587,25.85638806384759,1016.7419754979538,20.21602564405783,0.0,NNW,1.571751588082728,Aotizhongxin
4219,2013,8,23,18,61.34886140900085,89.20922058676928,10.031463948021626,34.680527465404744,1138.8828328933766,,19.728117917947706,1012.7097275118136,14.651765031479755,0.0,NNW,2.6349936410356336,Aotizhongxin
4220,2013,8,23,19,55.155635450079345,83.67918639035278,5.9702012570645175,23.23043256091977,1001.4583445289787,71.24813767485837,21.369242241629244,1018.658055133412,13.460705496469103,0.0,NNW,1.2835255189703239,Aotizhongxin
4221,2013,8,23,20,148.58482330796613,204.8109140126326,15.589743026563788,12.884227877283983,1894.2062394306788,77.92152105366495,18.33157501632487,1012.5792165413093,11.293963420721086,0.0,NNW,1.0463699562649453,Aotizhongxin
4222,2013,8,23,21,56.73147948902965,65.80363757609393,9.954395879918843,28.324396472561766,1224.453587214828,96.92895836499962,13.866210919868365,1012.3905548576381,4.291174207823058,0.0,NNW,2.548181841554314,Aotizhongxin
4223,2013,8,23,22,62.92244175003377,81.2529294450515,14.100879274449426,39.16803117283922,1317.8678912180967,66.65338121325759,12.098629413867886,1012.4706584314167,3.568468254234036,0.0,NNW,1.6094495189374491,Aotizhongxin
4224,2013,8,23,23,74.87192115615183,104.729099233266,9.342220558753219,43.05601243021332,1455.1016469177168,80.94502445102509,8.298620945265915,1013.099027317975,-1.3740062207297177,0.0,NNW,1.7759995751840887,Aotizhongxin
4225,2013,8,24,0,77.14288095334848,108.6078870597009,14.428424431139888,59.38731983331856,1614.8426061911573,58.69236331396916,6.291472116431176,1008.7545492896422,-0.9986397478883852,0.0,NNW,0.5591076289333241,Aotizhongxin
4226,2013,8,24,1,86.98706086453912,141.04474375890868,17.168218594228353,43.35423800149097,1829.9886623192333,41.71801996142016,3.9531649612197177,1008.5851203063578,-3.9892158944769096,0.0,NNW,0.9845622953262958,Aotizhongxin
4227,2013,8,24,2,101.69776087363891,143.18963689900514,18.48122565415992,55.373760962119775,2025.310587985938,42.76788811549604,6.4920125904103845,1011.7978900846191,-1.1687029196711731,0.0,NNW,2.1765426829676655,Aotizhongxin
4228,2013,8,24,3,109.58978674266442,165.2141358799866,18.999479535642614,53.545581395103575,2189.6151433213226,29.51245123296188,6.808017454140021,1008.2397453880163,-2.4612987735414347,7.609236150013066,NNW,1.8131382208759572,Aotizhongxin
4229,2013,8,24,4,115.46367144296534,157.2983676043883,20.81369449506851,49.98296492219099,2320.7318284401435,29.789680385750497,2.0980299413891776,1008.5369669384739,-4.6259390715763375,0.0,NNW,2.727340445724702,Aotizhongxin
4230,2013,8,24,5,118.49490844140162,162.77611296030992,16.438067763346456,71.402735504229,2301.907265378244,26.994373724014117,9.097204236382874,1004.6978853000552,-2.5133386572901357,0.0,NNW,1.2802227506213124,Aotizhongxin
4231,2013,8,24,6,113.23360782422591,145.23697458168178,20.59211781631898,68.70615655318016,2248.1150815458004,15.961961325187339,7.910919833179265,1006.8923279508855,-0.46712244007241044,0.0,NNW,1.867150550636433,Aotizhongxin
4232,2013,8,24,7,117.63367435573936,157.26386396926938,20.170902181886174,,2325.56278529293,50.979815030920555,10.434779807315257,1006.8986376559319,2.274812923497323,0.0,NNW,2.0371881160652094,Aotizhongxin
4233,2013,8,24,8,112.1932311213802,162.34033748356978,20.025145071507378,65.73482962175794,2227.4688525413235,40.45953520761185,10.203190295597178,1006.079332039265,-0.8292134595902292,0.0,NNW,1.836697283316693,Aotizhongxin
4234,2013,8,24,9,109.44360546897553,153.29664946050707,18.752569557890283,53.65835280222359,2197.683876884231,35.45954641415529,16.981238625247297,1008.3623118858316,9.557431222798558,0.0,NNW,2.4780066428598384,Aotizhongxin
4235,2013,8,24,10,96.97826480709409,145.19895692890407,13.680361678259807,46.95443930145446,1922.1011989738124,49.71757746433389,17.888565590775457,1005.7157494143541,9.628669404618936,0.0,NNW,1.1313790655965907,Aotizhongxin
4236,2013,8,24,11,85.02499750213859,120.84753598644453,12.340695969185685,50.4775598794053,1834.746691767001,45.17471993601636,21.70823935965695,1011.5831222631597,14.54991470337494,0.0,NNW,2.409836919452769,Aotizhongxin
4237,2013,8,24,12,83.0007757459519,112.67654872795524,8.357195442346345,54.28969121929291,1731.6868114449535,33.289380346302444,23.90235529283709,1011.2010145648937,18.90209818613902,0.0,NNW,2.9112850613948607,Aotizhongxin
4238,2013,8,24,13,73.84699523704491,124.86876196973246,16.15850830402329,52.688236181577956,1487.2635920684654,96.03739245982851,25.66256567192629,1012.7796564418657,18.149501483301705,0.0,NNW,1.3413333242432515,Aotizhongxin
4239,2013,8,24,14,72.4246684942907,100.4555002048765,14.982972529205597,41.36346165445947,1382.434154233391,74.39599876677059,23.686837099112378,1016.2035316042336,17.145829055846875,0.0,NNW,2.3205352090833524,Aotizhongxin
4240,2013,8,24,15,65.89854242246021,103.88796908849733,13.995116967733626,31.091259790413822,1205.9683018435553,71.78753913651603,24.688056988160195,1016.3996008608488,18.75948662303724,0.0,NNW,2.285902011578277,Aotizhongxin
4241,2013,8,24,16,53.76339265269204,71.25665764832208,11.590242868462163,29.837763359510717,1056.5639347590575,62.31148697783663,23.74170515079641,1015.6934486407999,16.479745795213688,0.0,NNW,2.47102951377218,Aotizhongxin
4242,2013,8,24,17,54.33465037648001,83.16450532090767,3.771013215400327,25.774234348821604,1027.8900384639285,69.2066477058011,25.002898731956314,1014.5964570732212,15.70408535848951,0.0,NNW,2.0011929123205014,Aotizhongxin
4243,2013,8,24,18,50.95285589412964,80.61415484329837,6.919868524644202,16.792453282404573,1079.7698505449337,101.54491929554905,22.570401655911088,1019.6573228095751,12.110150659048566,0.0,NNW,3.1346338712719586,Aotizhongxin
4244,2013,8,24,19,54.76983635952577,78.76269060909188,10.681617121333993,25.878662499902973,1048.19482107004,99.16753114521137,21.603717296019855,1014.14938512759,14.165284445275965,0.0,NNW,3.6882299886705514,Aotizhongxin
4245,2013,8,24,20,57.86769250482499,62.86769250482499,11.076426989453193,17.00087738360328,1050.4227306928242,89.18278545460043,19.25729865561106,1017.5888608241245,10.656911921857159,0.0,NNW,2.500067467527824,Aotizhongxin
4246,2013,8,24,21,,79.23041418794746,10.7962214546112,29.86524656744473,1181.6272307989032,66.52689914556555,12.40911076359164,1012.34074601752,6.3345123649726265,0.0,NNW,2.2511297286899152,Aotizhongxin
4247,2013,8,24,22,63.333160768068936,100.97102555289625,13.606751608724739,48.08884088477055,1347.9797923756653,87.59973987977011,14.437964744805601,1016.3357466062903,5.725280003337429,0.0,NNW,2.011023382493518,Aotizhongxin
4248,2013,8,24,23,79.35348198360448,116.36968310732358,13.740859897543128,46.40649288021638,1530.0296693617474,70.96830230700657,11.42629143664858,1015.3152969312797,3.4048308449966735,0.0,NNW,0.9491688610516626,Aotizhongxin
4249,2013,8,25,0,89.08999917073797,129.18438759132562,15.362311396654086,37.61504652610776,1786.1806653522533,66.54924448351534,7.375094863356278,1008.174778313623,-2.363421181658471,0.0,NNW,0.858069059012339,Aotizhongxin
4250,2013,8,25,1,96.62449951179174,118.05172997693325,14.376899227016555,49.59694834491214,,57.99123331686945,6.864435111950056,1011.6045748798633,-1.6513138955126958,0.0,NNW,1.0768276815659514,Aotizhongxin
4251,2013,8,25,2,108.16130176654372,144.2212717664106,,48.324989505962094,2012.833977637957,32.43012815373896,5.155237379735261,1010.2330072954998,-4.259015120416174,0.0,NNW,2.212591380774853,Aotizhongxin
4252,2013,8,25,3,115.2171790629526,165.417626999648,17.243219079891585,58.64202547831327,2177.0085043584195,30.340720962867437,5.924083517946764,1009.8705647034393,-3.353207051691877,0.0,NNW,1.8458161161412676,Aotizhongxin
4253,2013,8,25,4,120.82287466194052,173.2558572945856,15.33817976986031,70.64937060788527,2324.30447288053,33.24718324130542,4.783647166052003,1008.4003535311144,-3.2955742056734523,1.358715082664049,NNW,3.221693203984492,Aotizhongxin
4254,2013,8,25,5,119.45338664844299,179.3814091091492,17.516632092989155,69.54258003226059,2258.6879618018406,42.28825141810442,7.058136823909276,1005.2457394829742,-1.852240127340722,0.0,NNW,0.2,Aotizhongxin
4255,2013,8,25,6,121.41100396292933,168.5267379966401,18.95460142591406,84.87315264596269,2388.1058685769653,21.195679177568536,8.029890145123552,1006.5655340650602,3.97374744831617,0.0,NNW,2.0325818657705628,Aotizhongxin
4256,2013,8,25,7,124.53055241726916,178.40101425091495,22.81163749655188,73.85833574584194,2294.535628491048,34.09839019333139,9.351709144757042,1010.4996639414226,2.6055503714675665,0.0,NNW,2.346711590915235,Aotizhongxin
4257,2013,8,25,8,118.18929113373017,165.62875000653517,19.203323023617816,63.95251112431031,2343.096163361842,36.583269803758526,12.697013916327881,1005.4542460291786,6.323973785496641,0.0,NNW,2.718146941032064,Aotizhongxin
4258,2013,8,25,9,119.11971574078123,156.89817467207814,17.977089249035792,64.5593354167973,2281.1641226404545,50.24972736361209,19.059704360233138,1009.1101820107696,10.893364864374728,0.0,NNW,2.1146587159689063,Aotizhongxin
4259,2013,8,25,10,,134.99765018109855,13.754009725712118,53.38045460653331,2125.5565737145876,54.24671535607662,16.559885506286683,1011.8025077479101,8.718513774310358,0.0,NNW,2.291836214806682,Aotizhongxin
4260,2013,8,25,11,,146.7645510430368,18.650542995001334,41.15634692535845,1883.759151947599,43.427264581915644,19.625084613107646,1008.7243991567661,10.980695194622891,0.0,NNW,2.1408255136400944,Aotizhongxin
4261,2013,8,25,12,97.97913847013112,138.91026594231167,13.044143537929843,55.44621262630017,1792.3432489917259,74.46686169487302,21.06889921241593,1009.1664267057683,17.00547056311395,0.0,NNW,2.3518018306156048,Aotizhongxin
4262,2013,8,25,13,89.06739017410241,118.51259582274167,13.405821197663387,47.895550913402765,1583.3426289760785,54.838077840060116,22.81542945955301,1010.7618905582103,14.652133731651805,0.0,NNW,1.984574392198215,Aotizhongxin
4263,2013,8,25,14,84.87002107712246,102.62629894281278,16.940549230645594,33.071566283248295,1427.4194047444767,83.4223944190075,25.882919792968718,1015.2899427231528,16.977293294116436,0.0,NNW,3.6929428286034005,Aotizhongxin
4264,2013,8,25,15,77.4897831124919,114.78309150157604,12.990756087215178,33.04935027171976,1320.1384018367457,72.17622054617969,26.073823689454102,1012.9863263599494,16.942817358481133,0.0,NNW,2.462275622693948,Aotizhongxin
4265,2013,8,25,16,72.48291986043554,98.81688706265425,5.785110837932284,37.60700542338968,1268.3664741943137,83.28989462894468,24.650463007908716,1016.0594069376581,17.153488048329436,0.0,NNW,2.157911577413981,Aotizhongxin
4266,2013,8,25,17,71.46014800263383,105.6129544273688,4.861840159497243,32.4522948838668,1187.5015631470314,86.40802025826976,25.19969891574806,1019.5721719240518,19.331231979859872,0.0,NNW,1.4095004093403718,Aotizhongxin
4267,2013,8,25,18,71.60151102166591,118.88260073444985,9.807068649642261,13.29518999000241,1245.3475843800484,86.97707440708795,23.261232755106942,1016.8973837511827,16.891672012955162,0.0,NNW,1.726165869788916,Aotizhongxin
4268,2013,8,25,19,64.64160911118692,69.64160911118692,6.532149023930243,27.630443646137223,1169.051569347882,90.89313764157241,19.75649872096068,1015.2740035551237,10.622010639611622,0.0,NNW,3.2080962800127493,Aotizhongxin
4269,2013,8,25,20,63.15364682594824,81.41909746930389,,26.338439720404317,1191.7535537890915,85.56523007394628,15.2873933383339,1016.580946364349,6.1159783164131705,0.0,NNW,0.2,Aotizhongxin
4270,2013,8,25,21,71.63884544304824,98.2006274871484,11.5912552889622,39.761869969378495,1209.8217235974867,85.51416082836907,16.244674511923506,1015.3981881977961,10.114077275345807,0.0,NNW,2.0454391779414935,Aotizhongxin
4271,2013,8,25,22,77.32350252303847,122.80116527372036,12.996154307071587,43.24834191026128,1404.3300936765436,77.14619960345136,12.666306480477754,1015.4053152776065,7.818378540879317,0.0,NNW,1.9800616971827643,Aotizhongxin
4272,2013,8,25,23,82.46400595887714,99.08557815036313,11.585675229560334,50.37248172337392,1502.9658091082986,53.82592353830461,10.033335195550892,1016.5323843331503,1.8158314340642594,0.0,NNW,2.400067853787887,Aotizhongxin
4273,2013,8,26,0,84.7942812509229,138.0706040080981,20.22415096586012,36.05684529023834,1669.204106026188,62.69799074557988,7.229860158119951,1012.793537717674,1.0397952706673754,0.0,NNW,2.212172330594044,Aotizhongxin
4274,2013,8,26,1,88.23990731889513,124.89442926211609,24.821876409543982,43.9034886296005,1774.7830703960115,47.89082484738365,7.456719385830087,1014.7734697980192,-2.742412772613935,0.0,NNW,3.212648844219707,Aotizhongxin
4275,2013,8,26,2,187.3881414059717,261.38339135102177,16.664245828729857,63.91265948908351,2680.224883594877,36.407375220927165,5.863486115752068,1010.4106038069551,-3.401800635707149,0.119759539519503,NNW,2.078564916543246,Aotizhongxin
4276,2013,8,26,3,193.196221966762,268.49411312127773,19.59465165117774,54.408969100991385,2881.470624827408,39.42393154356331,4.644757935796555,1006.9298035086512,-4.8696394280908155,0.0,NNW,1.948713416898717,Aotizhongxin
4277,2013,8,26,4,195.57003032237455,269.4354121295241,19.62237904811513,50.14904422837431,2934.7329005430634,40.18172089573994,3.5025599162809495,1012.246478969535,-3.8791193909972446,0.0,NNW,2.761432604815629,Aotizhongxin
4278,2013,8,26,5,194.70069143357216,283.0621355996925,19.050568541122136,68.57928842669388,2994.331583433286,38.34860462265114,7.941639614975729,1006.9207348338642,-0.32682441808220897,0.0,NNW,3.2262649131409766,Aotizhongxin
4279,2013,8,26,6,195.4504229442283,262.94538458109525,17.50378859680161,60.622252477872216,2883.569228103027,45.56024745140268,8.83629002286834,1004.890215536218,1.1934289898853363,0.0,NNW,2.549477555307693,Aotizhongxin
4280,2013,8,26,7,195.88408025631134,277.6918541752744,16.57472516900391,78.63684268824856,2956.3417073969013,48.92494553248907,10.383104349918394,1011.8178281958145,4.21177833319384,0.0,NNW,2.8092350009363702,Aotizhongxin
4281,2013,8,26,8,101.25985931001222,137.92198637694733,15.92333522234562,64.68998450759649,2204.8242850637034,41.71217321296259,8.426648556303796,1006.2036392087168,-0.5531007194139058,0.0,NNW,1.8260766141548683,Aotizhongxin
4282,2013,8,26,9,190.44476695382264,259.00133925021066,19.751253982580174,60.42420991686428,2881.715643849558,47.493394240430405,14.94315861432591,1006.9196872299955,7.084148274245211,0.0,NNW,2.1003238449113075,Aotizhongxin
4283,2013,8,26,10,188.8690876914283,290.27647452483853,15.940976565389095,52.04604886707394,2633.5482820468014,48.45309033175655,17.226384895811712,1008.3970589839112,7.219486567199851,0.0,NNW,3.188585658879712,Aotizhongxin
4284,2013,8,26,11,85.5260652885642,123.92699875152448,8.559216675091015,62.90306357346619,1770.1619585414635,61.20177850893282,19.072256472418488,1011.0351576011318,12.817935046031277,0.0,NNW,2.4213691682065828,Aotizhongxin
4285,2013,8,26,12,174.64512297798177,250.6358276157859,16.334574661794967,47.86843567911857,2448.8723175240925,64.86988138837064,23.202420729711903,1013.8617227948978,16.847041300206705,0.0,NNW,1.8063760993897475,Aotizhongxin
4286,2013,8,26,13,67.69349544325028,106.14866142723702,13.591120927094927,36.55562295269993,1428.4064298644219,65.92559518898499,24.732544089095303,1007.9965119981363,17.275376310244493,0.0,NNW,2.0260404438299,Aotizhongxin
4287,2013,8,26,14,158.62753379897543,207.86504786538012,16.54001900420344,28.647330347156434,2023.4993866833172,94.019825670043,25.31449533867926,1016.353000970623,17.494399491947327,0.0,NNW,2.82972103224364,Aotizhongxin
4288,2013,8,26,15,153.15708468505397,,12.583833285340292,30.270079939755313,1864.9140060810125,72.21583589524549,26.556836372151615,1014.4264647012735,17.793114470306836,0.0,NNW,2.900981608259319,Aotizhongxin
4289,2013,8,26,16,54.42605006073544,59.42605006073544,6.233852192146916,19.858317227072785,1041.5631622389496,96.19520466169433,23.125810491839918,1015.5043381326019,13.032486699789704,0.0,NNW,1.326295086704181,Aotizhongxin
4290,2013,8,26,17,53.85146231612178,67.70438314218528,3.481340946364716,33.91250300765019,959.9962845851607,70.60521639395733,22.97977295269043,1020.260012753288,15.43808586458219,0.0,NNW,2.2900730200374966,Aotizhongxin
4291,2013,8,26,18,54.863670597727605,72.21882210502964,7.841582846986188,10.533263567806127,1041.8323876235222,93.13616536451455,22.183256206644185,1017.426616319738,15.317557422635815,0.0,NNW,1.9937257259573509,Aotizhongxin
4292,2013,8,26,19,54.16465852923697,81.64775559063682,8.2950486064737,24.565371247554065,1091.7624470072017,98.51382917449509,19.066996971158126,1017.7250318271756,14.096054387737993,0.0,NNW,1.9475713215170334,Aotizhongxin
4293,2013,8,26,20,51.22544454467851,73.90280502396479,13.499350584078307,32.5605602850147,1000.3446568982225,62.578444384531764,18.678944283580524,1016.2330067892831,10.088620009959453,0.0,NNW,3.0642463603445727,Aotizhongxin
4294,2013,8,26,21,55.159130380453604,75.5546351256511,11.437853297198542,33.5948197371463,1171.3168176295624,79.06717526021463,14.21669872780246,1017.0628190736975,6.621971155118143,0.0,NNW,1.8099694880848594,Aotizhongxin
4295,2013,8,26,22,66.19876643550568,92.5582995634307,15.901065494295525,29.26173621587464,1371.8536829563386,79.65414041244046,14.359364555644925,1017.7360211459097,8.030970880246842,0.0,NNW,1.5395383173799027,Aotizhongxin
4296,2013,8,26,23,67.32552365607144,84.47550288327432,9.731405607379488,45.10568875160196,1434.9411548651453,68.99011216884371,8.603260897374719,1008.3439646593665,2.3200602156659462,0.8415493301003019,NNW,1.3480069565051886,Aotizhongxin
4297,2013,8,27,0,170.8697375364403,224.24530860617466,17.895793153141344,37.91168489291274,2286.42318554566,63.781559356069636,11.12690766238545,1014.1692359814725,2.193201227217129,0.0,NNW,1.8603624550354843,Aotizhongxin
4298,2013,8,27,1,179.1393798344522,258.06024799159366,18.45706268580536,49.99730365007593,2555.953234449751,54.891755496203615,9.383691995559246,1013.7999709022381,0.9649529056711709,0.0,NNW,1.4118029849774758,Aotizhongxin
4299,2013,8,27,2,182.43618934198753,262.3477262041444,11.445297665706411,60.214732575842845,2656.7571674976766,36.55752173638408,5.1986120176363,1010.5021264958012,-3.5891139615031475,0.0,NNW,1.308174589968758,Aotizhongxin
4300,2013,8,27,3,185.4792989891231,275.5159623363429,22.503387429715055,62.845437859675854,2758.851871957561,66.00278639189074,6.719255676388623,1007.1097412486575,-2.6335111764143075,0.0,NNW,1.2880238994663245,Aotizhongxin
4301,2013,8,27,4,188.5524633401471,256.07327770805387,19.61050249422125,56.92019598433303,2827.488005946929,33.31398627223105,4.7400996463464065,1005.3653280852774,-1.0523962341187239,0.0,NNW,1.3355658367145606,Aotizhongxin
4302,2013,8,27,5,186.08700639852543,267.4499610609448,21.005762643050858,73.89847265829627,,40.19346673056235,7.859675709502632,1011.8940622423812,-0.04625357702299415,0.0,NNW,1.3913340887861274,Aotizhongxin
4303,2013,8,27,6,183.2127442249879,253.66077463133573,17.40531166271473,65.69355657188427,2891.192849222251,28.531603229145727,7.664964690949368,1005.1900326267543,-0.44640350314849736,0.0,NNW,2.319242177326833,Aotizhongxin
4304,2013,8,27,7,185.00423068080914,270.9106728050676,23.655370170211256,70.26247981329458,2985.936582678893,13.093222442566308,8.071840152237273,1010.2056540106671,0.443402395976333,0.0,NNW,0.43201398191428964,Aotizhongxin
4305,2013,8,27,8,,257.7084621942264,15.772570031205586,74.55331612907476,2766.248675947107,29.104236167899344,7.112582267456444,1008.4508956300293,-0.8067747847803333,0.0,NNW,1.438597401613181,Aotizhongxin
4306,2013,8,27,9,165.61869166083034,233.97826231740703,21.031809961054577,68.0823000139278,2683.3493037618955,27.846263547584932,14.596929830894084,1012.5561277060968,6.265463770029574,0.0,NNW,1.919896074113414,Aotizhongxin
4307,2013,8,27,10,156.88538830709834,216.2442420632778,19.961822427726013,63.96103525064835,2472.97086062813,58.41567539224489,18.006784214053145,1008.8634796713802,8.864448209352926,0.0,NNW,2.9188996961425113,Aotizhongxin
4308,2013,8,27,11,152.57778167021337,223.2182161243813,13.37159294099594,51.717820340846195,2319.173455020328,47.460843711992425,21.995474639054326,1007.4907429272537,16.343395326199722,0.0,NNW,1.803258368738733,Aotizhongxin
4309,2013,8,27,12,144.02552308515018,208.1047775517759,20.950120798267722,51.351480967284076,2159.631561066766,54.85908660820037,22.12600536009256,1012.0043416943919,13.270596965750746,0.0,NNW,1.8773413056938608,Aotizhongxin
4310,2013,8,27,13,134.4026274196121,181.3192743665951,14.400490215139953,41.53239169446411,1910.606582831263,55.827169001525654,25.164619239920768,1010.3211999497117,15.768851140159526,0.0,NNW,1.929642636817504,Aotizhongxin
4311,2013,8,27,14,127.34463396275012,165.00450081305587,14.461677830813073,25.3254042577727,1834.050085239603,73.44035398715103,23.97834594205839,1019.8541210624152,15.857512465678344,0.0,NNW,0.5410498769778189,Aotizhongxin
4312,2013,8,27,15,114.1486007957151,156.92271210718317,6.883103708059997,33.279814716309396,1530.7428406500335,70.51308436605086,24.494081545702834,1016.7945303540945,19.73035437185729,0.0,NNW,2.527274480739945,Aotizhongxin
4313,2013,8,27,16,111.35986473287849,171.05794877951195,17.0230629901035,29.730379794218955,1501.3354384548259,91.57418240707885,26.24031178668356,1017.8863879176312,17.007951830165947,0.0,NNW,2.4939372561690996,Aotizhongxin
4314,2013,8,27,17,109.89659218335417,165.3201006440262,6.49670004787939,30.351318366393187,1498.2945616078966,87.16853888811832,19.96324231084048,1018.3871696974975,13.027665138933417,0.17361789178262074,NNW,2.6515969274293383,Aotizhongxin
4315,2013,8,27,18,107.23713307564333,139.00871160919485,13.074659298297792,23.976024198292837,1517.5961782640888,79.28174214275552,22.09054355521985,1015.6128206387533,13.721046147844522,0.0,NNW,4.004678442422632,Aotizhongxin
4316,2013,8,27,19,112.28305633415694,145.51870470882048,7.186055714759572,19.589839020107824,1583.425340007548,92.65047617559689,19.400057975666204,1016.5655681464112,11.767268847856663,0.0,NNW,0.9611827176102321,Aotizhongxin
4317,2013,8,27,20,110.77008461348368,167.82495695567198,8.812906572534759,32.931540589713045,1527.9231864120472,81.73004032484334,19.629107258303634,1016.5508562816417,13.012378585746003,0.0,NNW,0.8095786683154611,Aotizhongxin
4318,2013,8,27,21,120.04927926443469,156.71263192263027,13.830728225723604,20.351686078251063,1685.3373876173805,77.8926385865632,14.207630557530273,1019.4233108327717,3.6280973452407848,0.0,NNW,2.5646938516791904,Aotizhongxin
4319,2013,8,27,22,126.88045736241212,182.72559354379703,15.582658141025469,46.67055308685175,1864.261782378398,57.873650962680756,13.186687003329935,1012.1858164028354,3.8421753401420595,0.0,NNW,1.7300087190514462,Aotizhongxin
4320,2013,8,27,23,132.7696756498238,179.71683375639006,9.892052027145086,37.972274608309625,1892.1551085479357,65.75961479970991,11.382275454002045,1011.836927446003,4.744294646392623,0.0,NNW,1.2114973971704477,Aotizhongxin
